year,selling_price,km_driven,fuel,transmission,owner,engine,max_power
2014,45000.0,145500,1,2,0,1248.0,74.0
2014,37000.0,120000,1,2,1,1498.0,103.52
2006,15800.0,140000,2,2,2,1497.0,78.0
2010,22500.0,127000,1,2,0,1396.0,90.0
2007,13000.0,120000,2,2,0,1298.0,88.2
2017,44000.0,45000,2,2,0,1197.0,81.86
2007,9600.0,175000,4,2,0,1061.0,57.5
2011,35000.0,90000,1,2,0,1364.0,67.1
2013,20000.0,169000,1,2,0,1399.0,68.1
2014,50000.0,68000,1,2,1,1461.0,108.45
2009,28000.0,140000,1,2,1,1248.0,73.9
2007,20000.0,80000,2,2,1,1458.625015808777,91.51791898382203
2009,18000.0,90000,2,2,1,1061.0,67.0
2016,40000.0,40000,2,2,0,1198.0,82.0
2016,77800.0,70000,1,2,1,1248.0,88.5
2012,50000.0,53000,1,2,1,1396.0,90.0
2016,68000.0,100000,1,2,0,1396.0,88.73
2011,17400.0,100000,1,2,1,1461.0,64.1
2017,95000.0,50000,1,2,0,1498.0,98.6
2015,52500.0,40000,1,2,0,1248.0,74.0
2012,60000.0,72000,1,2,0,1248.0,88.8
2018,50000.0,35000,2,2,0,1199.0,83.81
2016,57500.0,45000,2,2,0,1197.0,83.1
2017,27500.0,28000,2,2,0,796.0,47.3
2013,30000.0,70000,1,2,0,1248.0,73.8
2009,22000.0,120000,2,2,0,1061.0,67.0
2018,25499.9,25000,2,2,0,796.0,34.2
2017,67000.0,70000,1,2,0,1248.0,88.5
2012,15000.0,35000,2,2,1,796.0,35.0
2018,73000.0,2388,2,2,0,1197.0,81.83
2017,65000.0,16200,1,2,0,1248.0,88.5
2019,33000.0,10000,3,2,1,796.0,40.3
2019,36600.0,15000,2,2,0,998.0,67.1
2016,15000.0,42000,2,2,0,1198.0,67.0
2011,42500.0,60000,1,2,1,2179.0,138.03
2012,15000.0,76000,2,2,0,796.0,37.0
2018,92500.0,28900,2,2,0,1497.0,117.3
2013,42500.0,86300,2,2,0,1497.0,116.3
2018,67500.0,23300,2,1,0,1197.0,83.14
2018,81999.9,32600,1,2,0,1248.0,88.5
2018,39000.0,10300,2,2,0,998.0,67.05
2013,70000.0,99000,1,2,0,2494.0,100.0
2015,42500.0,49800,1,2,0,1498.0,98.63
2015,60000.0,54700,1,2,0,1498.0,98.6
2018,85000.0,64000,2,2,0,1462.0,103.25
2015,52500.0,63000,1,2,0,1498.0,98.6
2016,95000.0,99000,1,2,0,2494.0,100.6
2011,26500.0,120000,1,2,0,1248.0,88.8
2011,19000.0,110000,2,2,2,1197.0,78.9
2013,42500.0,60000,1,2,0,1396.0,88.76
2015,63000.0,147000,1,2,1,1248.0,74.0
2017,60000.0,25000,2,2,2,1196.0,86.8
2019,65000.0,30000,2,2,0,1197.0,83.1
2016,54000.0,40000,1,2,0,1498.0,108.495
2015,63000.0,135000,1,2,0,1498.0,98.6
2018,44800.0,30000,2,1,0,998.0,67.0
2017,50000.0,80000,1,2,0,1498.0,108.62
2016,74500.0,70000,1,2,0,1248.0,88.5
2011,23500.0,60000,2,2,1,1197.0,78.9
2016,63000.0,70000,1,2,0,1248.0,74.0
2013,45000.0,120000,1,2,1,1248.0,74.0
2012,45000.0,120000,2,2,1,1373.0,93.7
2013,45000.0,170000,1,2,0,1598.0,103.6
2015,61000.0,90000,1,2,0,1498.0,98.59
2017,48499.9,10000,2,2,0,998.0,67.04
2016,27500.0,49000,2,2,0,1198.0,67.05
2016,31500.0,32000,2,2,0,796.0,47.3
2016,27500.0,38000,2,2,0,796.0,47.3
2015,47500.0,78000,1,2,0,1458.625015808777,91.51791898382203
2012,29000.0,28000,2,2,0,1086.0,68.05
2017,28000.0,32000,2,2,0,796.0,35.0
2010,22500.0,44000,4,2,0,998.0,58.2
2015,45500.0,42000,2,2,0,1198.0,74.0
2015,35100.0,45000,2,2,1,1086.0,68.05
2012,53500.0,12000,2,2,1,1598.0,103.6
2009,17500.0,55500,2,2,0,998.0,67.1
2013,52500.0,61500,2,2,0,1197.0,82.85
2016,60000.0,150000,1,2,0,1248.0,74.0
2016,56500.0,72000,2,1,0,1197.0,82.0
2008,12000.0,68000,2,2,2,796.0,46.3
2017,72500.0,110000,1,2,0,1396.0,88.73
2009,18500.0,77000,2,2,1,998.0,67.05
2010,20000.0,100000,1,2,1,1248.0,90.0
2019,61500.0,10000,2,2,0,1197.0,81.8
2016,27000.0,100000,2,2,2,1196.0,73.0
2018,61000.0,35000,2,2,0,1197.0,83.1
2014,62500.0,70000,1,1,1,2179.0,120.0
2020,40000.0,5000,2,2,1,1194.0,94.68
2017,86600.0,37800,2,2,0,1591.0,121.3
2010,30000.0,48000,2,2,0,1172.0,65.0
2016,37500.0,100000,1,2,0,1405.0,69.01
2013,52200.0,150000,1,2,1,1582.0,126.32
2013,45199.9,69000,1,2,0,1396.0,88.76
2009,30000.0,100000,2,2,1,1798.0,138.1
2020,47500.0,13000,2,2,0,998.0,67.04
2016,78000.0,60000,1,2,0,1248.0,88.5
2017,59500.0,40000,2,2,0,1197.0,83.14
2017,44000.0,35000,2,2,0,998.0,67.04
2010,30000.0,120000,1,2,1,1458.625015808777,91.51791898382203
2014,40000.0,70000,1,2,2,1461.0,83.8
2017,85000.0,76139,1,2,0,1498.0,98.96
2012,37000.0,175000,1,2,2,1248.0,73.9
2018,35000.0,25000,2,2,0,999.0,67.0
2015,36000.0,40000,2,2,1,998.0,67.04
2008,10500.0,65000,2,2,2,796.0,46.3
2013,62500.0,90000,1,2,1,1248.0,88.76
2009,13500.0,80000,2,2,1,1086.0,62.1
2015,70000.0,110000,1,2,1,1248.0,88.76
2019,69000.0,1303,2,2,0,1198.0,86.7
2017,79500.0,41000,2,1,0,1497.0,117.6
2013,62500.0,39000,2,1,0,1798.0,138.03
2015,53500.0,40000,1,2,0,1248.0,88.5
2016,80500.0,49900,2,2,0,1797.0,147.5
2018,81100.0,11000,2,2,0,1198.0,108.5
2011,37500.0,49000,2,2,0,1598.0,103.6
2012,55000.0,95000,2,2,0,1797.0,147.5
2016,64500.0,11000,2,1,0,1598.0,103.5
2014,59900.0,46100,2,2,0,1373.0,93.7
2017,87500.0,18000,2,1,0,1497.0,116.3
2019,89499.9,9654,2,1,0,1197.0,81.8
2011,17500.0,11000,2,2,0,998.0,67.05
2012,34000.0,24300,2,2,0,1197.0,81.8
2018,102500.0,8000,1,1,0,1497.0,108.5
2016,85000.0,20000,2,2,0,1373.0,91.1
2011,30000.0,100000,1,2,1,1598.0,103.6
2018,57500.0,9500,2,2,0,1196.0,86.8
2011,16000.0,120000,1,2,0,1399.0,68.0
2015,51500.0,36600,2,2,0,1197.0,81.8
2015,39000.0,50000,2,1,1,998.0,67.0
2016,55000.0,14000,2,2,1,1197.0,81.83
2010,22000.0,120000,1,2,0,1248.0,73.9
2015,42500.0,70000,2,2,0,1197.0,82.0
2019,48000.0,13000,2,2,0,999.0,75.0
2014,40000.0,60000,2,2,1,1197.0,82.0
2014,48700.0,35000,2,2,0,1197.0,85.8
2016,38600.0,44000,2,2,1,1197.0,82.0
2010,30000.0,60000,1,2,0,1364.0,87.2
2016,45000.0,15000,2,2,1,1198.0,82.0
2017,49000.0,90000,1,2,0,1248.0,74.0
2009,34500.0,47000,2,2,1,1497.0,118.0
2010,21500.0,120600,2,2,1,998.0,67.1
2010,32000.0,100000,2,2,2,1599.0,103.2
2016,45999.9,60000,2,2,1,1197.0,83.14
2020,72000.0,5000,2,2,0,1197.0,81.86
2017,80000.0,37000,1,2,0,1248.0,88.5
2019,52000.0,14000,2,2,0,1199.0,84.0
2015,58000.0,70000,1,2,0,1248.0,88.76
2012,23500.0,120000,1,2,0,1458.625015808777,91.51791898382203
2015,60000.0,50000,2,2,0,1497.0,117.3
2014,29000.0,60000,2,2,1,1198.0,86.8
2016,36000.0,50000,3,2,0,998.0,58.16
2017,55000.0,50000,2,2,0,1197.0,83.14
2013,37500.0,70000,2,2,0,1197.0,82.85
2018,42000.0,35000,2,1,0,998.0,67.0
2017,55000.0,20000,2,2,0,1197.0,81.8
2018,27000.0,20000,2,2,0,796.0,47.3
2018,70000.0,7800,2,1,0,1197.0,81.8
2017,50000.0,20000,2,2,0,1197.0,81.8
2013,32000.0,31377,2,2,1,1197.0,82.85
2018,70000.0,50000,1,2,0,1248.0,74.02
2015,29000.0,60000,2,2,0,998.0,67.04
2012,55000.0,100000,2,1,0,1794.0,138.1
2012,26500.0,60000,2,2,0,1198.0,86.8
2018,83000.0,5000,2,1,0,1197.0,83.1
2017,80000.0,60000,1,2,0,2179.0,147.94
2011,16000.0,25000,2,2,1,796.0,46.3
2018,33500.0,30000,2,2,0,799.0,53.3
2017,32900.0,80000,2,2,1,1198.0,67.0
2017,77500.0,75000,1,2,0,1248.0,88.5
2020,52400.0,32000,2,2,0,1197.0,81.86
2015,24500.0,40000,2,2,0,796.0,47.3
2012,27500.0,93000,2,2,1,1197.0,80.0
2018,52000.0,60000,2,2,0,1193.0,88.7
2008,13000.0,120000,2,2,1,1458.625015808777,91.51791898382203
2014,55000.0,37000,2,2,0,1498.0,97.7
2018,91000.0,15000,2,2,0,1497.0,121.36
2015,30000.0,80000,2,2,0,1198.0,67.04
2016,35000.0,140000,2,2,0,998.0,67.04
2013,30000.0,120000,1,2,1,1493.0,100.0
2010,25000.0,110000,1,2,1,1248.0,73.9
2017,110000.0,37000,1,2,0,1582.0,126.2
2016,27000.0,44000,2,2,0,799.0,53.3
2015,64000.0,80000,1,2,0,1248.0,88.76
2015,65000.0,125000,1,2,0,2179.0,140.0
2017,40999.9,13500,2,2,0,1196.0,73.0
2011,16500.0,75000,2,2,0,1086.0,62.1
2007,8000.0,120000,2,2,1,1495.0,94.0
2012,53500.0,120000,1,2,0,2179.0,140.0
2013,70000.0,70000,1,2,0,2494.0,100.57
2013,55000.0,70000,1,2,0,1248.0,74.0
2019,68000.0,15000,2,1,0,1199.0,88.76
2009,20000.0,53000,2,2,1,1197.0,78.9
2014,50000.0,120000,1,2,1,1248.0,74.0
2016,100000.0,70000,1,2,0,1248.0,88.5
2008,11000.0,120000,2,2,1,1341.0,82.9
2012,32000.0,100000,2,2,1,1197.0,80.0
2015,35000.0,100000,2,2,0,1197.0,83.11
2013,17000.0,162500,1,2,0,1405.0,70.0
2017,80000.0,39000,1,2,0,1396.0,88.73
2017,50000.0,75000,1,2,0,1248.0,74.0
2013,53000.0,92500,1,2,0,1582.0,126.3
2012,36000.0,158000,1,2,0,1248.0,74.0
2012,31000.0,120000,1,2,0,1248.0,73.9
2015,72500.0,50000,1,2,1,1498.0,98.6
2012,34000.0,110000,1,2,0,1248.0,73.9
2017,55000.0,2000,1,2,1,1186.0,73.97
2016,38000.0,70000,1,2,0,1047.0,69.0
2013,35000.0,90000,2,1,1,1498.0,99.6
2019,61000.0,2000,2,2,0,1197.0,81.86
2015,52500.0,20000,2,2,0,1197.0,83.14
2011,48000.0,120000,1,2,0,2494.0,102.0
2017,78000.0,35000,1,2,0,2498.0,105.0
2012,32000.0,193000,1,2,0,1248.0,73.9
2014,37500.0,80000,2,2,0,1197.0,81.8
2019,30000.0,40000,2,2,0,1198.0,67.05
2015,50000.0,70000,1,2,2,1396.0,88.73
2011,40400.0,122358,1,2,0,2179.0,120.0
2015,50000.0,75000,1,2,0,2956.0,69.01
2017,35000.0,120000,1,2,0,1047.0,69.0
2015,38000.0,40000,2,2,0,1193.0,88.7
2008,11499.9,95200,2,2,2,1495.0,94.0
2014,33500.0,33033,2,2,0,1198.0,86.8
2015,46500.0,63063,2,1,0,1197.0,82.0
2012,29000.0,60000,1,2,0,1248.0,88.76
2011,45000.0,80000,1,2,2,2179.0,138.1
2016,22000.0,35000,2,2,0,796.0,34.2
2017,45000.0,35000,2,2,0,1197.0,82.0
2017,45000.0,35000,2,2,0,1197.0,82.0
2013,29000.0,50000,2,1,0,1197.0,78.9
2016,52000.0,20000,2,2,0,1197.0,81.8
2011,26500.0,20000,2,1,0,1197.0,78.9
2012,33000.0,50000,2,2,1,1197.0,85.8
2012,33000.0,50000,2,2,1,1197.0,85.8
2014,50999.9,120000,1,2,0,2523.0,62.1
2014,50000.0,70000,2,2,0,1591.0,121.3
2015,52500.0,50000,2,2,0,1197.0,81.86
2019,67500.0,16500,2,2,0,1197.0,81.8
2010,30000.0,70000,2,2,0,1197.0,80.0
2017,65000.0,25000,1,2,0,1248.0,74.0
2014,40900.0,70000,2,2,1,1197.0,85.8
2015,39500.0,80000,1,2,1,1120.0,70.0
2010,21500.0,70000,2,2,1,1458.625015808777,91.51791898382203
2014,40000.0,70000,2,2,1,1197.0,85.8
2012,12000.0,60000,2,2,2,1199.0,79.4
2018,64500.0,10000,2,1,0,1199.0,84.0
2006,8100.0,80000,2,2,0,796.0,37.0
2013,53500.0,90000,2,2,2,1373.0,93.7
2014,55500.0,80100,1,2,1,1461.0,108.5
2014,72500.0,120000,2,2,0,1497.0,117.3
2016,22999.9,40000,2,2,0,799.0,53.3
2013,80000.0,160000,1,2,1,2494.0,100.6
2017,40999.9,47000,2,2,0,998.0,67.04
2017,40000.0,26000,2,2,0,1199.0,84.0
2018,52000.0,29000,1,2,0,1186.0,73.97
2016,65000.0,50000,2,1,0,1197.0,83.1
2011,32500.0,58000,2,2,2,1298.0,88.2
2012,42000.0,120000,2,1,0,1197.0,85.8
2014,40000.0,50000,2,2,0,1197.0,81.8
2010,25499.9,80000,2,2,2,1197.0,80.0
2017,35100.0,36000,2,2,0,998.0,67.04
2011,18500.0,185000,1,2,2,1248.0,73.9
2011,25000.0,50000,1,2,0,1461.0,63.1
2013,50000.0,50000,2,2,1,1591.0,121.3
2007,8500.0,80000,2,2,1,998.0,67.1
2011,26500.0,90000,1,2,2,1248.0,73.9
2010,13000.0,162000,2,2,1,998.0,66.1
2013,48000.0,110000,1,2,2,1248.0,88.76
2008,17000.0,120000,1,2,2,1248.0,75.0
2011,27500.0,45000,1,2,0,1461.0,63.1
2010,17000.0,90000,1,2,1,1399.0,68.0
2019,109000.0,16500,2,2,0,1197.0,110.0
2017,110000.0,67000,1,1,0,1582.0,126.2
2018,61000.0,52000,2,2,0,1197.0,81.8
2016,33500.0,40000,2,2,0,1198.0,67.0
2015,43499.9,40000,2,2,0,1197.0,82.0
2018,39000.0,13000,2,2,0,799.0,53.26
2012,32500.0,40000,2,2,0,1198.0,86.8
2019,64000.0,10000,2,2,0,1198.0,73.75
2012,45000.0,9000,2,2,0,1498.0,97.7
2013,40000.0,70000,1,2,1,1364.0,67.06
2009,21500.0,60000,2,2,0,1197.0,78.9
2014,57000.0,40000,1,2,0,1461.0,83.8
2008,32500.0,80000,1,2,2,2494.0,102.0
2011,15000.0,50000,2,2,1,1193.0,64.08
2013,69000.0,68000,2,1,0,1797.0,147.5
2012,6400.0,18000,2,2,0,624.0,37.5
2013,25000.0,120000,1,2,0,1461.0,63.1
2016,55000.0,60000,1,2,1,1248.0,74.0
2010,14000.0,70000,2,2,2,1197.0,78.9
2016,30000.0,30000,2,2,0,799.0,53.3
2016,80000.0,70000,2,1,0,1798.0,189.3
2015,50300.0,110000,1,2,0,2179.0,147.94
2013,22500.0,58343,2,2,0,998.0,67.05
2018,74000.0,38817,1,2,0,1248.0,74.0
2016,55000.0,56494,2,2,0,1199.0,88.7
2013,75000.0,79328,1,2,1,2494.0,100.6
2019,65000.0,5621,2,1,0,1197.0,81.8
2017,62500.0,25538,2,2,0,1496.0,88.73
2018,60000.0,69779,2,1,0,1197.0,81.8
2017,45000.0,56290,1,2,0,1186.0,73.97
2019,77900.0,7032,2,1,0,1199.0,88.76
2016,64500.0,11000,2,1,0,1598.0,103.5
2010,15000.0,106000,2,2,2,1197.0,78.9
2012,26500.0,162000,1,2,2,1458.625015808777,91.51791898382203
2015,48000.0,90000,1,2,0,1248.0,74.0
2014,53500.0,70000,1,2,2,1582.0,126.32
2012,30000.0,100000,1,2,1,1248.0,88.8
2016,24000.0,50000,2,2,0,796.0,47.3
2017,75000.0,19000,1,1,0,1248.0,74.02
2020,40999.9,35000,3,2,0,1196.0,61.7
2014,21500.0,80000,2,2,1,998.0,67.05
2010,15000.0,80000,2,2,0,998.0,67.1
2013,21900.0,50000,2,2,1,814.0,55.2
2018,32500.0,100000,2,2,0,1199.0,84.0
2013,26000.0,120000,2,2,1,1196.0,73.0
2015,50300.0,110000,1,2,0,2179.0,147.94
2013,22500.0,58343,2,2,0,998.0,67.05
2018,74000.0,38817,1,2,0,1248.0,74.0
2016,55000.0,56494,2,2,0,1199.0,88.7
2013,75000.0,79328,1,2,1,2494.0,100.6
2019,65000.0,5621,2,1,0,1197.0,81.8
2017,62500.0,25538,2,2,0,1496.0,88.73
2018,60000.0,69779,2,1,0,1197.0,81.8
2017,45000.0,56290,1,2,0,1186.0,73.97
2019,77900.0,7032,2,1,0,1199.0,88.76
2016,64500.0,11000,2,1,0,1598.0,103.5
2019,70000.0,40000,1,1,0,1498.0,78.9
2017,95000.0,45000,1,2,0,1396.0,88.7
2010,16000.0,80000,2,2,1,796.0,46.3
2015,40999.9,135000,1,2,1,1120.0,71.01
2015,84000.0,120000,1,2,1,2494.0,100.6
2013,45000.0,67000,1,2,0,1364.0,67.1
2017,90000.0,50000,1,2,0,1248.0,74.02
2011,25499.9,110000,1,2,1,1461.0,63.1
2009,13000.0,40000,2,2,0,796.0,37.0
2013,53000.0,120000,1,2,1,1248.0,74.0
2015,52000.0,110000,1,2,1,1498.0,88.8
2011,22999.9,170000,1,2,1,1461.0,64.1
2016,60000.0,47000,1,2,0,1248.0,74.0
2015,40999.9,93000,2,2,0,1197.0,81.86
2010,12000.0,70000,2,2,1,796.0,37.0
2014,32000.0,50000,2,2,0,998.0,67.04
2015,29200.0,70000,1,2,0,1399.0,68.05
2012,39000.0,80000,1,2,0,2179.0,138.03
2016,55000.0,44000,2,2,0,1196.0,86.8
2014,38500.0,25000,2,2,0,998.0,67.04
2016,80000.0,25000,2,2,0,1591.0,121.3
2019,67500.0,10000,2,2,0,1197.0,81.8
2018,95000.0,30000,1,2,0,1498.0,98.96
2015,61000.0,50000,1,2,1,1396.0,88.73
2012,52500.0,120000,1,2,0,1396.0,88.73
2019,70000.0,40000,1,1,0,1498.0,78.9
2015,37500.0,80000,1,2,0,2523.0,62.1
2015,58000.0,90000,1,2,0,1461.0,83.8
2015,43499.9,50000,2,2,1,1197.0,83.11
2020,35000.0,2136,2,2,0,999.0,67.0
2015,60000.0,35000,2,2,0,1197.0,81.83
2017,73500.0,70000,1,2,0,1248.0,74.0
2018,105000.0,18000,1,2,0,1461.0,108.45
2016,42000.0,110000,1,2,1,1248.0,73.74
2017,80000.0,60000,1,2,0,1248.0,88.5
2016,60000.0,147000,1,2,1,1248.0,74.0
2011,50000.0,99500,1,2,2,1991.0,147.9
2011,20000.0,110000,1,2,1,1405.0,71.0
2016,37000.0,35000,2,2,0,1198.0,67.04
2010,26000.0,110000,1,2,1,1493.0,110.0
2016,28000.0,100000,1,2,0,1198.0,77.0
2014,61000.0,21000,2,2,0,1373.0,93.7
2013,30000.0,60000,1,2,1,1498.0,90.0
2010,14000.0,40000,1,2,0,1405.0,70.0
2008,22999.9,50000,2,2,0,1086.0,68.05
2010,20000.0,65000,2,2,1,998.0,66.1
2011,20000.0,80000,2,2,0,998.0,67.1
2015,56000.0,119000,1,2,0,1582.0,126.2
2016,75000.0,80000,1,2,0,1248.0,88.5
2017,58500.0,90000,1,2,0,1248.0,74.0
2016,76000.0,20000,2,2,0,1591.0,121.4
2014,43000.0,80000,1,2,1,1248.0,74.0
2020,48000.0,44665,1,2,0,1198.0,77.0
2019,64300.0,10000,1,2,0,1493.0,113.4
2018,50000.0,60000,2,2,0,1197.0,81.86
2016,42500.0,22000,2,2,0,1198.0,86.8
2014,25000.0,25000,2,2,0,796.0,47.3
2016,28500.0,70000,1,2,0,793.0,47.0
2008,16000.0,123000,2,2,2,1298.0,85.8
2011,25000.0,70000,1,2,1,1598.0,103.6
2013,17000.0,70000,2,2,1,1199.0,79.4
2013,40999.9,45000,1,2,0,1364.0,67.06
2015,40000.0,40000,2,1,0,1197.0,82.0
2019,70000.0,30000,1,2,0,1248.0,74.02
2007,35000.0,90000,2,1,0,1799.0,130.0
2016,66000.0,34000,2,2,1,1373.0,91.1
2017,26800.0,25000,2,2,0,796.0,47.3
2016,27000.0,50000,2,2,0,796.0,47.3
2013,30000.0,50000,1,2,0,936.0,57.6
2017,45000.0,90000,2,2,0,1199.0,84.0
2012,22000.0,70000,1,2,1,936.0,57.6
2009,25000.0,146000,1,2,1,2179.0,138.0
2012,30000.0,85000,2,2,1,1196.0,70.0
2016,56100.0,30000,1,2,0,1248.0,74.0
2018,75500.0,15000,1,2,0,1248.0,74.02
2017,23500.0,25000,2,2,0,799.0,53.64
2011,16500.0,90000,2,2,0,998.0,67.1
2008,19000.0,80000,1,2,1,1248.0,73.9
2011,11000.0,50000,1,2,0,1396.0,53.5
2012,32000.0,80000,1,2,1,2523.0,63.0
2010,33000.0,110000,1,2,1,1458.625015808777,91.51791898382203
2016,54000.0,38000,2,2,0,1197.0,81.83
2013,18000.0,60000,2,2,0,814.0,55.2
2016,27000.0,100000,2,2,2,1196.0,73.0
2012,45000.0,30000,2,2,0,1197.0,85.8
2014,45000.0,30000,2,2,0,1197.0,85.8
2015,20000.0,50000,2,2,0,1199.0,76.8
2017,42500.0,42000,2,2,0,1199.0,84.0
2016,40000.0,30000,2,2,0,1199.0,82.4
2009,12500.0,60000,2,2,2,796.0,46.3
2015,90000.0,22000,2,2,0,1497.0,117.3
2012,45000.0,90000,1,2,0,1598.0,103.6
2011,21000.0,46000,2,2,0,998.0,67.1
2018,80100.0,20000,2,2,0,1197.0,81.83
2014,31700.0,15000,1,2,0,1405.0,70.0
2015,60000.0,40000,2,2,1,1373.0,93.7
2014,33000.0,30000,2,2,1,1197.0,82.85
2017,32000.0,15000,2,2,1,814.0,55.2
2010,16000.0,50000,2,2,0,1458.625015808777,91.51791898382203
2007,12000.0,110000,2,2,1,1341.0,83.0
2009,13000.0,70000,2,2,1,796.0,46.3
2015,22000.0,80000,2,2,0,1199.0,82.4
2008,22999.9,50000,1,2,2,1458.625015808777,91.51791898382203
2015,34000.0,110000,2,2,0,1193.0,88.7
2013,20000.0,70000,1,2,1,1399.0,67.0
2010,49500.0,100000,1,2,1,2523.0,63.0
2015,23600.0,60000,2,2,0,796.0,47.3
2015,39000.0,40000,2,2,0,998.0,67.04
2009,27500.0,90000,1,2,1,1248.0,73.9
2015,50300.0,110000,1,2,0,2179.0,147.94
2017,77500.0,32000,1,2,0,1248.0,88.5
2016,85000.0,58000,1,2,0,1582.0,126.2
2018,75000.0,5000,1,2,0,1248.0,88.5
2018,57000.0,25000,2,2,0,1197.0,81.83
2018,58000.0,32000,2,2,0,1197.0,81.86
2016,48499.9,30000,2,2,0,1199.0,88.7
2017,70000.0,43000,2,2,0,1497.0,117.3
2012,41500.0,60000,2,2,0,1497.0,113.42
2015,32500.0,50000,2,1,0,1198.0,76.0
2018,55000.0,14200,2,2,0,1196.0,86.8
2017,30000.0,10000,2,2,0,814.0,55.2
2018,21700.0,25000,2,2,0,799.0,53.64
2018,70000.0,19100,2,2,0,1194.0,94.68
2019,46600.0,25000,2,1,2,1086.0,68.0
2014,48499.9,54000,1,2,0,1498.0,98.96
2018,67000.0,35000,1,2,0,1461.0,84.8
2018,50000.0,20000,2,2,1,1197.0,81.86
2016,67500.0,52000,1,2,0,1248.0,88.5
2011,22000.0,120000,1,2,1,1396.0,90.0
2013,63000.0,120000,1,2,1,1248.0,88.8
2010,25000.0,90000,1,2,1,1248.0,90.0
2015,30000.0,101500,1,2,1,1498.0,103.52
2013,52500.0,75000,1,1,0,1582.0,126.3
2011,20499.9,97500,2,2,0,1458.625015808777,0.0
2011,20499.9,97500,2,2,0,1458.625015808777,0.0
2012,48000.0,55735,1,2,1,1461.0,108.45
2014,60500.0,80000,1,2,1,2179.0,140.0
2016,25000.0,50000,2,2,1,796.0,47.3
2013,24500.0,70000,1,2,1,1399.0,68.1
2012,21000.0,76000,2,2,2,1197.0,78.9
2020,73000.0,1500,2,2,0,1197.0,81.8
2012,50000.0,76000,1,2,0,2523.0,62.1
2015,40000.0,40000,2,2,0,998.0,67.04
2015,28000.0,60000,2,2,1,814.0,55.2
2016,37500.0,53319,1,2,0,936.0,56.3
2017,70000.0,40906,1,2,0,1498.0,108.62
2012,37500.0,31711,2,2,1,1496.0,88.7
2012,27000.0,43755,2,2,1,814.0,55.2
2016,30000.0,66693,2,2,0,799.0,53.3
2010,22500.0,59549,2,2,0,998.0,67.1
2010,20000.0,73730,2,2,0,998.0,67.1
2013,50000.0,116104,1,2,0,1498.0,98.6
2015,50000.0,150546,2,2,0,1197.0,81.8
2015,55500.0,20000,2,2,1,1499.0,110.0
2018,58000.0,30000,2,1,0,1197.0,81.86
2011,33700.0,142000,1,2,2,2179.0,138.1
2011,17500.0,20000,1,2,0,1948.0,68.0
2009,18000.0,120000,1,2,1,1248.0,90.0
2011,20000.0,80000,2,2,0,1086.0,68.05
2016,26000.0,60000,1,2,0,1405.0,69.01
2016,35000.0,25000,2,2,0,999.0,67.0
2011,40999.9,50000,1,2,1,2523.0,63.0
2017,65500.0,126000,1,2,0,1493.0,100.0
2015,37000.0,170000,1,2,0,1248.0,74.0
2013,20000.0,24000,2,2,0,796.0,47.3
2017,80000.0,100000,1,2,1,1248.0,88.5
2019,55000.0,10000,2,2,0,1199.0,83.81
2012,30000.0,70000,1,2,1,1399.0,68.0
2017,22000.0,40000,2,2,0,796.0,34.2
2011,19600.0,110000,2,2,0,998.0,67.1
2008,13500.0,80000,2,2,1,1086.0,68.05
2015,29900.0,16500,2,2,0,1193.0,88.7
2017,30000.0,30000,2,2,0,998.0,67.05
2017,72000.0,80000,1,2,0,1248.0,88.5
2016,65000.0,50000,1,2,2,2179.0,147.94
2016,30000.0,25000,2,2,0,998.0,67.05
2019,75000.0,20000,1,2,0,1186.0,73.97
2016,26000.0,60000,2,2,0,799.0,53.3
2011,30000.0,70000,1,2,1,1248.0,74.0
2014,60000.0,50000,1,2,1,2523.0,62.1
2015,25000.0,52000,2,2,0,998.0,67.05
2014,42000.0,80000,1,2,0,1248.0,74.0
2015,23500.0,50000,2,2,0,814.0,55.2
2019,36000.0,25000,2,2,0,998.0,67.05
2014,38000.0,50000,1,2,1,1120.0,70.0
2016,65000.0,125000,1,2,0,1498.0,98.59
2016,35000.0,80000,2,2,0,998.0,67.04
2017,70000.0,70000,1,2,0,2523.0,63.0
2010,27000.0,90000,1,2,2,1396.0,90.0
2017,45000.0,50000,1,2,0,1248.0,74.0
2016,63000.0,101000,1,2,0,2498.0,105.0
2010,22999.9,168000,1,2,0,2498.0,112.0
2010,22999.9,168000,1,2,0,2498.0,112.0
2011,27000.0,40000,2,2,0,998.0,67.1
2009,13500.0,28900,2,2,1,1172.0,65.0
2012,27500.0,20000,2,2,0,998.0,67.1
2015,50300.0,110000,1,2,0,2179.0,147.94
2013,22500.0,58343,2,2,0,998.0,67.05
2018,74000.0,38817,1,2,0,1248.0,74.0
2016,55000.0,56494,2,2,0,1199.0,88.7
2013,75000.0,79328,1,2,1,2494.0,100.6
2019,65000.0,5621,2,1,0,1197.0,81.8
2017,62500.0,25538,2,2,0,1496.0,88.73
2018,60000.0,69779,2,1,0,1197.0,81.8
2017,45000.0,56290,1,2,0,1186.0,73.97
2019,77900.0,7032,2,1,0,1199.0,88.76
2016,64500.0,11000,2,1,0,1598.0,103.5
2015,63400.0,165000,1,2,0,1493.0,100.0
2012,23500.0,98500,2,2,1,998.0,66.1
2008,27500.0,98000,2,2,2,1197.0,78.9
2014,70000.0,40000,1,2,1,2498.0,105.0
2013,40000.0,90000,1,2,0,1248.0,92.0
2012,21500.0,90000,2,2,2,796.0,46.3
2009,15000.0,110000,1,2,1,1493.0,110.0
2018,95000.0,77800,1,2,0,1248.0,88.5
2015,73000.0,100000,1,2,0,1493.0,100.0
2012,13500.0,120000,1,2,1,1405.0,71.0
2016,35000.0,80000,2,2,1,1197.0,82.0
2018,53500.0,21000,2,2,1,1198.0,82.0
2018,45500.0,100000,2,2,1,1197.0,85.8
2019,65500.0,25000,2,2,0,1197.0,81.8
2019,80000.0,30000,1,2,2,1498.0,98.96
2018,34000.0,51492,2,2,0,1198.0,82.0
2011,30000.0,72000,1,2,1,1598.0,103.6
2016,37000.0,60000,2,2,0,1196.0,86.8
2013,33000.0,136000,1,2,1,2523.0,62.1
2014,23800.0,60000,2,2,0,1086.0,62.1
2006,7200.0,110000,2,2,1,1458.625015808777,91.51791898382203
2013,20000.0,90000,2,2,0,1086.0,62.1
2014,32000.0,91000,1,2,2,1461.0,84.8
2009,11499.9,90000,2,2,2,1086.0,62.1
2015,32000.0,50000,2,2,1,998.0,67.04
2010,21000.0,20000,2,2,0,1086.0,68.05
2011,20000.0,120000,1,2,0,2489.0,95.0
2009,13500.0,150000,2,2,1,1061.0,67.0
2015,35000.0,52000,1,2,0,1405.0,69.01
2014,35000.0,167000,1,2,1,2523.0,63.0
2017,68000.0,40000,1,2,0,1248.0,74.02
2010,20000.0,190000,1,2,1,1248.0,75.0
2016,30000.0,50000,2,2,0,999.0,67.0
2011,27000.0,70000,1,2,1,2498.0,112.0
2012,22500.0,80000,2,2,1,998.0,67.1
2008,25000.0,120000,1,2,0,2523.0,63.0
2015,59000.0,40000,1,2,1,1493.0,100.0
2015,29000.0,17000,2,2,0,814.0,55.2
2010,10000.0,180000,2,2,1,998.0,67.1
2016,39500.0,50000,2,2,0,998.0,67.04
2014,19500.0,65000,2,2,1,814.0,55.2
2011,4500.0,10000,2,2,2,624.0,35.0
2009,27000.0,70000,1,2,1,2523.0,63.0
2014,60000.0,90000,1,2,1,2499.0,72.4
2015,71500.0,50000,1,2,0,1396.0,88.73
2019,60000.0,10000,2,2,0,1197.0,81.86
2019,87500.0,25000,1,2,0,1493.0,100.0
2011,42000.0,100000,1,2,1,2179.0,115.0
2007,32500.0,70000,2,1,1,2354.0,152.0
2017,38500.0,30000,2,2,0,1198.0,67.06
2016,30000.0,40000,2,2,0,1198.0,82.0
2012,33500.0,135000,1,2,0,1396.0,88.76
2014,30000.0,35000,2,2,0,998.0,67.04
2012,40000.0,120000,1,2,0,2523.0,62.1
2012,16800.0,190000,1,2,1,1396.0,69.0
2016,55000.0,120000,1,2,0,2523.0,62.1
2012,30000.0,120000,1,2,1,1458.625015808777,91.51791898382203
2011,32000.0,175000,1,2,2,2523.0,63.0
2011,32000.0,175000,1,2,2,2523.0,63.0
2011,35000.0,25000,2,2,1,1498.0,97.7
2013,28000.0,80000,1,2,0,1248.0,88.76
2017,55000.0,70000,1,2,1,1120.0,71.0
2018,50000.0,10000,2,2,0,1197.0,81.86
2019,70000.0,6000,2,2,0,1194.0,94.68
2013,38000.0,90000,1,2,1,1598.0,103.5
2012,34000.0,110000,1,2,1,2523.0,63.0
2007,16000.0,120000,1,2,2,2523.0,63.0
2014,75000.0,50000,1,2,0,2494.0,100.6
2018,53100.0,20000,2,1,0,1197.0,81.86
2017,30000.0,35000,2,2,0,999.0,67.0
2014,35000.0,60000,1,2,1,1498.0,88.8
2010,15000.0,68000,2,2,2,1199.0,79.4
2015,45000.0,30000,2,2,0,1197.0,81.8
2006,14000.0,65000,2,2,2,1458.625015808777,91.51791898382203
2006,8500.0,120000,1,2,2,1405.0,68.0
2018,45000.0,30000,2,2,0,1197.0,81.86
2011,17000.0,55113,2,2,0,1458.625015808777,91.51791898382203
2017,36000.0,50000,1,2,0,1047.0,69.0
2020,39000.0,6000,2,2,0,998.0,67.05
2011,14500.0,50000,2,2,1,1196.0,73.0
2012,54000.0,90000,1,2,2,2179.0,120.0
2008,29000.0,126000,1,2,2,2494.0,102.0
2013,30000.0,90000,1,2,0,1396.0,69.0
2017,56500.0,80000,2,2,0,1196.0,86.8
2011,44100.0,70000,1,2,1,2609.0,120.0
2011,18000.0,80000,2,2,1,814.0,55.2
2013,20000.0,80000,2,2,1,814.0,55.2
2006,6750.0,110000,1,2,2,1396.0,52.8
2016,70000.0,110000,1,2,1,1248.0,88.5
2010,27500.0,80000,1,2,2,1199.0,73.9
2019,60000.0,20000,2,2,0,1197.0,81.86
2011,25000.0,120000,1,2,0,2489.0,95.0
2016,60000.0,120000,1,2,0,2523.0,63.0
2010,20000.0,80000,1,2,1,1248.0,91.2
2015,42500.0,91500,1,2,1,1120.0,70.0
2012,42000.0,120000,1,2,1,1248.0,73.9
2012,32100.0,100000,1,2,1,1396.0,90.0
2012,35000.0,120000,1,2,2,2498.0,112.0
2017,49000.0,80000,2,2,0,1198.0,86.7
2015,68000.0,90000,1,2,0,2523.0,75.0
2016,29800.0,70000,2,2,0,998.0,67.05
2011,45000.0,150000,1,2,2,2179.0,115.0
2010,40000.0,60000,2,1,1,1458.625015808777,91.51791898382203
2012,25000.0,40000,1,2,0,1248.0,74.0
2017,50000.0,20000,2,2,0,1197.0,82.0
2019,68100.0,10000,2,2,0,1194.0,94.68
2014,65000.0,90000,1,2,1,2179.0,140.0
2008,8000.0,70000,2,2,1,1150.0,74.9
2009,29000.0,120000,1,2,0,2523.0,63.0
2006,22000.0,120000,1,2,1,2179.0,120.0
2009,12000.0,90000,2,2,1,1086.0,62.0
2017,22999.9,80000,2,2,0,799.0,53.0
2014,50000.0,45000,2,2,0,1197.0,85.8
2013,17500.0,120000,1,2,0,1396.0,69.0
2019,72000.0,10000,2,2,0,1194.0,94.68
2012,10000.0,51000,2,2,0,796.0,37.0
2009,25000.0,105000,2,1,1,1799.0,130.0
2014,81000.0,100000,1,2,0,2179.0,140.0
2010,16500.0,30000,2,2,2,796.0,46.3
2016,40999.9,60000,1,2,1,1994.0,105.3
2013,43000.0,86000,1,2,1,1248.0,74.0
2015,30000.0,15000,2,2,0,1198.0,67.0
2011,35000.0,137500,1,2,2,1248.0,73.9
2018,40000.0,60000,2,2,0,999.0,67.0
2016,42000.0,70000,1,2,0,1248.0,73.74
2015,43000.0,5000,2,2,0,998.0,67.04
2017,57300.0,30000,2,2,0,1197.0,81.8
2015,21000.0,40000,2,2,0,814.0,55.2
2015,60000.0,60000,1,2,0,1461.0,108.45
2008,15000.0,70000,2,2,2,1497.0,78.0
2019,55000.0,15000,2,2,0,1199.0,84.0
2011,32000.0,110000,1,2,1,1248.0,73.9
2019,80000.0,10000,1,2,0,1498.0,98.63
2013,50000.0,60000,2,2,0,1373.0,93.7
2011,22999.9,110000,1,2,1,1248.0,90.0
2013,50000.0,60000,2,2,0,1373.0,93.7
2015,63000.0,35000,2,2,0,1197.0,81.83
2016,19000.0,70000,2,2,1,796.0,34.2
2011,22999.9,110000,1,2,1,1248.0,90.0
2011,45000.0,100000,1,2,1,2523.0,63.0
2008,9500.0,120000,2,2,0,796.0,46.3
2009,10100.0,90000,2,2,2,796.0,35.0
2016,50000.0,70000,1,2,1,1498.0,98.6
2012,24400.0,38000,2,2,0,814.0,55.2
2013,25000.0,90000,2,2,1,998.0,67.04
2016,66000.0,60000,2,2,0,1197.0,83.1
2010,27000.0,60000,2,2,0,1197.0,80.0
2012,28000.0,156060,1,2,0,1248.0,73.94
2017,105000.0,60000,1,2,0,1582.0,126.2
2017,52500.0,70000,2,2,0,1197.0,83.14
2017,85000.0,35000,1,2,0,1582.0,126.2
2012,34500.0,50000,2,2,1,1197.0,85.8
2007,9500.0,100000,2,2,1,1086.0,63.0
2015,24100.0,15000,2,2,0,796.0,47.3
2015,23500.0,20000,2,2,0,796.0,47.3
2015,61500.0,80000,1,2,0,1498.0,98.59
2014,35000.0,110000,1,2,1,1461.0,64.1
2014,35000.0,35000,2,2,0,998.0,67.04
2014,38000.0,35000,2,2,0,998.0,67.04
2017,40000.0,140000,1,2,0,2956.0,69.01
2010,22000.0,40000,2,2,0,998.0,67.1
2008,27000.0,110000,1,2,2,2179.0,120.0
2012,27500.0,70000,2,2,1,1197.0,85.8
2009,12500.0,100000,1,2,1,1405.0,71.0
2015,36000.0,20000,2,2,0,1086.0,68.05
2019,55000.0,15000,2,2,0,1197.0,81.86
2011,20000.0,70000,2,2,1,1388.0,68.0
2016,32700.0,20000,2,2,0,1198.0,82.0
2016,42500.0,15000,2,2,0,1086.0,68.05
2017,62000.0,107000,1,2,0,1248.0,74.02
2011,13000.0,54000,1,2,1,1248.0,75.0
2009,12000.0,58000,2,2,0,796.0,46.3
2011,40000.0,110000,1,2,1,2179.0,120.0
2007,18500.0,90000,1,2,2,1493.0,110.0
2015,20499.9,43000,2,2,1,998.0,68.05
2017,62500.0,43000,1,2,0,1248.0,74.02
2013,60000.0,60000,1,2,0,1248.0,88.8
2011,15000.0,150000,2,2,0,1396.0,85.0
2017,30000.0,35000,2,2,0,999.0,67.0
2013,22999.9,46000,2,2,0,1199.0,84.8
2018,22000.0,10000,2,2,0,796.0,34.2
2016,57600.0,35000,2,2,0,1197.0,81.83
2016,26500.0,50000,2,2,0,799.0,53.3
2011,30000.0,80000,1,2,0,1582.0,126.32
2017,42000.0,110000,1,2,0,1047.0,69.0
2015,75000.0,14000,1,2,0,1248.0,88.76
2012,16500.0,60000,3,2,1,796.0,47.3
2017,29000.0,28000,2,2,0,799.0,53.3
2011,16000.0,57000,2,2,0,814.0,55.2
2017,69500.0,50000,1,2,0,1248.0,74.0
2012,23100.0,70000,4,2,0,998.0,58.2
2013,40000.0,70000,2,2,0,1197.0,82.85
2016,50000.0,40000,2,2,0,1197.0,81.83
2010,15000.0,120000,1,2,1,1248.0,88.8
2016,40000.0,140000,1,2,1,2179.0,118.3
2010,12000.0,100000,1,2,1,1405.0,70.0
2014,48000.0,120000,1,2,1,2179.0,118.3
2013,20000.0,120000,1,2,1,1405.0,69.01
2012,30000.0,64000,1,2,1,1399.0,67.0
2015,35000.0,25000,2,2,0,998.0,67.04
2019,58000.0,12000,2,2,0,999.0,72.0
2012,20000.0,70000,1,2,1,936.0,57.6
2016,75000.0,120000,1,2,0,2179.0,120.0
2016,26100.0,90000,2,2,0,799.0,53.3
2015,37100.0,40000,2,2,0,1199.0,82.4
2012,20499.9,120000,1,2,1,1396.0,69.0
2009,15000.0,100000,1,2,2,1399.0,68.0
2016,62500.0,90000,1,2,1,2523.0,62.1
2015,90000.0,168000,1,2,0,1968.0,141.0
2010,18000.0,110000,1,2,1,1399.0,68.0
2010,42100.0,120000,1,2,1,2523.0,63.0
2012,20499.9,120000,1,2,1,1396.0,69.0
2017,90000.0,40000,1,2,0,1498.0,98.6
2006,16500.0,110000,2,2,1,1497.0,78.0
2010,27000.0,100000,1,2,2,1396.0,90.0
2017,75000.0,40000,1,2,0,1248.0,88.5
2019,75000.0,30000,2,2,0,1197.0,81.86
2011,19000.0,90000,1,2,1,1399.0,68.0
2011,31500.0,80000,2,2,0,1197.0,80.0
2013,40999.9,90000,1,2,0,1364.0,67.04
2018,58000.0,32000,2,2,0,1197.0,81.86
2013,34000.0,70000,2,2,0,1197.0,82.85
2015,27000.0,43000,2,2,0,814.0,55.2
2017,28000.0,80000,1,2,0,1248.0,74.0
2012,13000.0,60000,1,2,0,1248.0,74.0
2014,26000.0,18945,2,2,0,814.0,55.2
2018,71000.0,70000,1,2,0,1186.0,73.97
2013,20499.9,100000,2,2,2,1196.0,73.0
2017,30000.0,60000,2,2,0,1198.0,67.0
2009,18000.0,144000,1,2,1,1248.0,73.9
2016,70000.0,120000,1,2,0,1493.0,100.0
2012,32000.0,107825,1,2,1,1396.0,90.0
2020,37000.0,15000,2,2,0,796.0,47.3
2018,34000.0,10000,2,2,0,799.0,53.3
2019,104000.0,1620,2,2,0,1462.0,103.2
2018,75000.0,30000,1,2,0,1396.0,88.76
2018,60000.0,70000,1,2,0,2179.0,120.0
2016,55000.0,70000,1,2,0,2523.0,63.0
2013,60000.0,95000,1,2,1,2494.0,100.57
2017,55000.0,50000,1,2,0,1047.0,69.0
2015,75000.0,160000,1,2,0,1498.0,98.6
2019,45000.0,10000,2,2,0,1086.0,68.0
2012,40000.0,100000,1,2,2,1248.0,88.76
2016,52000.0,50000,1,2,1,1248.0,74.0
2013,19900.0,60000,2,2,1,998.0,67.1
2012,15000.0,110000,1,2,0,936.0,57.6
2016,54000.0,80000,1,2,2,1396.0,88.73
2011,25000.0,85000,1,2,1,1248.0,88.8
2010,20000.0,90000,2,2,1,1061.0,67.0
2011,13000.0,90000,1,2,1,1396.0,69.0
2007,9000.0,90000,2,2,0,796.0,37.0
2012,45000.0,120000,1,2,1,1582.0,126.32
2009,28000.0,120000,1,2,0,1493.0,110.0
2007,28000.0,160000,1,2,1,2956.0,138.1
2006,12000.0,141000,2,2,1,993.0,60.0
2008,29000.0,100000,1,2,1,1248.0,75.0
2019,100000.0,15000,1,2,0,1396.0,88.7
2012,41500.0,108000,1,2,0,1248.0,73.9
2012,41500.0,108000,1,2,0,1248.0,74.0
2015,24000.0,55000,1,2,0,936.0,56.3
2010,25000.0,37944,1,2,0,1248.0,75.0
2011,17500.0,90400,1,2,0,1399.0,68.0
2008,22000.0,85000,1,2,1,1493.0,110.0
2019,67500.0,5000,2,2,0,1197.0,81.8
2016,53500.0,50000,1,2,0,1461.0,83.8
2019,67500.0,5000,2,2,0,999.0,72.0
2016,80000.0,90000,1,2,0,1248.0,88.5
2012,42500.0,96000,1,2,1,1248.0,88.8
2011,15000.0,80000,2,2,2,1196.0,73.0
2007,9000.0,60000,2,2,1,1061.0,64.0
2015,85000.0,90000,1,2,0,2179.0,140.0
2008,33000.0,193623,1,2,1,2494.0,102.0
2017,85000.0,63186,1,2,0,1396.0,88.73
2019,67500.0,5000,2,1,0,1197.0,83.1
2010,15000.0,91500,2,2,0,796.0,46.3
2015,55000.0,23000,1,2,0,1248.0,74.0
2012,35000.0,40000,1,2,0,1598.0,103.6
2012,30000.0,70000,1,2,0,1248.0,73.94
2014,61100.0,90000,1,2,1,2523.0,75.0
2016,40000.0,68000,2,2,0,1198.0,86.8
2013,70000.0,120000,1,2,0,1582.0,126.24
2013,30000.0,65000,1,2,0,1248.0,76.9
2011,20000.0,94000,2,2,2,998.0,67.1
2015,65000.0,100000,1,2,0,1396.0,88.73
2015,65000.0,80000,1,2,0,1396.0,88.73
2013,35000.0,80000,1,2,2,1199.0,73.9
2011,7500.0,140500,1,2,2,1396.0,52.8
2010,24000.0,143000,2,2,0,1298.0,85.8
2013,24000.0,60000,2,2,0,998.0,67.1
2011,18000.0,120000,1,2,1,1248.0,75.0
2014,42500.0,63000,1,2,1,2523.0,63.0
2009,9500.0,120000,2,2,2,995.0,62.0
2018,81100.0,100000,1,2,0,1248.0,74.02
2018,110000.0,60000,2,2,0,1591.0,121.3
2013,60000.0,90000,1,2,0,2499.0,72.4
2014,55000.0,50000,1,2,1,1248.0,88.76
2015,71500.0,70000,1,2,0,2179.0,120.0
2010,30000.0,40000,1,2,0,1458.625015808777,91.51791898382203
2006,10000.0,120000,1,2,2,1405.0,70.0
2013,35000.0,40000,2,2,0,998.0,67.04
2008,10000.0,40000,1,2,0,1405.0,62.0
2012,32500.0,120000,1,2,0,2179.0,138.03
2016,33000.0,20000,2,2,0,799.0,53.3
2014,48000.0,37000,1,2,0,2523.0,62.1
2018,95000.0,57000,1,2,1,1248.0,88.5
2011,30000.0,110000,1,2,1,1493.0,110.0
2006,17000.0,110000,2,2,2,1599.0,103.2
2013,85000.0,120000,1,2,1,2494.0,100.57
2019,90000.0,8079,1,2,0,1047.0,69.0
2012,35000.0,79990,1,2,1,1399.0,67.0
2012,42500.0,81632,1,2,0,1399.0,68.0
2016,60000.0,155201,1,2,0,1498.0,99.23
2014,75000.0,101504,1,2,0,1498.0,89.84
2012,45000.0,90165,1,2,0,1399.0,67.0
2010,32500.0,86017,1,2,1,1498.0,99.23
2013,35000.0,160254,1,2,1,1458.625015808777,91.51791898382203
2013,60000.0,125531,1,2,1,1498.0,98.59
2019,110000.0,10000,2,2,0,1591.0,121.3
2017,52000.0,20000,2,2,0,1199.0,84.0
2015,88500.0,170000,1,2,0,2179.0,120.0
2018,95000.0,40000,1,1,0,1497.0,108.5
2008,22999.9,120000,2,2,1,1497.0,118.0
2013,40999.9,100000,1,2,2,1248.0,73.94
2011,30000.0,110000,1,2,2,1399.0,68.0
2008,17500.0,120000,1,2,2,1405.0,68.0
2017,42500.0,40000,2,2,1,998.0,67.04
2011,27200.0,170000,1,2,2,1991.0,123.7
2013,31000.0,70000,2,2,0,1086.0,68.05
2017,112500.0,105000,1,2,0,1396.0,88.7
2014,45000.0,46000,2,2,1,1197.0,81.86
2011,38800.0,80000,1,2,1,1199.0,73.9
2011,40000.0,60000,2,2,0,1599.0,103.2
2015,76000.0,70000,1,2,2,1498.0,98.6
2009,12000.0,90000,2,2,0,796.0,46.3
2019,75700.0,25000,1,2,0,1248.0,74.02
2015,27000.0,53000,2,2,1,796.0,47.3
2011,25000.0,90000,1,2,1,2179.0,118.35
2014,70000.0,24000,1,2,0,2498.0,105.0
2016,45000.0,100000,1,2,1,1498.0,98.6
2018,65000.0,6000,2,2,0,1198.0,82.0
2019,60000.0,10000,2,1,0,1197.0,81.8
2019,29000.0,21000,2,2,0,799.0,53.3
2013,21500.0,25000,2,2,0,998.0,67.1
2016,25000.0,22000,2,2,0,799.0,53.3
2017,75000.0,50000,1,2,0,1248.0,88.5
2016,25000.0,20000,2,2,1,998.0,67.05
2017,95000.0,15000,2,1,0,1497.0,117.3
2018,79300.0,30000,1,2,0,1498.0,99.0
2015,75000.0,74000,1,2,0,1582.0,126.2
2017,72500.0,6550,2,1,0,1199.0,88.7
2016,48000.0,30000,1,2,0,1120.0,70.0
2018,79500.0,41779,2,2,0,1197.0,81.8
2016,62500.0,54000,2,2,0,1199.0,88.7
2017,62500.0,37000,1,1,0,1248.0,74.0
2011,44000.0,90000,1,1,1,1991.0,147.9
2017,84499.9,70000,1,2,0,1248.0,88.5
2016,65000.0,99000,1,1,0,1498.0,103.52
2018,75000.0,15000,2,2,0,1197.0,81.8
2015,61000.0,30000,2,2,0,1199.0,88.7
2018,89000.0,29000,2,1,0,1197.0,81.86
2015,50300.0,110000,1,2,0,2179.0,147.94
2013,22500.0,58343,2,2,0,998.0,67.05
2018,74000.0,38817,1,2,0,1248.0,74.0
2016,55000.0,56494,2,2,0,1199.0,88.7
2013,75000.0,79328,1,2,1,2494.0,100.6
2019,65000.0,5621,2,1,0,1197.0,81.8
2017,62500.0,25538,2,2,0,1496.0,88.73
2018,60000.0,69779,2,1,0,1197.0,81.8
2017,45000.0,56290,1,2,0,1186.0,73.97
2019,77900.0,7032,2,1,0,1199.0,88.76
2016,64500.0,11000,2,1,0,1598.0,103.5
2015,50300.0,110000,1,2,0,2179.0,147.94
2013,22500.0,58343,2,2,0,998.0,67.05
2018,74000.0,38817,1,2,0,1248.0,74.0
2016,55000.0,56494,2,2,0,1199.0,88.7
2013,75000.0,79328,1,2,1,2494.0,100.6
2019,65000.0,5621,2,1,0,1197.0,81.8
2017,62500.0,25538,2,2,0,1496.0,88.73
2018,60000.0,69779,2,1,0,1197.0,81.8
2017,45000.0,56290,1,2,0,1186.0,73.97
2019,77900.0,7032,2,1,0,1199.0,88.76
2016,64500.0,11000,2,1,0,1598.0,103.5
2015,50300.0,110000,1,2,0,2179.0,147.94
2013,22500.0,58343,2,2,0,998.0,67.05
2018,74000.0,38817,1,2,0,1248.0,74.0
2016,55000.0,56494,2,2,0,1199.0,88.7
2013,75000.0,79328,1,2,1,2494.0,100.6
2019,65000.0,5621,2,1,0,1197.0,81.8
2017,62500.0,25538,2,2,0,1496.0,88.73
2018,60000.0,69779,2,1,0,1197.0,81.8
2017,45000.0,56290,1,2,0,1186.0,73.97
2019,77900.0,7032,2,1,0,1199.0,88.76
2016,64500.0,11000,2,1,0,1598.0,103.5
2015,50300.0,110000,1,2,0,2179.0,147.94
2013,22500.0,58343,2,2,0,998.0,67.05
2018,74000.0,38817,1,2,0,1248.0,74.0
2016,55000.0,56494,2,2,0,1199.0,88.7
2013,75000.0,79328,1,2,1,2494.0,100.6
2019,65000.0,5621,2,1,0,1197.0,81.8
2017,62500.0,25538,2,2,0,1496.0,88.73
2018,60000.0,69779,2,1,0,1197.0,81.8
2017,45000.0,56290,1,2,0,1186.0,73.97
2019,77900.0,7032,2,1,0,1199.0,88.76
2016,64500.0,11000,2,1,0,1598.0,103.5
2017,38500.0,155000,1,2,0,1396.0,69.01
2018,55000.0,50000,1,2,0,1186.0,73.97
2010,27000.0,185000,1,2,0,2499.0,80.0
2013,20000.0,175000,1,2,1,1396.0,69.0
2016,31000.0,11500,2,2,0,799.0,53.3
2019,70000.0,3000,1,2,0,1186.0,73.97
2015,48000.0,80000,1,2,1,1248.0,74.0
2015,35000.0,90000,1,2,0,1248.0,73.94
2017,60000.0,100000,1,2,0,1248.0,88.5
2011,35000.0,120000,1,2,2,2179.0,115.0
2018,77000.0,50000,1,2,0,1248.0,88.5
2012,35000.0,25000,1,2,0,1461.0,65.0
2016,75000.0,71000,1,2,0,1493.0,100.0
2016,34000.0,40000,2,2,0,998.0,67.04
2018,65000.0,31800,2,2,0,1197.0,81.86
2014,30000.0,65000,2,2,0,1197.0,78.9
2014,20499.9,15000,2,2,1,796.0,47.3
2012,25499.9,70000,1,2,1,1461.0,65.0
2017,65000.0,5000,2,2,0,1196.0,86.8
2017,28000.0,50000,2,2,1,814.0,55.2
2011,10000.0,80000,1,2,0,1396.0,53.5
2014,57500.0,70000,1,2,1,2499.0,72.4
2017,78000.0,40000,1,2,0,1248.0,88.5
2013,46700.0,157000,1,2,0,2523.0,62.1
2011,22500.0,80000,2,2,1,1086.0,68.05
2012,30000.0,80000,1,2,0,1458.625015808777,91.51791898382203
2012,26000.0,70000,1,2,1,1461.0,65.0
2009,9000.0,50000,2,2,1,995.0,63.0
2012,28000.0,60000,1,2,0,1399.0,68.0
2014,35000.0,106000,1,2,1,1461.0,65.0
2006,22999.9,80000,1,2,1,2179.0,120.0
2016,55000.0,80000,1,2,1,2523.0,63.0
2013,85000.0,110000,1,2,1,2494.0,100.0
2011,37000.0,120000,1,2,2,2523.0,63.0
2013,25000.0,27000,2,2,0,998.0,67.1
2007,9500.0,70000,2,2,1,796.0,46.3
2010,18000.0,70000,2,2,1,1061.0,67.0
2016,65000.0,50000,1,1,0,1493.0,100.0
2018,53000.0,60000,1,2,0,1186.0,73.97
2017,61000.0,15000,2,2,0,1197.0,81.8
2011,20000.0,40000,2,2,0,1458.625015808777,91.51791898382203
2010,26500.0,135000,1,2,0,2498.0,112.0
2018,56000.0,26300,2,2,0,1199.0,84.0
2014,43000.0,120000,1,2,0,2523.0,62.1
2017,71100.0,35000,1,2,0,1248.0,74.02
2015,51100.0,30000,2,2,0,1197.0,83.14
2012,45000.0,165000,1,2,0,2523.0,62.1
2015,32500.0,50000,2,2,0,1193.0,88.7
2013,43499.9,120000,1,2,0,1461.0,84.8
2010,21000.0,100000,1,2,1,1399.0,68.0
2009,14000.0,90000,2,2,2,1458.625015808777,91.51791898382203
2007,16000.0,120000,2,2,1,1586.0,104.68
2017,65000.0,70000,2,2,1,1373.0,91.1
2008,25000.0,90000,1,2,1,1458.625015808777,91.51791898382203
2014,32000.0,72000,2,2,0,1197.0,81.83
2017,29000.0,50000,2,2,0,999.0,67.0
2013,8000.0,30000,2,2,0,624.0,37.48
2017,110000.0,20000,1,2,0,2179.0,147.94
2015,60000.0,110000,1,2,0,1248.0,88.5
2017,34000.0,25000,2,2,0,799.0,53.3
2014,75000.0,120000,1,2,0,2494.0,100.6
2006,10000.0,40000,2,2,0,796.0,46.3
2019,39500.0,10000,2,2,0,799.0,53.3
2010,20000.0,65000,2,2,0,1061.0,67.0
2019,45000.0,10000,3,2,0,1196.0,61.7
2012,18000.0,110000,2,2,1,1390.0,75.0
2008,19000.0,120000,1,2,1,2523.0,63.0
2015,31000.0,72000,2,2,0,1196.0,73.0
2014,35100.0,89100,1,2,1,1248.0,73.94
2006,19000.0,94000,2,2,1,1599.0,104.0
2015,22500.0,120000,2,2,1,814.0,55.2
2012,13000.0,110000,2,2,0,995.0,62.1
2018,100000.0,50000,1,2,0,1248.0,88.5
2014,33000.0,23000,2,2,0,1199.0,82.4
2013,16600.0,50000,2,2,0,796.0,34.2
2011,14000.0,50000,2,2,2,998.0,67.1
2017,37000.0,140000,3,2,0,1196.0,61.7
2019,72000.0,16000,2,1,0,1197.0,81.86
2015,50000.0,126000,1,2,0,1396.0,88.73
2019,57000.0,15000,2,2,0,1197.0,81.86
2009,12000.0,120000,2,2,0,796.0,46.3
2010,19600.0,110000,2,1,2,1197.0,78.9
2016,39200.0,38000,2,2,0,1196.0,73.0
2010,15000.0,104000,2,2,0,1368.0,90.0
2017,59500.0,120000,2,2,0,1497.0,117.3
2018,83300.0,35000,1,1,0,1248.0,88.5
2009,18000.0,85000,1,2,2,1248.0,73.9
2012,22500.0,80000,2,2,0,998.0,67.1
2009,34000.0,40000,1,2,0,1396.0,90.0
2017,40000.0,65000,2,2,1,998.0,67.04
2006,9000.0,100000,2,2,2,1341.0,83.0
2015,65000.0,84000,1,2,0,1248.0,88.5
2010,12500.0,60000,2,2,0,1150.0,74.9
2006,8100.0,100000,2,2,2,1341.0,83.0
2007,17000.0,78000,2,2,1,1298.0,88.2
2010,5500.0,50000,2,2,2,624.0,35.0
2017,88000.0,65000,1,2,0,1461.0,108.5
2015,20000.0,50000,2,2,0,799.0,53.3
2019,48000.0,25000,2,2,0,1197.0,81.8
2013,48000.0,100000,1,2,0,2523.0,62.1
2018,70000.0,6000,2,2,0,1197.0,81.83
2016,85000.0,72113,1,2,0,1498.0,98.6
2012,30000.0,40000,1,2,0,1396.0,70.0
2017,65000.0,8000,2,2,0,1197.0,81.83
2010,22000.0,20000,2,2,0,1197.0,85.8
2014,30000.0,45000,1,2,0,1405.0,69.01
2014,45000.0,80000,1,2,0,1248.0,74.0
2014,40000.0,90000,1,2,0,1248.0,74.0
2018,103000.0,25000,1,2,0,1248.0,88.5
2010,19000.0,100000,1,2,1,1248.0,90.0
2006,14000.0,60000,2,2,1,1388.0,68.0
2018,80000.0,30000,1,2,0,1396.0,88.76
2007,22999.9,120000,1,2,2,2609.0,120.0
2011,30000.0,80000,1,2,1,2179.0,138.03
2011,37500.0,69000,1,2,1,1598.0,103.6
2010,14000.0,75000,2,2,0,1199.0,79.4
2014,42000.0,90000,1,2,1,1120.0,71.01
2012,30000.0,100000,1,2,2,1461.0,63.12
2012,15000.0,110000,1,2,0,1248.0,74.0
2015,60000.0,90000,1,2,0,1498.0,98.59
2011,20499.9,100000,1,2,1,1399.0,68.0
2017,62500.0,50000,1,2,0,1186.0,73.97
2009,25000.0,80000,2,2,1,1598.0,102.5
2009,40000.0,100000,2,1,1,2354.0,177.6
2019,61000.0,10000,2,1,0,1197.0,81.8
2014,50999.9,110000,1,2,0,1248.0,74.0
2014,52100.0,86000,1,2,1,2179.0,138.1
2014,51100.0,100000,1,2,0,1248.0,74.0
2014,45100.0,91000,1,2,0,1396.0,88.73
2009,17000.0,100000,2,2,0,1197.0,78.9
2013,45000.0,120000,1,2,1,1248.0,74.0
2011,37500.0,90000,2,2,1,1497.0,118.0
2016,30500.0,60000,2,2,1,796.0,47.3
2016,31500.0,51500,2,2,0,799.0,53.3
2016,25000.0,60000,1,2,1,1248.0,74.0
2012,20000.0,104500,1,2,1,1399.0,68.0
2018,95000.0,30000,1,2,0,1498.0,98.96
2012,40000.0,120000,1,2,2,1461.0,108.45
2014,50999.9,100000,1,2,1,1248.0,74.0
2008,37500.0,90000,2,2,2,1799.0,130.0
2006,7500.0,60000,2,1,0,998.0,67.1
2015,46500.0,50000,2,2,1,1396.0,105.5
2019,70000.0,10000,1,2,0,1186.0,73.97
2017,61000.0,40000,2,2,0,1197.0,81.83
2014,23500.0,50000,2,2,0,796.0,47.3
2017,33000.0,90000,2,2,0,1196.0,73.0
2014,47200.0,90000,1,2,0,1461.0,83.8
2019,58500.0,10000,2,2,0,1197.0,81.8
2018,50000.0,10000,1,2,0,909.0,45.0
2019,36000.0,27000,2,2,0,998.0,67.05
2016,64900.0,70000,1,2,0,1248.0,74.0
2017,20000.0,50000,2,2,0,796.0,34.2
2008,24000.0,60000,2,2,0,1458.625015808777,91.51791898382203
2014,40000.0,110000,1,2,0,1120.0,70.0
2015,25000.0,100000,1,2,1,793.0,47.0
2018,120000.0,50000,1,2,0,1497.0,121.0
2009,25000.0,105000,1,2,1,1248.0,75.0
2013,81999.9,110000,1,2,0,2494.0,100.6
2014,80000.0,60000,1,2,1,2179.0,140.0
2013,42900.0,49102,2,2,1,999.0,123.37
2010,15000.0,60000,2,2,2,1086.0,62.1
2010,31500.0,120000,1,2,1,1458.625015808777,91.51791898382203
2012,17000.0,90000,1,2,0,936.0,57.6
2014,33500.0,33033,2,2,0,1198.0,86.8
2015,46500.0,63063,2,1,0,1197.0,82.0
2013,36000.0,81000,1,2,1,1461.0,108.45
2018,57000.0,80000,1,2,0,1186.0,73.97
2012,35000.0,105000,1,2,1,1461.0,108.45
2017,60000.0,60000,1,2,0,1458.625015808777,91.51791898382203
2012,37500.0,100000,1,2,1,1461.0,108.45
2019,45000.0,60000,3,2,0,1196.0,61.7
2013,32500.0,70000,1,2,2,1396.0,88.76
2011,26000.0,120000,1,2,2,1598.0,103.6
2009,13000.0,80000,2,2,2,796.0,46.3
2008,15000.0,120000,1,2,2,2179.0,138.1
2014,22000.0,40000,2,2,0,1086.0,62.1
2014,27500.0,53000,2,2,0,1197.0,78.9
2017,45500.0,60000,1,2,0,1248.0,74.0
2017,57000.0,30000,2,2,0,1197.0,81.83
2013,33000.0,100000,1,2,2,1598.0,103.6
2012,45000.0,98000,1,2,2,1248.0,88.8
2014,25000.0,60000,2,2,0,814.0,55.2
2010,16500.0,80000,2,2,2,1197.0,78.9
2013,80000.0,117000,1,1,0,2696.0,184.0
2018,68000.0,8576,2,2,0,1199.0,88.7
2017,52500.0,19723,2,1,0,1199.0,84.0
2016,82500.0,21446,2,2,0,1497.0,116.3
2017,75000.0,52289,1,2,0,1248.0,88.5
2017,95000.0,52236,1,2,0,2179.0,120.0
2017,95000.0,54470,1,2,0,2179.0,120.0
2017,67500.0,25471,1,2,0,1396.0,90.0
2019,49000.0,33928,2,2,0,1199.0,84.48
2018,77500.0,59736,1,2,0,1493.0,100.0
2009,35000.0,54290,2,2,0,1497.0,118.0
2016,47500.0,2118,2,2,0,1198.0,86.8
2017,95000.0,61379,1,2,0,2179.0,120.0
2010,35000.0,58544,2,2,1,1497.0,117.3
2016,40000.0,74381,2,2,0,998.0,67.05
2017,85000.0,63982,1,2,0,1498.0,89.84
2008,17500.0,65000,2,2,1,998.0,67.1
2014,57000.0,74000,1,2,0,2523.0,62.1
2013,52500.0,56429,1,2,1,1461.0,108.45
2012,27000.0,56000,2,2,0,1197.0,78.9
2019,43499.9,19500,2,2,0,1086.0,68.07
2015,49500.0,30000,2,2,0,1197.0,81.83
2016,57500.0,53000,1,2,0,1396.0,88.73
2017,60000.0,5000,2,2,0,1197.0,81.86
2015,70000.0,25000,2,2,0,1591.0,121.4
2014,56000.0,72000,1,2,0,1498.0,98.6
2016,56500.0,72000,1,2,0,1458.625015808777,91.51791898382203
2013,40999.9,29000,2,2,1,1598.0,103.5
2016,49500.0,56832,1,2,0,1461.0,83.14
2014,47000.0,30528,2,2,0,1197.0,81.86
2013,35000.0,65285,1,2,0,1498.0,98.63
2015,48000.0,43000,2,2,0,1199.0,88.7
2013,27000.0,52380,1,2,0,1364.0,67.04
2018,66000.0,74250,1,2,0,1498.0,74.96
2017,49000.0,57247,2,1,0,1197.0,81.8
2017,80000.0,52000,1,2,0,1248.0,88.5
2011,35000.0,47000,2,2,1,1498.0,97.7
2011,17000.0,80000,1,2,2,1399.0,68.0
2011,12500.0,85000,1,2,1,1248.0,75.0
2012,40000.0,100000,1,2,0,1248.0,73.9
2011,25000.0,110000,2,2,0,1498.0,97.7
2010,19000.0,178000,1,2,1,1248.0,91.7
2010,12500.0,120000,2,2,2,796.0,46.3
2015,33500.0,30000,2,2,0,998.0,67.04
2009,11499.9,60000,2,2,2,1061.0,67.0
2012,22999.9,70000,1,2,2,1199.0,73.9
2017,73100.0,40000,1,2,0,1396.0,88.73
2012,39500.0,120000,1,2,0,1582.0,126.32
2015,50000.0,120000,1,2,0,1248.0,74.0
2014,22000.0,50000,2,2,2,814.0,55.2
2013,24000.0,100000,1,2,0,1399.0,68.1
2010,21500.0,120000,1,2,2,1396.0,90.0
2012,40000.0,90000,1,2,1,1248.0,74.0
2012,19100.0,90000,2,2,0,998.0,67.1
2013,35100.0,100000,1,2,1,2498.0,112.0
2015,25000.0,20000,2,1,0,624.0,37.48
2009,21000.0,90000,1,2,1,1493.0,110.0
2011,30000.0,120000,2,2,2,1496.0,88.7
2017,70000.0,35000,1,2,0,1498.0,99.0
2010,50000.0,120000,1,2,1,1991.0,150.0
2019,85000.0,10000,1,2,0,1396.0,88.76
2017,77000.0,65000,1,2,1,1498.0,98.6
2007,24500.0,90000,2,2,2,1799.0,130.0
2012,25000.0,90000,2,2,0,998.0,67.1
2016,65100.0,42323,1,2,0,1396.0,88.76
2013,48000.0,42462,2,2,0,1497.0,116.3
2015,47000.0,54723,1,2,0,1248.0,74.0
2016,50000.0,30000,1,2,0,1498.0,98.6
2016,69000.0,32000,1,2,0,1248.0,88.5
2017,58900.0,41232,1,2,0,1458.625015808777,0.0
2017,58900.0,41232,1,2,0,1458.625015808777,0.0
2018,48000.0,20375,2,2,0,1197.0,81.8
2013,45000.0,43978,1,2,1,1248.0,74.0
2018,77000.0,50000,1,2,0,1248.0,88.5
2015,44500.0,40200,1,2,0,1498.0,74.96
2018,70000.0,30000,2,2,0,1197.0,81.83
2014,56000.0,90000,1,2,0,1248.0,88.8
2013,47500.0,48000,1,2,1,1498.0,98.96
2014,46500.0,27233,1,2,0,1498.0,98.63
2017,52000.0,28832,1,2,0,1248.0,74.0
2011,22500.0,35000,2,2,0,1368.0,90.0
2015,70000.0,35000,2,2,0,1373.0,93.7
2017,78000.0,40000,1,2,0,1248.0,88.5
2006,9315.0,80000,2,2,1,1497.0,78.0
2016,40300.0,30000,1,2,1,1493.0,100.0
2009,22999.9,50000,2,2,1,1086.0,68.05
2016,52500.0,40000,1,2,1,1248.0,74.0
2014,56000.0,25000,2,2,0,1373.0,93.7
2020,83000.0,120000,1,2,0,2179.0,152.87
2011,25000.0,60000,1,2,1,1248.0,73.9
2014,45000.0,110000,1,2,0,2523.0,63.0
2016,74500.0,67000,1,2,0,1997.0,120.0
2010,14400.0,50000,1,2,1,1399.0,68.0
2008,12000.0,40000,2,2,0,1061.0,64.0
2008,30000.0,120000,1,2,1,2179.0,138.1
2009,27000.0,150000,1,2,1,2523.0,63.0
2014,26000.0,38000,1,2,0,1248.0,74.0
2015,47500.0,120000,1,2,0,1364.0,67.05
2011,30200.0,103000,1,2,2,1399.0,68.0
2017,77500.0,80000,1,2,0,1248.0,88.5
2015,70000.0,50000,1,2,0,1248.0,88.76
2014,53000.0,90000,1,2,0,1248.0,74.0
2017,86999.9,70000,1,2,0,1497.0,108.5
2006,15500.0,110000,1,2,2,1991.0,112.2
2019,55000.0,30000,2,1,0,1199.0,83.83
2016,60000.0,80000,1,2,1,1248.0,74.0
2012,43000.0,110000,1,2,1,1248.0,73.9
2010,24600.0,120000,1,2,0,1248.0,90.0
2014,56500.0,70000,2,2,1,1197.0,81.83
2018,85000.0,60000,1,2,0,1396.0,88.76
2006,16000.0,90000,2,2,0,796.0,46.3
2014,32500.0,142500,1,2,0,1248.0,75.0
2011,45000.0,90000,1,2,2,2179.0,120.0
2015,31000.0,50000,2,2,0,1086.0,68.05
2013,25000.0,90000,1,2,2,1498.0,98.6
2015,42000.0,115000,1,2,1,1248.0,74.0
2013,33000.0,150000,2,1,1,1396.0,98.6
2015,40500.0,68000,2,2,1,1197.0,81.8
2013,40000.0,90000,1,2,1,2523.0,62.1
2010,40999.9,110000,2,1,2,1497.0,116.3
2013,50000.0,70000,1,2,1,2523.0,62.1
2006,8000.0,118000,2,2,0,1458.625015808777,91.51791898382203
2007,13500.0,100000,2,2,1,1086.0,68.05
2018,65000.0,35500,1,2,0,1248.0,74.02
2018,40000.0,17500,2,2,0,998.0,67.04
2017,35000.0,27000,2,2,0,998.0,67.05
2017,55000.0,60000,1,2,0,1186.0,73.97
2016,35000.0,25000,2,2,0,998.0,67.04
2015,45999.9,80000,1,2,0,1248.0,74.0
2012,18500.0,60000,2,2,1,796.0,46.3
2013,55000.0,38000,1,2,0,1199.0,73.9
2012,30000.0,100000,4,2,1,998.0,58.2
2012,17500.0,60000,2,2,2,1458.625015808777,91.51791898382203
2016,90000.0,92000,1,2,0,1498.0,98.6
2012,55000.0,180000,1,2,2,2523.0,62.1
2018,62500.0,10000,2,2,0,1197.0,83.1
2017,31000.0,35000,2,2,1,796.0,47.3
2017,50000.0,35000,1,2,0,1248.0,74.0
2016,61000.0,23000,1,2,0,1120.0,70.0
2012,15000.0,150000,1,2,2,1396.0,69.0
2015,48000.0,70000,1,2,0,1120.0,71.0
2017,65000.0,40000,2,2,0,1197.0,81.83
2012,29000.0,100000,1,2,1,1396.0,90.0
2017,30000.0,50000,2,2,1,796.0,47.3
2010,27000.0,120000,1,2,2,1248.0,73.9
2015,40000.0,60000,1,2,1,1120.0,71.0
2015,28000.0,28000,2,2,1,796.0,47.3
2009,25000.0,60000,2,2,2,1298.0,85.8
2012,49500.0,80000,1,2,1,1248.0,73.9
2019,70000.0,4500,2,2,0,1199.0,88.76
2013,31000.0,70000,1,2,0,1396.0,69.0
2017,65000.0,120000,1,2,0,1461.0,83.8
2015,60000.0,80000,2,1,0,1199.0,88.7
2009,15000.0,150000,1,2,2,2179.0,138.1
2009,13500.0,120000,2,2,0,1390.0,75.0
2014,65000.0,50000,1,2,0,1248.0,74.0
2012,55000.0,83000,2,2,0,1497.0,116.3
2017,65000.0,20000,1,2,0,1248.0,74.02
2017,45000.0,6750,2,2,0,1198.0,86.8
2015,65000.0,26000,2,2,0,1373.0,91.1
2017,43000.0,52000,2,2,0,1197.0,81.86
2019,70000.0,20000,2,1,0,1197.0,81.8
2011,22999.9,18500,2,2,0,1197.0,85.8
2017,50999.9,142000,1,2,0,1493.0,100.0
2016,67000.0,50478,2,2,0,1499.0,110.4
2019,52500.0,9200,2,1,0,1199.0,83.83
2016,51500.0,40000,1,2,0,1461.0,83.8
2020,63000.0,5000,2,2,0,1197.0,81.8
2019,27000.0,2300,2,2,0,799.0,53.64
2016,30000.0,40000,2,2,0,796.0,47.3
2012,25000.0,119000,1,2,0,2489.0,95.0
2017,75000.0,100000,1,2,0,1248.0,88.5
2009,13500.0,50000,2,2,1,1061.0,67.0
2013,27500.0,80000,2,2,1,1196.0,73.0
2018,74000.0,15000,2,2,0,1198.0,108.5
2019,69000.0,1303,2,2,0,1198.0,86.7
2018,100000.0,4295,2,2,0,1496.0,105.5
2018,100000.0,5229,2,2,0,1496.0,105.5
2019,55000.0,4701,2,2,0,1197.0,81.86
2016,60000.0,6757,2,2,0,1197.0,81.8
2016,67500.0,28182,2,1,0,1598.0,103.52
2019,95000.0,11533,2,2,0,1498.0,104.55
2017,85000.0,11688,2,2,0,1497.0,117.3
2012,55000.0,57728,2,1,0,1794.0,138.1
2018,92500.0,23712,1,2,0,1248.0,88.5
2015,62500.0,70670,2,1,0,1499.0,110.0
2014,20000.0,43381,2,2,1,796.0,47.3
2014,63500.0,79011,2,1,0,1497.0,117.3
2016,55000.0,56494,2,2,0,1199.0,88.7
2014,42500.0,50000,1,2,1,1248.0,88.73
2011,22000.0,40000,2,2,0,998.0,67.1
2018,59000.0,10000,2,2,0,1197.0,81.86
2017,77500.0,35000,1,2,0,2498.0,105.0
2015,35000.0,58500,2,2,0,1197.0,85.8
2018,57500.0,20000,2,2,0,1197.0,83.1
2011,20000.0,43500,2,2,1,1198.0,75.0
2015,60000.0,63000,1,2,0,1498.0,98.59
2016,72000.0,35000,1,2,0,2523.0,62.1
2012,15800.0,110000,1,2,1,1396.0,69.0
2017,58000.0,30000,2,1,0,1197.0,81.86
2012,42000.0,50000,1,2,0,2523.0,62.1
2018,120000.0,35000,1,2,0,1497.0,121.0
2018,35000.0,30000,2,2,0,999.0,67.0
2014,65000.0,56000,2,2,0,1497.0,117.3
2017,40000.0,12700,2,2,0,998.0,67.04
2018,70000.0,35000,1,2,0,1497.0,108.5
2017,52000.0,30000,2,2,0,1197.0,82.0
2012,45000.0,120000,1,2,0,2179.0,120.0
2017,85000.0,100000,1,2,0,2179.0,147.94
2017,35000.0,34000,2,2,0,799.0,53.3
2011,45000.0,56000,1,2,0,2489.0,95.0
2008,16500.0,90000,2,2,0,1086.0,68.05
2010,16000.0,65000,2,2,1,1086.0,62.1
2011,30000.0,80000,1,2,0,2179.0,138.0
2012,55000.0,90000,1,2,2,2179.0,120.0
2015,28500.0,40000,2,2,0,998.0,67.05
2016,85000.0,58000,1,2,0,1582.0,126.2
2018,70000.0,19100,2,2,0,1194.0,94.68
2018,90000.0,25000,2,2,0,1462.0,103.0
2016,22000.0,100000,2,2,0,814.0,55.2
2013,12000.0,120000,1,2,0,1248.0,74.0
2010,22000.0,90000,2,2,2,1197.0,80.0
2013,42000.0,46815,1,2,1,1248.0,76.9
2013,16000.0,110000,1,2,0,1405.0,70.0
2015,25000.0,80000,2,2,0,814.0,55.2
2013,38500.0,100000,1,2,2,1248.0,88.8
2014,31800.0,80000,2,2,0,998.0,67.06
2018,48000.0,40000,2,2,0,1197.0,81.86
2015,33000.0,70000,2,2,2,998.0,67.04
2011,15200.0,80000,1,2,0,1405.0,71.0
2014,25000.0,40000,2,2,0,796.0,47.3
2011,24800.0,80000,1,2,0,1405.0,71.0
2011,30000.0,60000,2,2,1,1198.0,75.0
2017,55000.0,50000,2,2,0,1197.0,81.83
2016,65000.0,30000,1,2,0,1396.0,88.73
2017,44500.0,25000,2,2,0,1197.0,82.0
2016,60000.0,100000,1,2,0,1493.0,100.0
2014,49500.0,175000,1,2,0,1461.0,108.45
2011,22000.0,65000,2,1,2,1586.0,103.3
2011,26000.0,65000,2,1,2,1586.0,103.3
2009,15000.0,90000,2,2,0,1086.0,62.1
2011,20000.0,80000,1,2,1,1399.0,68.0
2012,28500.0,80000,1,2,1,1458.625015808777,91.51791898382203
2008,25000.0,60000,2,1,2,1339.0,108.5
2014,31000.0,160000,1,2,0,2489.0,93.7
2018,56000.0,20000,2,2,0,1197.0,83.1
2016,50000.0,30000,2,2,0,1197.0,83.14
2013,27000.0,118000,1,2,0,1120.0,70.0
2013,42000.0,69000,1,2,2,1582.0,126.32
2015,43499.9,25000,2,2,1,1197.0,83.14
2015,40000.0,100000,2,1,0,1197.0,81.86
2015,47000.0,110000,1,2,0,1248.0,74.0
2015,48000.0,60000,1,2,2,1461.0,83.8
2008,10500.0,128000,2,2,0,1086.0,62.0
2017,32500.0,120000,1,2,0,1047.0,69.0
2012,28000.0,80000,1,2,1,1458.625015808777,91.51791898382203
2020,67500.0,5000,2,1,0,1197.0,81.86
2009,17000.0,90000,2,2,1,1197.0,78.9
2012,60000.0,144030,2,2,0,2354.0,177.6
2016,65000.0,29000,2,2,0,1197.0,81.83
2007,10500.0,90000,4,2,1,1061.0,57.5
2009,20000.0,176000,1,2,1,1461.0,66.0
2013,20000.0,150000,1,2,0,1396.0,69.0
2016,22000.0,90000,2,2,0,796.0,34.2
2014,50000.0,70000,2,2,1,1598.0,103.2
2007,17500.0,99000,1,2,1,1461.0,65.0
2018,45000.0,5000,2,2,0,1199.0,84.0
2008,21000.0,90000,1,2,2,1991.0,123.7
2011,27000.0,89000,1,2,1,1248.0,73.9
2006,11000.0,88000,1,2,1,1405.0,62.0
2015,48000.0,30000,1,2,0,1248.0,74.0
2016,65000.0,50000,1,1,1,1248.0,74.0
2013,48000.0,80000,1,2,0,1248.0,74.0
2016,70000.0,40000,1,2,0,1396.0,88.73
2015,65000.0,110000,1,2,2,1248.0,88.76
2018,108000.0,12800,2,1,0,1496.0,105.5
2012,17000.0,40000,2,2,0,814.0,55.2
2017,61000.0,49000,1,2,0,1248.0,74.0
2014,35000.0,25000,2,2,0,1197.0,85.8
2016,26000.0,65000,2,2,1,796.0,47.3
2015,70000.0,20000,1,2,0,1248.0,91.7
2018,67800.0,17000,2,2,0,999.0,75.0
2015,80000.0,15000,1,2,0,1248.0,88.5
2014,40000.0,120000,1,2,1,1364.0,67.04
2010,30000.0,49000,2,2,0,1197.0,80.0
2016,52000.0,29000,2,2,0,1197.0,81.83
2017,85000.0,55000,1,1,0,1461.0,108.5
2017,83000.0,35000,1,2,0,1497.0,108.5
2018,43000.0,5000,2,2,1,1198.0,67.0
2017,85000.0,60000,1,2,0,1498.0,98.59
2017,65000.0,70000,2,2,0,1197.0,83.14
2008,12000.0,120000,1,2,1,1493.0,110.0
2016,73000.0,65100,1,2,1,1493.0,100.0
2019,52500.0,20000,2,1,0,1197.0,81.8
2015,60000.0,108000,1,2,0,1396.0,88.73
2019,50000.0,15000,2,2,0,1197.0,81.8
2009,15000.0,77000,2,2,0,1086.0,62.1
2015,40999.9,18500,2,2,0,998.0,67.04
2016,62500.0,120000,1,2,0,1493.0,100.0
2015,29000.0,15200,2,2,0,799.0,53.3
2015,50000.0,35000,2,2,0,1497.0,117.3
2011,47500.0,80000,1,2,0,1582.0,126.32
2013,19000.0,70000,2,2,0,814.0,55.2
2014,75000.0,80000,1,2,1,2179.0,140.0
2014,52500.0,120000,1,2,1,1461.0,108.5
2012,49500.0,82000,1,2,2,1998.0,163.7
2015,50300.0,110000,1,2,0,2179.0,147.94
2013,22500.0,58343,2,2,0,998.0,67.05
2018,74000.0,38817,1,2,0,1248.0,74.0
2016,55000.0,56494,2,2,0,1199.0,88.7
2013,75000.0,79328,1,2,1,2494.0,100.6
2019,65000.0,5621,2,1,0,1197.0,81.8
2017,62500.0,25538,2,2,0,1496.0,88.73
2018,60000.0,69779,2,1,0,1197.0,81.8
2017,45000.0,56290,1,2,0,1186.0,73.97
2019,77900.0,7032,2,1,0,1199.0,88.76
2016,64500.0,11000,2,1,0,1598.0,103.5
2010,32100.0,60000,2,1,1,1497.0,118.0
2017,58500.0,50000,2,2,0,1197.0,78.9
2011,22500.0,70000,1,2,0,1399.0,68.0
2017,50000.0,70000,1,2,0,1498.0,98.6
2011,35000.0,90000,1,2,2,1396.0,90.0
2016,75600.0,70000,1,2,1,1248.0,88.5
2014,24000.0,50000,2,2,0,796.0,47.3
2012,8000.0,120000,2,2,1,796.0,35.0
2019,80000.0,5000,2,2,0,1197.0,81.86
2009,32000.0,80000,1,2,2,2179.0,120.0
2017,50999.9,25000,2,2,0,1197.0,82.0
2019,65000.0,15000,1,2,0,1248.0,74.0
2011,21000.0,35000,2,2,1,998.0,67.1
2008,11000.0,80000,2,2,1,796.0,46.3
2017,66500.0,25000,1,2,0,1497.0,108.5
2017,55500.0,52000,1,2,0,1498.0,108.62
2017,56000.0,52000,1,2,0,1498.0,108.62
2016,37500.0,80000,1,2,0,1198.0,77.0
2011,29000.0,77000,1,2,1,1458.625015808777,91.51791898382203
2017,60500.0,127000,1,2,0,1248.0,74.02
2017,72000.0,30000,2,2,0,1199.0,88.7
2017,80000.0,70000,1,2,0,1248.0,88.5
2011,35000.0,116500,1,2,0,1396.0,90.0
2012,60000.0,145000,1,2,1,2494.0,100.0
2012,30000.0,120000,2,2,0,1197.0,82.85
2011,24000.0,120000,1,2,0,2179.0,138.1
2016,37700.0,80000,1,2,0,1498.0,99.0
2013,45000.0,140000,2,2,0,1373.0,93.7
2008,16000.0,100000,2,2,2,1599.0,103.2
2019,52500.0,100000,2,2,0,1197.0,81.86
2011,55000.0,168000,1,2,1,2494.0,102.0
2010,27000.0,120000,1,2,2,1991.0,147.9
2016,57000.0,145000,1,2,1,1364.0,67.05
2011,22500.0,90000,1,2,1,1399.0,68.0
2019,59000.0,90000,2,2,0,1197.0,81.86
2019,80000.0,33000,2,2,0,1194.0,94.93
2014,45000.0,13500,2,2,0,1199.0,82.4
2012,30000.0,80000,1,2,0,1405.0,70.0
2017,64500.0,20000,2,2,0,1197.0,81.83
2013,52000.0,58000,1,2,0,1248.0,74.0
2013,20000.0,40000,2,2,0,814.0,55.2
2015,70000.0,30000,2,2,0,1497.0,117.3
2016,45999.9,73000,1,2,0,1498.0,99.0
2014,32500.0,90000,1,2,1,1248.0,73.94
2015,35000.0,50000,2,2,1,998.0,67.04
2011,44000.0,80000,1,2,2,1582.0,126.3
2011,32000.0,70000,1,2,1,1396.0,90.0
2011,16900.0,41000,2,2,0,995.0,62.0
2013,35000.0,50000,2,2,2,1198.0,73.9
2014,35000.0,113226,1,2,0,1399.0,67.0
2013,31000.0,90000,1,2,1,1399.0,68.1
2007,15000.0,70000,2,2,2,1458.625015808777,91.51791898382203
2010,42000.0,160500,1,2,2,2179.0,115.0
2015,68500.0,30000,2,1,0,1373.0,91.1
2014,56000.0,132000,1,2,1,1461.0,108.45
2013,47000.0,120000,1,2,2,1248.0,74.0
2011,38000.0,80000,2,2,1,1599.0,103.2
2015,67000.0,57000,1,2,1,1997.0,120.0
2018,55000.0,5000,2,2,0,1197.0,81.8
2016,74900.0,25000,2,2,0,1591.0,121.3
2015,89900.0,80000,1,2,1,1582.0,126.2
2011,29000.0,88000,1,2,2,1991.0,123.7
2015,35000.0,60000,2,2,0,1198.0,67.0
2017,50000.0,43000,2,2,0,1197.0,83.14
2014,40000.0,77000,1,1,1,1498.0,103.6
2016,26000.0,30000,2,2,0,799.0,53.3
2015,22000.0,40000,2,2,1,796.0,47.3
2014,19000.0,139000,1,2,1,1248.0,73.8
2016,40000.0,80000,2,2,0,1197.0,82.0
2014,17000.0,76000,1,2,1,936.0,56.3
2019,65000.0,3500,2,2,0,1197.0,81.86
2007,6000.0,62000,2,2,1,796.0,37.0
2007,30000.0,110000,2,2,1,2092.0,127.0
2012,12500.0,40000,2,2,1,995.0,62.1
2013,13000.0,120000,1,2,1,1458.625015808777,91.51791898382203
2011,17000.0,70000,2,2,2,796.0,46.3
2012,31000.0,77000,1,2,1,1248.0,73.9
2011,13000.0,110000,2,2,1,995.0,62.0
2016,46500.0,20000,2,2,0,998.0,67.04
2012,26000.0,16830,2,2,0,998.0,67.1
2013,50000.0,70000,1,2,0,2523.0,63.0
2017,32500.0,38000,2,2,0,999.0,67.0
2013,40000.0,80000,1,2,0,2523.0,63.0
2007,20000.0,50000,1,2,0,1396.0,52.8
2013,45000.0,52000,1,2,0,1493.0,100.0
2012,22999.9,50000,1,2,0,1405.0,70.0
2016,34000.0,30000,2,2,0,814.0,55.2
2014,55000.0,103000,1,2,0,2523.0,62.1
2010,22500.0,80000,2,2,1,1595.0,102.0
2013,28000.0,70000,1,2,0,1396.0,69.0
2019,70000.0,4500,2,2,0,1199.0,88.76
2012,25900.0,35000,1,2,0,1396.0,69.0
2015,41600.0,40000,2,1,0,1499.0,110.4
2011,25000.0,70000,1,2,0,1248.0,90.0
2010,21000.0,120000,1,2,0,1248.0,88.8
2008,29000.0,120000,1,2,1,2179.0,120.0
2012,22000.0,90000,1,2,0,1396.0,69.0
2012,24600.0,35000,1,2,1,1396.0,69.0
2018,26000.0,30000,2,2,0,796.0,34.2
2018,105000.0,70000,1,2,0,1396.0,88.7
2012,29000.0,60000,1,2,0,1248.0,88.76
2013,31000.0,70000,1,2,0,1396.0,69.0
2018,70000.0,6000,2,2,0,1197.0,81.83
2016,55000.0,20000,2,2,0,1197.0,81.8
2017,45000.0,70000,1,2,0,1405.0,69.01
2016,77300.0,65000,2,2,0,1497.0,117.3
2017,45000.0,25000,2,2,0,1199.0,84.0
2019,40999.9,10000,2,2,0,1196.0,73.0
2014,60000.0,80000,2,1,1,2496.0,179.5
2010,25000.0,63000,2,2,0,1199.0,79.4
2008,7000.0,100000,1,2,0,1405.0,62.0
2019,69000.0,1303,2,2,0,1198.0,86.7
2018,100000.0,4295,2,2,0,1496.0,105.5
2018,100000.0,5229,2,2,0,1496.0,105.5
2018,92500.0,23712,1,2,0,1248.0,88.5
2016,55000.0,56494,2,2,0,1199.0,88.7
2018,43000.0,16589,2,2,0,998.0,67.04
2013,75000.0,79328,1,2,1,2494.0,100.6
2016,67500.0,53201,2,2,1,1497.0,117.3
2017,57000.0,25272,2,2,0,1197.0,81.8
2017,85000.0,53619,1,2,0,1248.0,88.5
2019,77900.0,7032,2,1,0,1199.0,88.76
2018,64000.0,6001,2,2,0,1496.0,120.69
2013,25000.0,80000,1,2,0,1405.0,69.01
2017,88900.0,25000,2,2,0,1497.0,121.31
2017,75000.0,40000,1,2,1,1396.0,88.73
2010,32000.0,130000,1,2,2,1248.0,75.0
2018,100000.0,40000,1,2,0,1248.0,88.5
2008,25000.0,120000,2,2,1,1497.0,78.0
2015,60000.0,60000,1,2,0,1248.0,74.0
2009,16500.0,60000,2,2,0,998.0,67.1
2016,70000.0,78000,1,2,0,1248.0,74.0
2013,58500.0,80000,1,2,1,1461.0,83.8
2006,12000.0,120000,2,2,2,796.0,46.3
2006,15000.0,100000,2,2,1,796.0,46.3
2009,15000.0,70000,2,2,2,796.0,46.3
2006,25000.0,120000,1,2,2,2179.0,120.0
2013,59900.0,60000,1,2,1,1248.0,88.76
2010,25000.0,135000,1,2,2,1991.0,147.9
2016,57000.0,90000,2,2,0,1197.0,81.8
2013,44000.0,75000,1,2,1,1199.0,73.9
2015,30000.0,71717,2,1,1,1198.0,76.0
2011,50000.0,150000,1,1,1,2179.0,120.0
2016,66000.0,55000,1,2,0,1248.0,74.0
2012,25600.0,90000,2,2,1,1596.0,99.6
2018,40999.9,35000,2,2,0,999.0,67.0
2011,25000.0,100000,4,2,1,1086.0,62.1
2009,28000.0,40000,2,1,2,1799.0,130.0
2010,30000.0,100000,1,2,0,2489.0,95.0
2016,90000.0,120000,1,2,0,2179.0,147.94
2014,19000.0,60000,2,2,0,998.0,67.1
2019,80000.0,2000,1,2,0,2523.0,63.0
2012,45000.0,100000,1,2,0,2523.0,75.0
2015,40000.0,110000,1,2,0,2489.0,93.7
2009,15000.0,90000,1,2,1,2179.0,138.1
2011,20000.0,84321,1,2,0,1396.0,70.0
2013,60000.0,177000,1,2,0,2179.0,140.0
2010,17500.0,60000,1,2,0,1248.0,75.0
2008,21500.0,70000,2,2,1,1197.0,78.9
2011,19000.0,70000,2,2,2,1458.625015808777,91.51791898382203
2013,52000.0,126000,1,2,1,1461.0,108.45
2015,28500.0,70000,1,2,0,1405.0,70.0
2017,66000.0,82000,1,2,0,1493.0,100.0
2015,51500.0,45000,2,2,1,1197.0,83.14
2012,29500.0,70000,1,2,1,1461.0,84.8
2015,70000.0,80000,1,2,1,1461.0,83.8
2017,110000.0,45000,1,2,0,2179.0,120.0
2017,30000.0,60000,2,2,0,998.0,68.05
2013,45000.0,41800,2,2,0,1197.0,85.8
2010,13500.0,132000,2,2,1,1458.625015808777,91.51791898382203
2017,70000.0,50000,1,2,1,1248.0,74.02
2012,25000.0,40000,1,2,0,1399.0,68.0
2009,14000.0,96000,2,2,1,1061.0,67.0
2012,25000.0,117000,1,2,0,2498.0,112.0
2011,21000.0,110000,2,2,1,1086.0,68.05
2014,42000.0,100000,1,2,1,1498.0,98.6
2007,13000.0,88700,2,2,2,796.0,46.3
2012,32000.0,70000,2,2,1,1498.0,97.7
2010,20000.0,110000,2,2,1,1061.0,64.0
2016,31000.0,15000,2,2,0,796.0,47.3
2012,20000.0,80000,1,2,1,1461.0,65.0
2014,35000.0,50000,2,2,0,1197.0,85.8
2018,44400.0,15000,2,2,0,814.0,55.2
2017,30000.0,25000,2,2,0,799.0,53.64
2011,22500.0,57000,1,2,1,1461.0,64.1
2012,60000.0,75000,1,2,0,2523.0,62.1
2013,26000.0,26000,2,2,0,1196.0,73.0
2015,37500.0,160000,1,2,0,1120.0,71.01
2013,26000.0,26000,2,2,0,1196.0,73.0
2010,15000.0,120000,2,2,1,796.0,46.3
2014,11000.0,50000,2,2,1,796.0,46.3
2012,22500.0,40000,2,2,0,796.0,46.3
2011,40000.0,90000,1,2,2,1458.625015808777,91.51791898382203
2017,86000.0,28000,2,2,0,1497.0,117.3
2018,65000.0,50000,1,2,0,1248.0,74.02
2014,65000.0,90000,1,2,0,1248.0,88.8
2016,71000.0,40000,1,2,0,1396.0,88.7
2017,43000.0,113000,1,2,0,1498.0,99.0
2011,30500.0,188000,1,2,1,1248.0,75.0
2011,22000.0,100000,1,2,0,1399.0,68.0
2017,66000.0,67000,1,2,1,1493.0,100.0
2011,14000.0,70000,1,2,2,936.0,57.6
2017,62500.0,34000,1,1,0,1498.0,108.495
2012,54000.0,100000,2,2,1,1497.0,116.3
2017,55000.0,10000,2,1,0,1197.0,81.86
2018,47500.0,30000,2,2,0,998.0,67.04
2018,54000.0,7000,2,2,0,1086.0,68.0
2018,91000.0,20000,1,2,0,2596.0,80.8
2019,48499.9,4875,2,2,0,998.0,67.04
2018,95000.0,58511,1,2,0,1248.0,88.5
2015,36500.0,105000,1,2,0,1498.0,99.0
2018,90000.0,26235,1,2,0,2498.0,105.0
2017,91999.9,26766,1,2,0,1497.0,108.5
2019,107500.0,23000,1,2,0,1497.0,121.0
2017,60000.0,24522,2,2,0,1197.0,81.8
2016,83900.0,63000,1,2,0,1248.0,88.5
2019,63500.0,2000,2,2,0,1199.0,74.0
2011,18000.0,190000,1,2,2,1461.0,65.0
2015,65000.0,80000,1,2,0,1498.0,98.6
2011,35000.0,80000,2,2,1,1198.0,90.0
2015,26500.0,54000,2,2,0,998.0,67.05
2018,33000.0,30000,2,2,0,999.0,67.0
2019,39500.0,5000,2,2,0,1196.0,73.0
2015,70000.0,58945,1,2,0,1493.0,100.0
2012,30000.0,90000,1,2,0,1399.0,68.0
2013,62500.0,160000,1,2,2,1248.0,88.76
2014,42500.0,80000,1,2,1,1598.0,103.6
2015,25000.0,80000,1,2,1,1405.0,69.01
2015,45999.9,156975,1,2,0,2523.0,62.1
2014,30000.0,50000,2,2,0,1199.0,82.4
2018,95000.0,27620,1,2,0,1498.0,98.59
2013,48499.9,120000,1,2,0,2179.0,120.0
2009,16100.0,120000,1,2,2,2498.0,112.0
2015,50000.0,58000,2,2,0,1197.0,81.86
2012,35000.0,50000,2,2,0,1498.0,97.7
2017,55000.0,40000,2,1,0,1197.0,81.8
2018,85000.0,7800,2,2,0,1199.0,88.7
2016,24000.0,50000,2,2,0,796.0,47.3
2015,42300.0,60000,2,2,1,1373.0,93.7
2011,35000.0,58000,1,2,1,2179.0,138.1
2011,17000.0,70000,2,2,2,998.0,66.1
2015,45000.0,70000,2,2,0,1196.0,86.8
2009,15000.0,110000,2,2,1,1197.0,78.9
2016,51100.0,80000,1,2,0,1396.0,88.73
2018,85000.0,59000,1,2,0,1498.0,93.87
2018,25000.0,110000,1,2,0,1396.0,69.0
2020,42000.0,25000,2,2,0,998.0,67.04
2014,18000.0,55000,2,2,0,796.0,47.3
2015,40000.0,25000,1,2,0,793.0,47.0
2016,50000.0,143200,1,2,0,1498.0,99.0
2012,20499.9,120000,1,2,0,1461.0,63.1
2014,45999.9,145000,1,2,1,1248.0,88.5
2017,60000.0,30000,2,2,0,1197.0,81.83
2019,58500.0,8000,2,2,0,1197.0,81.86
2012,55100.0,170000,1,2,0,2499.0,141.0
2013,52500.0,100000,1,2,0,1248.0,74.0
2012,16000.0,62000,2,2,0,796.0,35.0
2014,82500.0,110000,1,2,0,2179.0,140.0
2007,12700.0,137000,3,2,0,1458.625015808777,91.51791898382203
2015,60000.0,80000,1,2,1,2499.0,72.4
2013,55000.0,100000,1,2,0,1248.0,74.0
2015,65000.0,120000,1,2,0,2523.0,63.0
2019,75000.0,24000,1,2,0,1248.0,74.02
2017,38000.0,80000,1,2,0,1198.0,77.0
2012,40000.0,138000,1,2,0,1582.0,126.32
2017,75000.0,60000,1,2,0,1493.0,100.0
2011,15000.0,80000,2,2,0,995.0,62.0
2016,24500.0,50000,2,2,0,796.0,47.3
2013,26000.0,189000,1,2,0,1248.0,88.76
2014,41100.0,90000,1,1,1,1498.0,103.2
2014,45000.0,56000,1,2,0,1396.0,88.76
2016,35100.0,60000,2,2,0,998.0,67.04
2012,55000.0,130000,1,2,0,2179.0,140.0
2013,26000.0,189000,1,2,0,1248.0,88.76
2014,41100.0,90000,1,1,1,1498.0,103.2
2014,45000.0,56000,1,2,0,1396.0,88.76
2016,35100.0,60000,2,2,0,998.0,67.04
2012,55000.0,130000,1,2,0,2179.0,140.0
2016,75000.0,35000,1,2,0,1461.0,83.8
2015,80000.0,35000,1,2,0,1461.0,83.8
2011,35000.0,156000,1,2,0,2179.0,138.1
2013,20000.0,90000,2,2,0,796.0,47.3
2008,15000.0,60000,1,2,2,1405.0,70.0
2016,80000.0,36000,1,2,0,1461.0,108.5
2017,35000.0,20000,2,2,1,814.0,55.2
2011,35000.0,160000,1,2,0,2179.0,138.0
2006,25000.0,185000,1,2,0,2609.0,116.6
2010,17000.0,110000,1,2,1,1405.0,71.0
2018,39500.0,10800,2,2,0,799.0,53.3
2012,45000.0,120000,1,2,0,2523.0,62.1
2019,50000.0,15000,2,2,0,1197.0,81.8
2012,20000.0,67500,1,2,0,1948.0,68.0
2016,40000.0,50000,1,2,0,1198.0,77.0
2016,65000.0,100000,1,2,0,1493.0,100.0
2016,55000.0,150000,1,2,0,2523.0,63.0
2012,25499.9,30000,2,2,0,796.0,47.3
2011,18000.0,60000,2,2,0,796.0,46.3
2008,22500.0,120000,1,2,1,1991.0,123.7
2015,27000.0,49900,2,2,1,796.0,47.3
2012,31000.0,86000,1,2,0,1248.0,88.8
2015,22500.0,71850,2,2,0,1198.0,67.0
2015,30000.0,95000,1,2,2,1248.0,75.0
2008,25000.0,70000,2,2,2,1298.0,85.8
2011,18000.0,35000,2,2,0,814.0,55.2
2015,55000.0,50000,2,2,0,1197.0,83.14
2007,30000.0,120000,1,2,2,2523.0,63.0
2015,90000.0,145000,1,2,0,1582.0,126.2
2012,25499.9,190000,1,2,2,1458.625015808777,91.51791898382203
2015,59000.0,110000,1,2,0,1248.0,74.0
2008,17000.0,112000,4,2,1,1061.0,57.5
2016,47500.0,110000,1,2,0,1248.0,73.94
2018,70000.0,29000,1,2,0,1186.0,73.97
2011,37600.0,60000,2,2,0,998.0,67.1
2012,44000.0,120000,1,1,2,2179.0,120.0
2016,39000.0,80000,2,2,0,998.0,67.04
2012,32500.0,110000,1,2,1,2523.0,62.1
2010,17000.0,75000,2,2,1,796.0,46.3
2010,21500.0,120000,1,2,2,1248.0,73.9
2010,35000.0,110000,2,2,2,1497.0,118.0
2009,8000.0,80000,2,2,2,995.0,62.0
2012,19500.0,80000,2,2,1,814.0,55.2
2011,28000.0,85000,1,2,0,1458.625015808777,91.51791898382203
2014,33500.0,71000,1,2,0,1461.0,84.8
2011,47500.0,108000,1,2,0,2179.0,140.0
2015,48499.9,75000,1,2,0,1461.0,83.8
2018,65000.0,22000,2,2,1,1462.0,103.25
2018,70000.0,30000,2,2,1,1197.0,81.83
2018,90000.0,60000,1,2,0,2523.0,75.0
2013,35000.0,80000,1,2,0,1199.0,73.9
2017,75000.0,51777,1,2,0,1248.0,88.5
2018,60000.0,20000,2,2,0,1199.0,88.76
2018,56500.0,19000,2,2,0,999.0,75.0
2016,32900.0,19000,2,2,0,1198.0,67.0
2016,65000.0,50000,1,2,0,1498.0,98.59
2015,82200.0,60000,1,2,0,1582.0,126.2
2013,34500.0,100000,1,2,1,1461.0,108.45
2012,33000.0,50000,1,2,1,1248.0,74.0
2014,30000.0,74537,2,2,1,998.0,67.04
2009,20000.0,90000,2,1,1,1586.0,103.3
2012,20000.0,80000,1,2,1,1458.625015808777,91.51791898382203
2010,9000.0,70000,2,2,1,995.0,62.0
2010,20000.0,80000,2,2,1,1061.0,67.0
2016,55000.0,35000,1,2,0,1120.0,71.0
2015,25000.0,23500,2,2,0,1199.0,76.8
2017,97500.0,82000,1,2,0,1498.0,97.9
2018,61000.0,15000,2,2,0,1197.0,81.83
2017,62000.0,30000,1,2,0,1248.0,74.0
2016,40000.0,30000,2,2,0,1197.0,82.0
2019,50000.0,11000,2,2,0,998.0,67.0
2017,20000.0,140000,2,2,0,1198.0,67.05
2016,36000.0,110000,1,2,0,1248.0,88.7
2012,25200.0,48000,2,2,0,998.0,67.1
2012,28000.0,70000,1,2,1,1248.0,74.0
2018,50999.9,70000,2,2,1,1197.0,81.8
2016,105000.0,58000,1,2,0,1997.0,120.0
2010,20000.0,40000,4,2,2,1061.0,57.5
2010,32000.0,40000,1,2,1,2498.0,112.0
2013,52000.0,110000,1,2,0,2179.0,120.0
2007,25000.0,80000,1,2,1,2179.0,138.1
2017,72500.0,60000,1,2,0,1248.0,88.5
2015,58500.0,50000,1,2,0,2523.0,62.1
2017,43000.0,25000,2,2,0,1199.0,84.0
2011,23500.0,100000,1,2,1,1248.0,74.0
2012,35000.0,52000,1,2,2,1248.0,73.9
2010,13100.0,80000,2,2,2,1086.0,68.05
2016,45000.0,85000,1,2,0,1498.0,98.6
2016,75000.0,83000,1,2,0,1248.0,88.5
2013,20000.0,50000,2,2,0,796.0,47.3
2009,12500.0,120000,2,2,2,1061.0,67.0
2014,50000.0,100000,1,2,0,2523.0,62.1
2012,38000.0,70000,1,2,2,1248.0,74.0
2008,12800.0,19000,2,2,0,796.0,46.3
2009,25000.0,68600,2,2,2,1497.0,118.0
2017,69000.0,60000,1,2,0,1493.0,70.0
2014,65000.0,65000,1,2,1,2523.0,62.1
2012,56000.0,40000,2,2,1,1497.0,116.3
2012,12000.0,160000,1,2,1,1458.625015808777,91.51791898382203
2016,40000.0,25000,2,2,0,998.0,67.04
2012,20000.0,29500,2,2,0,998.0,67.1
2018,95000.0,13887,2,2,0,1591.0,121.3
2016,30000.0,50000,2,2,1,796.0,47.3
2016,31500.0,30000,2,2,1,799.0,53.3
2012,22000.0,100000,2,2,0,796.0,47.3
2011,13000.0,60000,2,2,1,1399.0,92.7
2016,59500.0,60000,1,2,1,1396.0,88.73
2011,11000.0,120000,1,2,0,1405.0,70.0
2017,68000.0,13500,2,2,0,1497.0,121.36
2013,28000.0,52000,1,2,0,1248.0,75.0
2017,53000.0,30000,2,2,1,1197.0,83.1
2017,61000.0,14000,2,2,0,1197.0,82.0
2014,50000.0,90000,1,2,1,2179.0,147.9
2018,50000.0,50000,1,2,0,1047.0,69.0
2010,25000.0,120000,1,2,1,2489.0,95.0
2018,32500.0,10000,2,2,0,814.0,55.2
2018,55000.0,10000,2,2,0,1197.0,83.1
2018,72000.0,25000,2,2,0,1373.0,91.1
2017,95000.0,20000,2,2,0,1591.0,121.3
2013,35000.0,60000,1,2,0,1248.0,74.0
2018,50000.0,40000,2,2,0,1197.0,81.86
2012,38000.0,60000,1,2,0,1248.0,73.9
2015,38000.0,50000,2,1,0,1197.0,82.0
2017,90000.0,20000,2,2,0,1591.0,121.3
2017,29500.0,35000,2,2,0,796.0,47.3
2016,64000.0,40000,1,2,0,1248.0,88.5
2018,79000.0,60000,1,2,0,1497.0,108.5
2015,62500.0,20000,2,2,0,1591.0,121.4
2017,60400.0,30000,2,2,1,1497.0,121.36
2015,31500.0,29000,2,2,0,998.0,67.05
2019,95000.0,17000,1,2,0,1497.0,115.0
2017,40000.0,50000,2,2,0,998.0,67.04
2018,70000.0,42000,2,1,0,1368.0,98.63
2012,26000.0,110000,1,2,0,1461.0,65.0
2012,20000.0,90000,1,2,0,1396.0,70.0
2020,58000.0,70000,2,2,0,1197.0,88.5
2011,33000.0,66000,1,2,1,1598.0,105.0
2011,40000.0,70000,1,2,2,1493.0,110.0
2014,25000.0,50000,1,2,1,1461.0,65.0
2019,72500.0,25000,2,2,0,1598.0,103.2
2013,30000.0,70000,1,2,0,1248.0,74.0
2006,12000.0,40000,2,2,1,796.0,37.0
2009,38000.0,150000,1,2,0,2179.0,138.0
2014,40000.0,45000,1,2,0,1405.0,70.0
2011,22999.9,140000,1,2,1,2179.0,138.1
2011,55000.0,106000,1,1,1,1968.0,138.1
2008,15000.0,60000,2,2,2,1150.0,74.9
2017,26500.0,40000,2,2,1,796.0,34.2
2011,30000.0,138000,2,2,2,1197.0,80.0
2015,28000.0,80000,2,2,0,796.0,47.3
2015,35000.0,50000,2,2,0,1199.0,82.4
2009,20000.0,120000,2,2,0,1197.0,85.8
2018,55000.0,24400,2,2,0,1197.0,81.8
2013,40000.0,60000,1,2,1,2523.0,62.1
2010,17000.0,120000,2,2,1,1197.0,85.8
2015,60000.0,60000,1,2,1,1396.0,88.7
2011,13000.0,100000,2,2,1,796.0,46.3
2007,12000.0,60000,3,2,1,1458.625015808777,91.51791898382203
2011,10000.0,120000,2,2,1,796.0,37.0
2016,31000.0,27500,2,2,0,799.0,53.3
2007,3500.0,10000,2,2,0,796.0,37.0
2010,20000.0,120000,2,2,2,1197.0,80.0
2009,27000.0,70000,1,2,1,1458.625015808777,91.51791898382203
2015,65000.0,80000,1,2,0,1396.0,88.73
2013,21000.0,120000,2,2,0,1193.0,64.1
2015,50999.9,90000,1,2,0,1120.0,71.01
2013,22999.9,70000,1,2,0,1399.0,68.1
2014,40999.9,188000,1,2,1,1461.0,108.45
2011,13000.0,67840,2,2,0,995.0,62.0
2013,9500.0,30000,2,2,0,624.0,37.48
2016,22500.0,35000,2,2,1,796.0,47.3
2010,25699.9,150000,1,2,1,1458.625015808777,91.51791898382203
2017,77500.0,100000,1,2,0,1248.0,88.5
2017,42000.0,30000,2,2,0,998.0,67.04
2016,48000.0,70000,2,2,0,1197.0,82.0
2011,21000.0,84050,2,2,0,1458.625015808777,91.51791898382203
2018,60000.0,15000,2,2,0,1199.0,74.0
2009,14000.0,140000,1,2,1,1399.0,68.0
2010,13000.0,120000,2,2,2,796.0,35.0
2007,19500.0,112880,1,2,0,1248.0,74.0
2013,21000.0,135000,1,2,1,1405.0,70.0
2006,13000.0,80000,2,2,2,998.0,67.1
2012,14100.0,128000,2,2,2,1199.0,79.4
2011,28000.0,120000,1,2,0,2523.0,63.0
2010,35000.0,30000,2,1,0,1586.0,103.2
2018,57500.0,70000,2,2,0,1198.0,108.5
2015,55000.0,41000,2,2,0,1197.0,81.83
2011,42000.0,28100,2,2,0,1458.625015808777,91.51791898382203
2006,12000.0,30000,2,2,1,796.0,46.3
2015,32000.0,30000,2,2,0,998.0,67.05
2011,25000.0,35000,2,2,0,1495.0,93.7
2010,30000.0,22000,2,2,0,1586.0,104.68
2006,25000.0,70000,2,2,0,998.0,67.1
2018,75000.0,70000,1,2,0,1493.0,70.0
2011,30000.0,120000,1,2,0,2179.0,138.03
2019,57700.0,3000,2,2,0,1197.0,81.8
2012,22999.9,50000,2,2,0,998.0,67.1
2013,50000.0,50000,1,2,0,2523.0,62.1
2019,84000.0,1500,2,1,0,1199.0,88.7
2017,90000.0,74000,1,2,0,1498.0,108.6
2017,65000.0,25000,2,2,0,1199.0,88.7
2016,65000.0,61915,1,2,0,1498.0,98.6
2016,25000.0,110000,2,2,0,814.0,55.2
2016,55000.0,70000,1,2,0,1498.0,88.0
2007,25000.0,150000,1,2,2,1248.0,75.0
2013,35000.0,110000,1,2,1,1493.0,100.0
2014,18500.0,90000,1,2,1,936.0,56.3
2010,22999.9,120000,2,2,2,1196.0,70.0
2016,100000.0,65000,1,2,0,2494.0,100.6
2019,49000.0,10000,2,2,0,1197.0,81.8
2009,15000.0,80000,2,2,1,1197.0,78.9
2013,60000.0,184000,1,2,0,1248.0,88.76
2013,27000.0,80000,3,2,1,998.0,58.33
2008,15000.0,89000,2,2,1,1586.0,104.68
2014,33500.0,33033,2,2,0,1198.0,86.8
2013,52500.0,69000,1,2,1,1248.0,74.0
2015,46500.0,63063,2,1,0,1197.0,82.0
2012,8300.0,90000,1,2,1,1396.0,69.0
2017,30000.0,8000,2,2,0,814.0,55.2
2012,35000.0,35000,2,2,0,1197.0,80.0
2011,30000.0,45000,2,2,0,1197.0,80.0
2011,25000.0,30000,1,2,0,1248.0,91.2
2006,11499.9,59000,2,2,1,796.0,37.0
2018,70000.0,6200,2,2,0,1462.0,103.0
2020,25000.0,120000,2,2,1,998.0,67.0
2016,35000.0,70000,2,2,0,998.0,67.04
2017,85000.0,110000,1,2,0,2523.0,75.0
2007,9000.0,93000,2,2,2,995.0,62.0
2014,60000.0,110000,1,2,0,2499.0,72.4
2007,13500.0,57000,2,2,0,796.0,46.3
2012,25900.0,35000,1,2,0,1396.0,69.0
2012,22000.0,90000,1,2,0,1396.0,69.0
2012,24600.0,35000,1,2,1,1396.0,69.0
2009,24000.0,120000,2,2,0,1298.0,85.8
2018,94600.0,60000,1,2,0,1396.0,88.7
2011,21500.0,70000,1,2,0,1396.0,69.0
2013,31000.0,100000,1,2,0,1498.0,98.6
2008,22000.0,35000,2,2,0,1197.0,78.9
2008,19500.0,90000,1,2,2,1248.0,75.0
2015,65000.0,50000,2,2,0,1197.0,81.86
2011,35000.0,98000,2,2,0,1197.0,80.0
2013,36000.0,30000,2,2,0,1197.0,82.85
2013,55000.0,50000,2,2,1,1797.0,147.5
2016,49000.0,26000,2,2,0,1197.0,82.0
2011,19500.0,46000,2,2,1,796.0,46.3
2010,12500.0,80000,2,2,2,796.0,46.3
2019,45999.9,10000,2,2,0,1199.0,84.0
2015,27500.0,16700,2,2,0,796.0,47.3
2018,68000.0,70000,1,2,0,1248.0,74.02
2015,60000.0,7967,2,2,0,1197.0,83.14
2018,72000.0,20000,2,2,0,1197.0,81.8
2011,29500.0,50000,1,2,0,1458.625015808777,91.51791898382203
2016,35600.0,9656,2,2,0,799.0,53.3
2011,22500.0,50000,2,2,0,1086.0,68.05
2019,72500.0,17000,1,2,0,1498.0,98.63
2010,13000.0,50000,2,2,0,995.0,62.0
2015,30000.0,10000,2,2,0,799.0,53.3
2013,40000.0,43000,2,2,1,1197.0,82.85
2013,55000.0,50000,1,2,0,1396.0,88.7
2006,12000.0,90000,2,2,1,998.0,67.0
2012,40999.9,100000,1,2,1,2498.0,112.0
2010,11000.0,80000,2,2,1,1086.0,62.1
2012,45000.0,120000,1,2,0,2523.0,62.1
2019,61000.0,5000,2,2,0,1197.0,81.8
2016,51500.0,68609,1,2,0,1498.0,89.84
2018,92500.0,33360,1,2,0,1498.0,98.59
2019,86000.0,14317,2,2,0,1498.0,104.55
2012,22500.0,87237,1,2,1,1399.0,68.05
2017,50000.0,62960,1,2,0,1498.0,99.0
2017,60000.0,26634,2,1,0,1197.0,81.8
2012,19500.0,163720,1,2,0,1399.0,68.0
2012,26500.0,67998,2,2,0,998.0,67.1
2018,65000.0,20706,1,2,0,1499.0,98.63
2015,41500.0,100581,1,2,0,1498.0,99.0
2015,60000.0,67303,1,2,0,1461.0,83.8
2013,34000.0,79139,2,2,0,1197.0,85.8
2014,35000.0,84784,1,2,0,1120.0,70.0
2012,26500.0,130376,1,2,1,1248.0,73.94
2017,62500.0,72000,1,2,0,2179.0,138.03
2008,24500.0,127000,1,2,1,1493.0,110.0
2014,39500.0,120000,1,2,0,1248.0,74.0
2010,19000.0,120000,1,2,1,1458.625015808777,91.51791898382203
2014,49000.0,100000,1,2,0,1120.0,71.0
2012,45000.0,148000,1,2,1,1458.625015808777,91.51791898382203
2018,95500.0,40000,1,2,0,1248.0,88.5
2013,52500.0,110000,1,2,0,1248.0,74.0
2017,55000.0,30000,2,2,0,1199.0,84.0
2014,20000.0,120000,1,2,1,1405.0,70.0
2017,50000.0,15000,2,2,0,1196.0,86.8
2016,82500.0,33500,1,2,0,1248.0,88.5
2012,25000.0,70000,1,2,0,1493.0,100.0
2015,60000.0,10000,2,2,0,1197.0,78.8
2016,77000.0,50000,1,2,0,1493.0,100.0
2011,41500.0,78432,1,2,0,1991.0,123.7
2018,53000.0,80000,1,2,0,1498.0,99.23
2012,31000.0,50000,2,2,1,1198.0,86.8
2017,39000.0,20000,2,2,0,1199.0,84.0
2016,70000.0,30000,2,2,0,1591.0,121.3
2010,20000.0,70000,2,2,1,1086.0,68.05
2014,58000.0,97000,1,2,0,1498.0,98.6
2014,20000.0,60000,2,2,1,814.0,55.2
2013,24500.0,25000,2,2,0,1199.0,84.8
2010,21000.0,94000,2,2,1,1197.0,78.9
2019,66000.0,35000,1,2,0,1248.0,74.0
2015,63000.0,117500,2,2,1,1497.0,117.3
2018,74000.0,8000,2,2,0,1197.0,81.83
2017,57000.0,25000,2,2,0,1196.0,86.8
2012,45000.0,60000,1,2,2,1582.0,126.32
2019,39000.0,10000,2,2,0,999.0,67.0
2009,18000.0,70000,2,2,1,1597.0,92.0
2015,13000.0,60000,2,2,0,624.0,37.48
2006,17000.0,90000,2,2,2,1599.0,103.2
2018,49000.0,25000,2,2,0,1199.0,84.0
2012,28000.0,60000,1,2,1,1498.0,88.7
2018,39000.0,25000,2,2,0,1199.0,84.0
2013,17000.0,60000,2,2,2,796.0,47.3
2008,4500.0,70000,2,2,0,995.0,62.0
2016,64000.0,80000,1,2,1,1248.0,88.5
2015,65000.0,110000,1,2,1,2523.0,75.0
2013,50000.0,115717,1,2,0,2179.0,120.0
2008,9000.0,110000,1,2,1,1399.0,68.0
2014,48000.0,70000,1,2,1,2179.0,147.9
2019,63000.0,4000,2,2,0,1197.0,81.8
2011,25000.0,50000,2,2,0,1197.0,78.9
2016,33000.0,70000,2,2,2,1197.0,82.0
2009,18000.0,70000,2,2,1,1197.0,78.9
2010,21000.0,50000,2,2,1,1197.0,80.0
2016,55000.0,55000,1,2,0,1248.0,74.0
2020,95000.0,5000,2,1,0,1198.0,108.5
2013,43000.0,100000,1,2,1,2523.0,62.1
2014,34800.0,23000,2,2,1,1197.0,78.9
2014,19600.0,60000,2,2,1,796.0,47.3
2010,15000.0,70000,2,2,1,1061.0,67.0
2009,15000.0,60000,2,2,1,1061.0,67.0
2015,60000.0,90000,1,2,2,1248.0,88.76
2010,6500.0,26432,2,2,0,624.0,37.48
2016,22000.0,46702,2,2,0,796.0,34.2
2016,22000.0,46706,2,2,0,796.0,34.2
2006,11000.0,53523,2,2,0,1193.0,64.4
2012,17500.0,56365,1,2,0,936.0,56.3
2011,16000.0,49563,2,2,0,995.0,62.1
2007,12000.0,53512,2,2,1,796.0,46.3
2010,22000.0,46533,2,2,0,998.0,67.1
2008,11499.9,58632,2,2,1,796.0,35.0
2008,11000.0,58632,4,2,1,1458.625015808777,91.51791898382203
2016,85000.0,80000,1,1,1,2179.0,140.0
2016,75000.0,70000,1,2,0,1248.0,88.5
2017,26500.0,90000,2,2,0,999.0,67.0
2014,45000.0,110000,2,2,1,1596.0,99.6
2013,22500.0,90000,1,2,0,1493.0,100.0
2009,27000.0,80000,2,2,0,1197.0,85.0
2007,13000.0,78000,2,2,0,796.0,46.3
2017,66000.0,45000,1,2,0,1493.0,70.0
2015,24000.0,50000,2,2,1,998.0,67.05
2017,27500.0,58000,2,2,0,796.0,47.3
2007,6500.0,30000,2,2,1,1150.0,76.0
2017,85000.0,162000,1,2,0,2179.0,147.94
2016,30000.0,50000,3,2,1,998.0,58.16
2018,55500.0,25000,2,2,1,1197.0,81.83
2015,82500.0,60000,1,2,0,1997.0,120.0
2010,15000.0,70000,4,2,2,1086.0,62.1
2009,18500.0,138000,1,2,1,1248.0,73.9
2010,18000.0,70000,2,2,1,1197.0,78.9
2010,16000.0,48000,2,2,1,796.0,46.3
2012,50000.0,110000,1,1,0,2953.0,153.86
2014,37500.0,88000,1,2,1,1248.0,74.0
2015,90000.0,68000,1,2,0,2494.0,100.6
2017,45999.9,70000,2,2,0,1197.0,82.0
2014,48000.0,80000,1,2,0,1461.0,83.8
2013,32000.0,100000,1,2,2,1248.0,74.0
2013,37000.0,96000,1,2,1,1248.0,74.0
2016,40000.0,60000,1,2,2,1248.0,73.94
2014,42500.0,65000,1,2,0,1248.0,74.0
2014,32500.0,48000,2,2,0,998.0,67.04
2016,35000.0,65300,2,2,1,1197.0,82.0
2018,60000.0,40000,2,2,0,1197.0,81.83
2012,12000.0,60000,1,2,1,936.0,57.6
2012,20000.0,70000,2,2,1,998.0,67.1
2008,10000.0,70000,2,2,2,796.0,46.3
2014,35000.0,70000,1,2,1,1120.0,70.0
2006,8500.0,150000,2,2,1,796.0,46.3
2019,39900.0,10000,2,2,0,998.0,67.05
2014,58000.0,56000,1,2,0,1582.0,126.3
2017,29000.0,30000,2,2,0,799.0,53.64
2014,38000.0,50000,2,2,1,1197.0,82.0
2010,20000.0,120000,1,2,0,1399.0,68.0
2018,39000.0,40000,3,2,0,998.0,58.16
2017,50000.0,27500,2,2,0,1197.0,81.86
2012,52000.0,73000,1,2,0,1248.0,88.76
2017,65000.0,75000,1,2,0,1248.0,74.0
2018,38000.0,5000,2,2,0,999.0,67.0
2010,27500.0,50000,4,2,0,998.0,58.2
2015,52000.0,70000,1,2,0,1248.0,74.0
2015,61000.0,60000,1,2,0,1248.0,74.0
2013,49000.0,95000,1,2,0,1461.0,83.8
2015,22999.9,34000,2,2,1,814.0,55.2
2015,41100.0,25000,2,2,0,1197.0,82.0
2019,36200.0,120000,3,2,1,1196.0,61.7
2014,55000.0,31000,1,2,0,1364.0,67.06
2018,45999.9,70000,3,2,0,998.0,58.16
2011,19000.0,47000,2,2,0,1197.0,85.8
2019,49900.0,5000,2,1,0,1086.0,68.0
2018,35800.0,44000,2,2,0,1196.0,73.0
2012,27800.0,120000,1,2,1,1364.0,67.1
2014,32000.0,39395,1,2,0,1248.0,75.0
2013,58000.0,67000,1,2,1,1461.0,108.5
2018,82500.0,40000,1,2,0,1498.0,98.6
2018,49000.0,7000,2,2,0,1086.0,68.0
2018,105000.0,15000,1,2,0,2179.0,140.0
2016,21000.0,50000,2,2,0,1199.0,76.8
2012,32000.0,120000,1,2,1,1248.0,74.0
2012,40000.0,64000,1,2,0,1991.0,123.7
2013,32000.0,120000,1,2,0,1248.0,73.94
2012,60000.0,85000,1,2,0,1364.0,87.2
2012,27500.0,50000,2,2,0,998.0,67.1
2009,17000.0,59000,2,2,1,796.0,46.3
2012,15500.0,98000,1,2,0,936.0,57.6
2012,24000.0,70000,1,2,0,1458.625015808777,0.0
2012,24000.0,70000,1,2,0,1458.625015808777,0.0
2011,32000.0,120000,1,2,1,1458.625015808777,91.51791898382203
2015,62000.0,140000,1,2,1,1461.0,83.8
2017,53000.0,50000,2,2,0,1197.0,81.86
2015,55000.0,40000,1,2,0,1364.0,67.04
2014,60000.0,90000,1,2,0,1498.0,98.6
2014,64900.0,117000,1,2,2,2179.0,140.0
2014,62500.0,90000,1,2,0,1498.0,98.6
2010,12500.0,70000,2,2,0,995.0,63.0
2010,28500.0,155000,2,2,1,1586.0,103.3
2015,60000.0,60000,1,2,1,2179.0,138.03
2016,42600.0,110000,2,2,0,1198.0,82.0
2010,18000.0,120000,1,2,0,1405.0,71.0
2011,40000.0,100000,1,2,1,1582.0,126.32
2010,12000.0,40000,2,2,1,1199.0,79.4
2012,30000.0,110000,1,2,1,1248.0,88.8
2011,19000.0,92500,2,2,1,998.0,67.1
2017,31000.0,20000,2,2,0,796.0,47.3
2019,38000.0,15000,2,2,0,799.0,53.3
2019,74000.0,14000,1,2,0,1493.0,70.0
2016,26000.0,35000,2,2,0,799.0,53.64
2017,32000.0,32000,2,2,1,998.0,67.05
2013,21100.0,90000,3,2,0,998.0,58.16
2018,65000.0,35000,2,2,0,1197.0,81.8
2017,65100.0,32500,1,2,1,1248.0,74.02
2014,16000.0,70000,1,2,2,936.0,56.3
2015,40500.0,100000,1,2,0,1248.0,74.0
2015,85000.0,64800,1,2,0,2179.0,140.0
2017,68000.0,90000,1,2,0,1493.0,70.0
2014,42699.9,80000,2,2,0,1197.0,82.0
2015,86999.9,120000,1,2,0,1582.0,126.2
2010,16000.0,66444,4,2,0,998.0,58.2
2016,70000.0,86000,1,2,0,1248.0,88.5
2012,30000.0,90000,1,2,0,1461.0,84.8
2014,52500.0,70000,1,2,1,2498.0,105.0
2015,34500.0,60000,1,2,0,1120.0,70.0
2015,39000.0,50000,2,2,0,1198.0,86.7
2015,27500.0,20000,2,2,0,1198.0,67.0
2014,31000.0,35000,2,2,0,1199.0,82.4
2017,50000.0,20000,2,2,0,1197.0,81.86
2013,20000.0,70000,1,2,0,1248.0,76.9
2018,65000.0,53000,1,2,0,1498.0,88.0
2018,103100.0,60000,1,2,0,1498.0,97.9
2018,33000.0,70000,2,2,0,998.0,68.05
2019,39900.0,4000,2,2,0,1086.0,68.0
2012,25000.0,103000,2,2,0,1197.0,78.9
2017,60000.0,20000,1,2,0,1186.0,73.97
2013,37500.0,77000,1,2,0,1248.0,74.0
2012,37500.0,90000,1,2,0,1598.0,103.6
2013,44500.0,87185,1,2,1,1582.0,126.3
2016,61100.0,77000,1,2,0,1396.0,88.73
2014,45999.9,110000,1,2,1,1396.0,88.7
2011,27500.0,120000,1,2,1,1399.0,68.0
2011,18500.0,170000,3,2,0,1086.0,62.1
2012,39000.0,100000,1,2,1,1582.0,126.32
2007,7200.0,40000,2,2,1,995.0,62.0
2007,9000.0,50000,1,2,0,1396.0,52.8
2015,50000.0,125000,1,2,0,1364.0,67.05
2011,20000.0,137000,3,2,0,998.0,58.2
2015,51100.0,30000,2,2,0,1197.0,82.0
2009,15000.0,55000,2,2,0,1368.0,88.7
2013,18500.0,80000,2,2,1,796.0,47.3
2018,55000.0,30000,2,2,0,1197.0,83.1
2017,32500.0,3564,2,2,0,998.0,67.05
2015,52500.0,80000,1,2,0,1248.0,74.0
2018,105000.0,13000,1,2,0,2200.0,139.01
2012,30000.0,120000,1,2,0,1396.0,69.0
2011,12000.0,90000,2,2,0,1199.0,79.4
2015,50300.0,110000,1,2,0,2179.0,147.94
2013,22500.0,58343,2,2,0,998.0,67.05
2018,74000.0,38817,1,2,0,1248.0,74.0
2016,55000.0,56494,2,2,0,1199.0,88.7
2013,75000.0,79328,1,2,1,2494.0,100.6
2019,65000.0,5621,2,1,0,1197.0,81.8
2017,62500.0,25538,2,2,0,1496.0,88.73
2018,60000.0,69779,2,1,0,1197.0,81.8
2017,45000.0,56290,1,2,0,1186.0,73.97
2019,77900.0,7032,2,1,0,1199.0,88.76
2016,64500.0,11000,2,1,0,1598.0,103.5
2011,17000.0,50000,2,2,2,1086.0,62.1
2010,32000.0,42000,1,2,0,1396.0,69.0
2018,50000.0,40000,2,1,0,1197.0,81.8
2009,13500.0,137000,1,2,1,1405.0,70.0
2018,34000.0,20000,2,2,0,799.0,53.3
2020,33000.0,70000,2,2,1,1197.0,81.86
2011,35000.0,48756,2,2,1,1586.0,103.3
2016,40000.0,110000,1,2,0,1120.0,71.0
2014,32500.0,80322,1,2,0,1399.0,67.0
2017,85000.0,110000,1,2,0,2523.0,75.0
2012,35000.0,70000,1,2,1,1248.0,88.8
2015,50300.0,110000,1,2,0,2179.0,147.94
2013,22500.0,58343,2,2,0,998.0,67.05
2018,74000.0,38817,1,2,0,1248.0,74.0
2016,55000.0,56494,2,2,0,1199.0,88.7
2013,75000.0,79328,1,2,1,2494.0,100.6
2019,65000.0,5621,2,1,0,1197.0,81.8
2017,62500.0,25538,2,2,0,1496.0,88.73
2018,60000.0,69779,2,1,0,1197.0,81.8
2017,45000.0,56290,1,2,0,1186.0,73.97
2019,77900.0,7032,2,1,0,1199.0,88.76
2016,64500.0,11000,2,1,0,1598.0,103.5
2012,50000.0,90000,1,2,0,1458.625015808777,91.51791898382203
2015,55000.0,120000,1,2,1,1498.0,98.6
2010,50999.9,97000,1,1,1,2179.0,120.0
2011,25000.0,100000,1,2,1,2489.0,95.0
2015,50000.0,36000,2,2,0,1197.0,81.86
2019,105000.0,27000,1,2,0,1396.0,88.7
2014,49000.0,50000,1,2,0,1248.0,74.0
2020,41500.0,15000,2,2,0,1196.0,73.0
2013,19000.0,60000,2,2,1,796.0,47.3
2018,68000.0,120000,1,2,0,1248.0,74.02
2013,19000.0,60000,2,2,1,796.0,47.3
2013,47900.0,173000,1,2,0,2179.0,120.0
2016,27000.0,60000,2,2,1,796.0,47.3
2008,17000.0,70000,2,2,2,1086.0,68.05
2018,76400.0,25000,2,2,0,1373.0,91.1
2019,71000.0,30000,1,2,0,2523.0,62.1
2017,31000.0,35000,2,2,0,796.0,47.3
2017,62000.0,100000,1,2,1,1493.0,70.0
2017,28000.0,31000,2,2,1,814.0,55.2
2016,45000.0,40000,2,2,0,1197.0,82.0
2008,28500.0,60000,2,2,1,1596.0,99.6
2011,35000.0,110000,1,2,1,1598.0,103.6
2017,60000.0,35000,2,2,0,1373.0,91.1
2017,57000.0,35000,2,2,0,1197.0,83.1
2016,32500.0,20000,2,2,0,998.0,67.05
2015,48000.0,60000,2,2,0,1197.0,81.83
2014,18500.0,10300,2,2,0,796.0,47.3
2019,76000.0,3000,2,2,0,1197.0,81.8
2019,57000.0,5000,2,2,0,999.0,75.0
2006,13000.0,145000,2,2,0,1458.625015808777,91.51791898382203
2018,70000.0,13000,2,2,0,1197.0,83.1
2015,77500.0,30000,2,1,0,1499.0,110.4
2010,14000.0,100000,2,2,1,995.0,62.0
2016,22000.0,40000,2,2,0,796.0,47.3
2013,18400.0,15000,2,2,0,1086.0,62.1
2017,44000.0,50000,2,2,1,1197.0,81.83
2017,65000.0,80000,1,2,0,1396.0,88.73
2017,66000.0,50000,1,1,0,1493.0,100.0
2017,38000.0,30000,3,2,0,1196.0,61.7
2012,41500.0,125000,1,2,1,1364.0,87.2
2012,22500.0,110000,2,2,0,1086.0,68.05
2013,60000.0,30000,1,2,1,1248.0,88.76
2014,62000.0,148000,1,2,1,1248.0,88.8
2016,75000.0,35000,1,2,0,1493.0,100.0
2016,40000.0,80000,2,2,1,1197.0,82.0
2012,11900.0,95000,1,2,1,1405.0,70.0
2015,60000.0,25000,1,2,0,1498.0,98.6
2011,20000.0,80000,3,2,0,998.0,67.1
2014,28000.0,60000,1,2,1,1248.0,88.7
2013,37500.0,100000,2,2,0,1598.0,105.0
2016,35000.0,50000,2,2,0,1198.0,67.0
2017,62000.0,31000,1,2,0,1186.0,73.97
2017,57000.0,120000,1,2,0,1248.0,74.0
2012,29000.0,105000,1,2,1,1248.0,73.9
2016,71100.0,120000,1,2,0,1248.0,88.5
2012,37000.0,60000,1,2,0,1248.0,74.0
2020,55000.0,15000,2,2,0,1197.0,88.5
2013,32500.0,150000,2,2,1,1197.0,85.8
2018,67000.0,93000,1,2,0,1498.0,98.63
2017,38500.0,42000,2,2,1,1086.0,68.05
2008,11499.9,80000,2,2,1,1086.0,62.1
2010,20000.0,90000,2,2,0,1086.0,62.1
2019,86000.0,6500,1,1,0,1248.0,88.5
2018,60000.0,60000,1,2,0,1248.0,74.0
2016,26500.0,110000,2,2,0,998.0,67.05
2015,15500.0,60000,3,2,1,1193.0,55.23
2019,90000.0,60000,1,2,0,1248.0,88.5
2013,65000.0,170000,1,2,2,1248.0,88.76
2012,18000.0,80000,2,2,0,796.0,47.3
2013,20000.0,57000,2,2,0,814.0,55.2
2014,30000.0,100000,2,2,0,1086.0,68.05
2015,65000.0,40000,2,2,0,1591.0,121.3
2014,26700.0,40000,2,2,0,796.0,47.3
2018,45000.0,50000,3,2,0,998.0,58.16
2014,40000.0,90000,2,2,1,1197.0,82.0
2012,31000.0,86000,1,2,0,2498.0,112.0
2009,7000.0,15000,2,2,0,624.0,35.0
2017,67500.0,70000,1,2,1,2523.0,62.1
2013,35000.0,120000,2,2,0,1596.0,99.6
2014,24000.0,80000,2,2,1,998.0,67.05
2014,18500.0,80000,1,2,1,1405.0,69.01
2017,25000.0,50000,2,2,0,814.0,55.2
2009,13500.0,100000,2,2,0,796.0,46.3
2011,50000.0,80000,1,2,0,1582.0,126.32
2010,30000.0,108957,1,2,0,2179.0,138.0
2017,32800.0,68000,2,2,1,1199.0,84.0
2015,50999.9,65000,1,2,0,2523.0,62.1
2015,57500.0,110000,1,2,1,2179.0,118.3
2008,10500.0,100000,2,2,2,1061.0,67.0
2008,6000.0,80000,2,2,1,796.0,37.0
2008,11299.9,80000,2,2,2,796.0,46.3
2015,22999.9,120000,1,2,1,1405.0,70.0
2012,32500.0,150000,1,2,0,1399.0,68.0
2017,65000.0,20000,2,2,0,1197.0,81.83
2009,8500.0,80000,1,2,1,1405.0,70.0
2015,57000.0,93000,1,2,1,1498.0,98.6
2015,52500.0,134000,1,2,0,1248.0,74.0
2013,35000.0,90000,2,2,1,1197.0,82.85
2007,25000.0,60000,2,2,0,1197.0,85.0
2010,30000.0,120000,1,2,1,2489.0,95.0
2017,65000.0,22200,1,2,0,1396.0,88.73
2018,52000.0,6000,2,2,0,1197.0,81.86
2016,50000.0,32000,2,2,0,1197.0,81.8
2016,22000.0,90000,2,2,0,799.0,53.3
2017,65000.0,78000,1,2,2,1248.0,88.5
2017,81999.9,12000,2,2,0,1199.0,88.7
2016,64500.0,120000,1,2,0,1461.0,83.8
2015,78000.0,40000,1,2,0,1248.0,88.5
2008,21500.0,110000,2,2,1,1497.0,78.0
2011,11499.9,10000,2,2,0,796.0,46.3
2012,7500.0,12000,2,2,0,1193.0,64.4
2011,12000.0,60000,2,2,0,1199.0,79.4
2016,25000.0,41000,2,2,0,799.0,53.3
2018,20000.0,25000,2,2,0,796.0,34.2
2015,38000.0,30000,2,2,0,1197.0,82.0
2018,56000.0,50000,1,2,0,1498.0,98.6
2018,57500.0,10000,2,2,0,1197.0,81.8
2017,62000.0,40000,1,2,0,1493.0,70.0
2012,52500.0,120000,1,2,0,2179.0,120.0
2017,63500.0,40000,1,2,0,1248.0,74.0
2016,65000.0,80000,1,2,0,1461.0,108.45
2017,55000.0,70000,1,2,1,1498.0,99.0
2009,14500.0,150000,1,2,2,1248.0,73.9
2007,13000.0,100000,1,2,2,1405.0,70.0
2017,82500.0,79000,1,2,0,1248.0,88.5
2018,87500.0,50000,1,2,0,1248.0,88.5
2016,65000.0,81000,1,2,1,1248.0,88.5
2013,24600.0,56000,1,2,0,1248.0,74.0
2013,32500.0,60000,1,2,1,1498.0,98.63
2017,85000.0,30000,2,1,0,1497.0,117.3
2015,56000.0,43001,1,2,0,1498.0,108.6
2015,57500.0,60000,1,2,0,1248.0,88.5
2019,47000.0,9000,2,1,0,998.0,67.04
2014,22100.0,65000,1,2,0,1405.0,69.01
2014,68000.0,95000,1,2,0,2494.0,100.6
2013,70000.0,62000,1,2,0,2499.0,141.0
2015,87500.0,72000,1,1,0,1582.0,126.2
2017,85000.0,35000,1,2,2,1582.0,126.2
2013,55000.0,100600,1,2,2,1461.0,83.8
2013,48000.0,105000,1,2,2,1248.0,74.0
2017,105000.0,90000,1,2,0,2179.0,120.0
2016,63100.0,92385,1,2,0,2523.0,62.1
2015,16500.0,25000,2,2,0,624.0,37.5
2010,32000.0,60000,2,2,1,1197.0,85.8
2012,36000.0,100000,2,2,1,1197.0,85.8
2006,17500.0,25000,2,2,2,1795.0,127.0
2016,72500.0,120000,1,2,0,1396.0,88.73
2014,28000.0,185000,1,2,2,1248.0,75.0
2011,32500.0,134000,1,2,1,1199.0,73.9
2014,32000.0,120000,1,2,2,1399.0,68.05
2018,50000.0,120000,2,2,0,1197.0,81.86
2014,82500.0,165000,1,2,1,2179.0,140.0
2016,35000.0,120000,1,2,2,1248.0,73.94
2011,47000.0,89000,1,2,0,1396.0,90.0
2009,12500.0,120000,1,2,2,1461.0,65.0
2006,14000.0,120000,2,1,0,1795.0,127.0
2013,48499.9,50000,1,2,0,1498.0,98.6
2018,30800.0,15000,2,2,0,796.0,47.3
2019,57000.0,13000,2,2,0,1197.0,81.86
2018,68000.0,28000,2,1,0,1197.0,81.8
2017,70000.0,70000,1,2,0,1248.0,74.02
2011,24000.0,116000,1,2,0,2498.0,112.0
2014,28000.0,90000,2,2,0,814.0,55.2
2010,12500.0,120000,1,2,1,1405.0,71.0
2009,13000.0,100000,1,2,2,1458.625015808777,91.51791898382203
2015,43499.9,50000,2,2,1,1197.0,83.11
2013,40000.0,120000,1,2,1,1598.0,103.6
2014,85000.0,120000,1,2,0,2179.0,140.0
2014,47500.0,83000,1,2,1,1396.0,88.73
2017,28500.0,25000,2,2,1,796.0,47.3
2018,65000.0,50000,1,2,0,1186.0,73.97
2012,27500.0,60000,2,2,0,998.0,66.1
2011,22999.9,105000,1,2,1,1461.0,65.0
2015,30000.0,20000,2,2,0,998.0,67.05
2016,94000.0,50000,1,2,0,1248.0,88.5
2015,60000.0,120000,1,2,1,1248.0,88.5
2017,80000.0,70000,1,2,0,1248.0,74.0
2017,58000.0,90000,1,2,1,1461.0,84.8
2018,45000.0,75000,2,2,0,1199.0,84.0
2011,29000.0,82500,1,2,1,1991.0,123.7
2014,53000.0,110000,1,2,0,1498.0,98.6
2019,96000.0,20000,1,2,0,1396.0,88.76
2009,29000.0,110000,2,2,2,1497.0,118.0
2008,16000.0,100000,1,2,0,1998.0,68.0
2017,40000.0,52000,2,2,0,998.0,67.0
2017,70000.0,90000,1,2,0,1248.0,88.5
2012,36100.0,90000,1,2,0,1598.0,103.6
2013,39000.0,53000,1,2,1,1396.0,88.76
2012,20000.0,180000,1,2,0,1248.0,75.0
2013,39000.0,53000,1,2,1,1396.0,88.76
2013,50000.0,53000,1,2,0,1248.0,74.0
2011,20000.0,50600,2,2,0,796.0,46.3
2015,50300.0,110000,1,2,0,2179.0,147.94
2017,77500.0,32000,1,2,0,1248.0,88.5
2018,75000.0,5000,1,2,0,1248.0,88.5
2018,57000.0,25000,2,2,0,1197.0,81.83
2016,48499.9,30000,2,2,0,1199.0,88.7
2017,70000.0,43000,2,2,0,1497.0,117.3
2012,41500.0,60000,2,2,0,1497.0,113.42
2014,48499.9,54000,1,2,0,1498.0,98.96
2016,67500.0,52000,1,2,0,1248.0,88.5
2015,68000.0,50000,2,2,0,1499.0,110.4
2013,23500.0,52000,2,2,0,796.0,47.3
2014,63000.0,56000,1,2,1,1498.0,98.6
2018,64000.0,82000,1,2,0,1498.0,99.0
2014,35500.0,121000,2,2,0,1197.0,82.0
2012,56000.0,101903,1,2,1,2179.0,120.0
2018,58000.0,120000,1,2,0,1248.0,74.0
2010,18500.0,85568,1,2,0,1399.0,68.0
2019,66000.0,10000,2,1,0,1197.0,83.1
2014,22000.0,10000,2,2,0,998.0,68.05
2007,15000.0,60000,2,2,2,1086.0,62.1
2011,48499.9,80000,1,2,1,2179.0,115.0
2019,50999.9,10000,2,2,0,1197.0,81.8
2014,51500.0,60000,1,2,0,2523.0,62.1
2014,35000.0,50000,1,2,2,1248.0,73.8
2018,37500.0,11500,2,2,0,998.0,67.05
2019,95000.0,15000,1,2,0,1396.0,88.7
2015,61500.0,32000,1,2,0,1248.0,74.0
2011,27500.0,50000,2,2,0,1197.0,85.8
2017,40000.0,10000,2,2,0,1196.0,73.0
2019,93000.0,15000,1,2,0,1248.0,88.5
2012,31000.0,100000,2,2,0,1197.0,85.8
2012,32000.0,120000,1,2,0,1458.625015808777,91.51791898382203
2013,35600.0,70000,1,2,1,1248.0,74.0
2013,50000.0,32000,2,2,0,1497.0,116.3
2018,40999.9,35000,2,2,1,1199.0,84.0
2019,98000.0,50000,1,2,0,1248.0,88.5
2019,75000.0,3100,2,1,0,1199.0,88.7
2013,50000.0,60000,2,1,0,1798.0,157.75
2013,35500.0,170000,1,2,0,1248.0,74.0
2011,20000.0,50000,1,2,1,1405.0,71.0
2008,37000.0,120000,1,2,1,2494.0,102.0
2015,45000.0,20000,2,2,0,1197.0,82.0
2015,48600.0,10000,2,2,0,1197.0,82.0
2011,24200.0,120000,1,2,0,1248.0,88.8
2018,58000.0,25000,2,2,0,1197.0,81.86
2014,50000.0,130000,1,2,1,1498.0,98.59
2013,30000.0,40000,1,2,0,1493.0,100.0
2016,71000.0,60000,1,2,0,2523.0,63.0
2012,22000.0,70000,1,2,2,1199.0,75.0
2020,65400.0,1000,2,1,0,1197.0,81.8
2019,83500.0,10000,2,1,0,1598.0,103.2
2010,25000.0,47000,2,2,0,1596.0,101.0
2019,60000.0,18000,2,2,0,1197.0,81.8
2016,45999.9,60000,2,2,0,1197.0,83.14
2018,27500.0,20000,2,2,0,999.0,67.0
2017,40800.0,60000,2,2,0,1196.0,86.8
2018,120000.0,25000,1,2,0,2179.0,152.87
2014,37500.0,52000,2,2,0,1197.0,81.86
2006,9450.0,44000,2,2,0,796.0,46.3
2011,30000.0,17000,2,2,0,1198.0,73.9
2009,35000.0,35000,2,2,0,1497.0,118.0
2015,60000.0,100000,2,2,0,1197.0,81.83
2017,64000.0,90000,1,2,0,1493.0,70.0
2017,111000.0,186000,1,2,0,1582.0,126.2
2014,57000.0,79000,1,2,1,1248.0,88.76
2010,45199.9,120000,1,2,0,2494.0,102.0
2016,24000.0,59300,2,2,0,799.0,53.3
2014,68000.0,120000,1,2,0,2523.0,75.0
2015,35000.0,60000,1,2,0,1248.0,74.0
2012,36000.0,60000,2,2,2,1598.0,103.6
2010,25000.0,80000,2,2,1,1196.0,70.0
2019,55000.0,11500,2,2,0,1197.0,81.8
2012,18000.0,56000,2,2,0,814.0,55.2
2016,42500.0,68000,1,2,0,1498.0,98.6
2019,40999.9,25000,2,2,0,1199.0,84.0
2018,43899.9,25000,2,2,0,1199.0,84.0
2014,22500.0,100000,2,2,0,1198.0,67.04
2017,58000.0,95000,1,2,0,2523.0,63.0
2008,20000.0,100000,2,2,0,1298.0,85.8
2006,7500.0,90000,2,2,1,1458.625015808777,91.51791898382203
2013,25000.0,47000,1,2,0,1248.0,75.0
2011,17000.0,175000,1,2,1,1248.0,73.9
2010,30000.0,60000,2,2,1,1197.0,85.8
2014,40999.9,150000,1,2,2,1248.0,74.0
2012,35000.0,110000,1,2,2,1396.0,90.0
2019,31000.0,25000,2,2,0,799.0,53.3
2010,13500.0,95000,2,2,2,796.0,46.3
2010,22000.0,100000,1,2,0,1248.0,73.9
2017,57000.0,20000,2,2,0,1197.0,81.86
2014,50000.0,84000,1,2,0,1248.0,74.0
2016,87500.0,40000,1,2,0,1396.0,88.73
2011,21000.0,100000,1,2,0,1405.0,70.0
2011,21000.0,120000,1,2,0,1405.0,70.0
2010,20000.0,80000,4,2,1,1086.0,62.1
2011,17500.0,175000,2,2,1,796.0,46.3
2017,70000.0,30000,2,2,0,1197.0,81.83
2017,70000.0,30000,2,2,0,1197.0,81.83
2019,55000.0,28000,2,1,0,1197.0,81.86
2019,42000.0,20000,2,2,1,1086.0,68.0
2009,21000.0,89322,2,2,1,1197.0,80.0
2013,17500.0,76000,1,2,0,936.0,57.6
2012,18000.0,70000,2,2,1,796.0,46.3
2007,11800.0,110000,2,2,1,796.0,46.3
2007,17000.0,120000,1,2,1,1493.0,110.0
2009,12000.0,110000,2,2,1,1061.0,64.0
2009,17000.0,90000,2,2,2,796.0,46.3
2018,70000.0,60000,1,2,0,1248.0,74.0
2014,50000.0,48300,1,2,1,2523.0,62.1
2008,10500.0,110000,2,2,1,1497.0,78.0
2016,42500.0,120000,1,2,2,1248.0,74.0
2017,62500.0,23511,2,2,0,1197.0,81.83
2017,64000.0,22512,2,2,0,1197.0,81.83
2010,18000.0,120000,2,2,0,1197.0,78.9
2009,15500.0,120000,1,2,0,1248.0,73.9
2007,8500.0,100000,2,2,2,1061.0,67.0
2011,25000.0,70000,2,2,0,1197.0,78.9
2017,100000.0,15000,2,1,0,1591.0,121.3
2016,35000.0,16500,2,2,0,1198.0,67.0
2018,74000.0,50000,1,2,0,1248.0,74.02
2018,30000.0,19000,2,2,0,999.0,67.0
2017,55000.0,50000,1,2,0,1498.0,108.62
2017,71000.0,70000,1,2,0,2523.0,62.1
2017,70000.0,70000,1,2,0,2523.0,62.1
2016,55000.0,120000,1,2,0,2523.0,62.1
2015,37500.0,60000,4,2,0,1086.0,68.05
2015,60000.0,60000,1,2,0,2179.0,138.03
2013,38000.0,76000,1,2,1,1248.0,74.0
2012,30000.0,70000,1,2,0,1248.0,73.94
2015,47500.0,128000,1,2,2,2523.0,63.0
2019,65000.0,5000,2,2,0,999.0,72.0
2011,20000.0,70000,4,2,0,998.0,58.2
2013,35000.0,85000,1,2,0,1248.0,74.0
2018,91199.9,25000,1,1,0,1248.0,88.5
2018,65000.0,15000,2,2,0,1197.0,81.8
2012,35000.0,30000,2,2,0,1298.0,85.8
2016,19000.0,80000,2,2,1,796.0,34.2
2013,30500.0,160000,1,2,0,2523.0,62.1
2015,85000.0,108000,1,2,0,1582.0,126.2
2011,35000.0,120000,1,2,1,1896.0,105.0
2010,18000.0,55000,2,2,2,1086.0,62.1
2008,20000.0,110000,1,2,0,2179.0,138.1
2011,37500.0,80000,1,2,0,1458.625015808777,91.51791898382203
2012,22999.9,110000,2,2,0,1198.0,86.8
2006,13500.0,62900,2,2,0,998.0,67.1
2011,42500.0,120000,1,2,1,1968.0,138.1
2017,45500.0,60000,1,2,0,1248.0,74.02
2015,32000.0,60000,2,2,0,998.0,67.04
2019,69300.0,4000,2,2,0,1197.0,81.86
2017,83000.0,35000,1,2,0,1248.0,88.5
2016,47000.0,13500,2,2,0,1197.0,82.0
2017,110000.0,26000,2,1,0,1497.0,117.3
2016,32500.0,50000,1,2,0,1248.0,88.7
2014,21500.0,50000,2,2,0,814.0,55.2
2018,56000.0,25000,2,2,0,1197.0,81.8
2017,40000.0,30000,2,1,1,998.0,67.04
2015,50300.0,110000,1,2,0,2179.0,147.94
2013,22500.0,58343,2,2,0,998.0,67.05
2018,74000.0,38817,1,2,0,1248.0,74.0
2016,55000.0,56494,2,2,0,1199.0,88.7
2013,75000.0,79328,1,2,1,2494.0,100.6
2019,65000.0,5621,2,1,0,1197.0,81.8
2017,62500.0,25538,2,2,0,1496.0,88.73
2018,60000.0,69779,2,1,0,1197.0,81.8
2017,45000.0,56290,1,2,0,1186.0,73.97
2019,77900.0,7032,2,1,0,1199.0,88.76
2016,64500.0,11000,2,1,0,1598.0,103.5
2017,72500.0,45000,1,2,0,1498.0,98.96
2013,22500.0,58343,2,2,0,998.0,67.05
2018,74000.0,38817,1,2,0,1248.0,74.0
2019,65000.0,5621,2,1,0,1197.0,81.8
2017,62500.0,25538,2,2,0,1496.0,88.73
2018,60000.0,69779,2,1,0,1197.0,81.8
2017,45000.0,56290,1,2,0,1186.0,73.97
2014,32500.0,52442,2,2,1,1198.0,86.8
2013,22999.9,39000,2,2,0,1197.0,78.9
2015,44900.0,34156,2,2,0,1198.0,74.0
2017,45500.0,34152,2,2,0,1197.0,81.86
2018,65000.0,62841,2,2,0,1197.0,81.83
2016,95000.0,38600,1,2,0,1582.0,126.2
2018,69800.0,27654,1,1,0,1248.0,74.02
2017,97500.0,48698,1,2,0,1582.0,126.2
2018,44500.0,32995,2,1,0,1197.0,81.8
2018,53900.0,60000,1,2,0,1248.0,74.0
2010,35000.0,110000,1,2,2,1248.0,75.0
2015,55000.0,130000,1,2,1,1461.0,83.8
2011,33000.0,120000,1,2,0,1199.0,73.9
2014,22000.0,80000,2,2,2,814.0,55.2
2013,41500.0,60000,2,2,1,1197.0,85.8
2007,15000.0,75000,2,2,0,796.0,46.3
2007,24000.0,110000,1,2,0,1493.0,110.0
2009,17000.0,90000,2,2,1,796.0,46.3
2015,55000.0,40000,1,2,2,1248.0,88.5
2017,50000.0,26000,2,1,0,1198.0,76.0
2011,18000.0,120000,1,2,1,2489.0,95.0
2017,36000.0,29000,2,2,0,1198.0,82.0
2014,40000.0,120000,2,2,0,1197.0,85.8
2009,12000.0,70000,2,2,1,1495.0,94.0
2016,76500.0,100000,1,2,1,1248.0,88.5
2016,91999.9,90150,1,2,0,1248.0,88.5
2018,73000.0,90000,1,2,0,1364.0,67.05
2016,32000.0,120000,1,2,0,1248.0,74.0
2015,45500.0,90000,1,2,1,1498.0,98.6
2015,35000.0,50000,2,2,0,1198.0,67.0
2016,50999.9,110000,1,2,0,1493.0,100.0
2011,17500.0,85700,1,2,1,1405.0,70.0
2013,32500.0,178000,1,2,0,2523.0,63.0
2011,12000.0,70000,2,2,1,1193.0,65.0
2014,30000.0,30000,2,2,1,1197.0,78.9
2015,50000.0,100000,1,2,0,1498.0,98.6
2016,56200.0,25339,2,2,0,1197.0,83.1
2014,25000.0,10000,2,2,0,814.0,55.2
2017,48499.9,35000,1,2,0,1248.0,88.7
2013,28000.0,35000,2,2,1,1197.0,78.9
2015,57100.0,68000,1,2,1,1248.0,88.76
2013,40000.0,40000,2,2,0,1197.0,85.8
2015,29500.0,120000,1,2,1,1405.0,69.01
2006,21000.0,120000,1,2,0,1458.625015808777,91.51791898382203
2011,25000.0,25000,2,2,0,1196.0,70.0
2015,61000.0,40000,1,2,1,2523.0,62.1
2012,17500.0,60000,1,2,0,1248.0,74.0
2011,20499.9,70000,1,2,1,1399.0,68.0
2013,75000.0,80000,1,2,1,2179.0,140.0
2016,65100.0,42323,1,2,0,1396.0,88.76
2016,69000.0,32000,1,2,0,1248.0,88.5
2017,58900.0,41232,1,2,0,1248.0,74.0
2015,44500.0,40200,1,2,0,1498.0,74.96
2013,47500.0,48000,1,2,1,1498.0,98.96
2014,46500.0,27233,1,2,0,1498.0,98.63
2011,22500.0,35000,2,2,0,1368.0,90.0
2016,44500.0,63000,1,2,0,2956.0,83.8
2015,44500.0,62000,1,2,0,1498.0,74.96
2012,45000.0,68240,1,2,0,2956.0,138.1
2017,52500.0,38000,1,2,1,1458.625015808777,91.51791898382203
2010,20000.0,35000,2,2,0,998.0,67.1
2018,61100.0,9000,2,2,0,1197.0,85.8
2016,81999.9,39000,1,2,0,1582.0,126.2
2016,82500.0,39000,1,2,0,1396.0,88.7
2015,59900.0,92651,1,2,0,1498.0,98.96
2018,49000.0,28000,2,2,0,1197.0,85.0
2020,50000.0,40000,2,2,0,1193.0,88.7
2020,50000.0,40000,2,2,0,1193.0,88.7
2017,110000.0,88754,1,2,0,2179.0,140.0
2019,67500.0,7000,2,2,0,1194.0,94.93
2018,57000.0,20000,2,2,0,1197.0,81.86
2017,45500.0,50000,1,2,0,1186.0,73.97
2013,16500.0,45000,2,2,1,814.0,55.2
2016,92500.0,22000,2,2,0,1497.0,117.3
2014,21500.0,100000,1,2,1,1396.0,69.01
2016,47000.0,23700,2,2,0,1197.0,81.8
2016,47000.0,23700,2,2,0,1197.0,81.8
2017,65000.0,60000,1,2,0,1248.0,88.5
2017,90000.0,50000,1,2,0,1461.0,108.45
2011,32500.0,53287,2,2,0,1458.625015808777,91.51791898382203
2009,19000.0,100000,1,2,1,1399.0,67.0
2017,71500.0,60000,1,2,0,1396.0,88.73
2013,22799.9,60000,1,2,1,1396.0,69.01
2017,45000.0,50000,1,2,0,1248.0,74.0
2015,20000.0,40000,1,2,0,936.0,56.3
2017,40000.0,110000,3,2,0,998.0,58.16
2016,72500.0,110000,1,2,0,1248.0,88.5
2014,30000.0,80000,1,2,0,1399.0,68.05
2014,22500.0,33000,2,2,0,1198.0,67.0
2016,38000.0,80000,2,2,0,1086.0,68.05
2019,63000.0,5000,2,2,0,1197.0,81.86
2014,35100.0,25000,2,2,0,1197.0,78.9
2012,19900.0,50000,1,2,1,1199.0,75.0
2017,85000.0,50000,1,2,0,2179.0,147.94
2010,10500.0,120000,1,2,1,1248.0,75.0
2010,30000.0,120000,1,2,2,1248.0,90.0
2016,95000.0,80000,1,2,0,2494.0,100.6
2015,43000.0,110000,1,2,1,1493.0,100.0
2018,54000.0,30000,1,2,0,1186.0,73.97
2012,17500.0,60000,4,2,1,1086.0,63.0
2020,35000.0,5000,2,2,0,796.0,47.3
2019,69000.0,18000,2,2,0,1197.0,81.86
2015,53500.0,80000,1,2,0,1396.0,88.73
2016,73000.0,100000,1,2,0,1248.0,88.5
2016,28000.0,19000,2,2,0,814.0,55.2
2019,65000.0,33000,2,1,0,1197.0,81.8
2012,52000.0,162000,1,2,2,2494.0,102.0
2020,36000.0,65000,2,2,1,1197.0,81.86
2011,25000.0,170000,1,2,0,1248.0,73.9
2017,57500.0,40000,1,2,0,1498.0,108.62
2012,17000.0,120000,1,2,2,1396.0,69.0
2017,71100.0,53000,1,2,0,1248.0,88.5
2013,25000.0,90000,2,2,0,998.0,67.1
2017,67500.0,35000,1,2,0,1248.0,74.0
2016,32500.0,50000,2,2,0,998.0,67.04
2016,25000.0,20000,2,2,0,796.0,47.3
2019,74000.0,38000,1,1,0,1248.0,74.0
2019,69000.0,1303,2,2,0,1198.0,86.7
2017,80000.0,28050,1,2,0,1248.0,88.5
2014,42500.0,69000,1,2,0,1461.0,83.8
2015,91000.0,40000,1,1,0,1582.0,126.2
2013,62500.0,39000,2,1,0,1798.0,138.03
2015,53500.0,40000,1,2,0,1248.0,88.5
2011,32500.0,142000,1,2,0,2523.0,62.1
2016,50000.0,22947,2,2,0,1197.0,81.8
2013,30000.0,30000,2,2,1,1197.0,78.9
2016,27000.0,7672,2,2,0,814.0,55.2
2010,16000.0,36659,2,2,0,796.0,46.3
2016,21000.0,60000,2,2,0,796.0,34.2
2014,85000.0,120000,1,2,0,2179.0,140.0
2014,88000.0,120000,1,2,0,2179.0,140.0
2010,15000.0,39000,2,2,0,1061.0,64.9
2015,77500.0,45000,1,1,0,1493.0,100.0
2009,16000.0,70000,2,2,2,796.0,46.3
2012,22000.0,100000,1,2,1,1399.0,68.0
2017,67000.0,48000,1,2,0,1396.0,88.73
2018,78000.0,35000,1,2,0,1396.0,88.73
2017,51500.0,23000,2,2,0,1197.0,83.1
2017,80000.0,14000,1,2,0,1396.0,88.73
2017,80000.0,14000,1,2,0,1396.0,88.73
2014,85000.0,60000,1,2,0,2179.0,140.0
2013,20000.0,60000,2,2,1,814.0,55.2
2008,14000.0,150000,1,2,2,1422.0,70.0
2016,80000.0,80000,2,1,1,1591.0,121.3
2013,25000.0,35000,2,2,0,998.0,67.1
2017,80000.0,44500,1,2,0,1248.0,88.5
2015,60000.0,60000,1,2,2,1248.0,88.5
2012,25000.0,120000,1,2,2,1461.0,78.0
2016,50000.0,80000,1,2,1,1498.0,98.6
2019,75000.0,9900,2,2,0,1298.0,80.0
2014,65000.0,68000,1,2,0,1248.0,74.0
2012,35000.0,40000,2,2,2,1458.625015808777,91.51791898382203
2016,95000.0,60000,1,2,0,1498.0,98.6
2015,58000.0,110000,1,2,1,2499.0,72.4
2019,64000.0,10000,2,2,0,1197.0,81.86
2014,80000.0,80000,1,1,0,2179.0,120.0
2011,34700.0,30000,2,2,0,998.0,66.1
2016,30000.0,35000,2,2,0,814.0,55.2
2017,49300.0,40000,2,2,0,1199.0,84.0
2014,37000.0,60000,2,2,0,1197.0,82.0
2008,25000.0,90000,1,2,2,1248.0,73.9
2017,30000.0,20000,2,2,0,999.0,67.0
2017,45000.0,40000,2,1,0,999.0,67.0
2010,18500.0,124316,1,2,1,1399.0,68.0
2016,60000.0,10000,2,2,0,1197.0,81.83
2018,110000.0,50000,1,2,0,2179.0,152.87
2015,36000.0,30000,2,2,1,1197.0,81.86
2012,28500.0,69000,2,2,0,1298.0,85.8
2016,35000.0,49600,1,2,1,1198.0,77.0
2008,13000.0,30000,2,2,1,1086.0,68.05
2010,35000.0,80000,2,2,0,1197.0,80.0
2019,68500.0,19000,2,1,0,1197.0,83.1
2020,39900.0,5000,3,2,0,1196.0,61.7
2017,52500.0,10000,2,2,0,1197.0,81.86
2017,76500.0,40000,2,2,0,1373.0,91.1
2012,45000.0,97000,1,2,2,1248.0,74.0
2014,39000.0,30000,2,2,0,1198.0,67.04
2017,94000.0,120000,1,2,0,1248.0,88.5
2013,65000.0,120000,1,2,1,1461.0,108.45
2012,32000.0,103994,1,2,2,1399.0,68.0
2017,67000.0,70000,1,2,0,1498.0,99.0
2011,35000.0,115000,1,2,2,1248.0,88.8
2012,28500.0,178000,1,2,1,1248.0,74.0
2011,30000.0,40000,2,2,2,998.0,67.1
2011,30000.0,80000,1,2,0,1399.0,68.0
2009,9000.0,118000,1,2,1,1405.0,62.0
2009,9000.0,120000,1,2,1,1396.0,52.8
2013,45999.9,120000,1,2,1,2609.0,115.0
2011,25000.0,65000,2,2,1,998.0,67.1
2012,30000.0,41000,2,2,1,1197.0,78.9
2011,19900.0,70000,2,2,2,998.0,67.1
2012,54500.0,90000,1,2,1,1461.0,83.8
2014,57000.0,80000,1,2,1,1248.0,88.8
2006,15000.0,120000,2,2,1,1497.0,100.0
2009,11499.9,100000,2,2,0,796.0,46.3
2018,45000.0,35000,2,2,0,1199.0,84.0
2019,60000.0,5000,2,2,0,999.0,72.0
2016,61000.0,110000,1,2,0,1248.0,88.5
2017,69000.0,20000,2,2,0,1197.0,81.83
2018,79000.0,15000,2,2,0,1198.0,108.5
2014,25499.9,40000,2,2,1,998.0,67.1
2016,50000.0,41000,2,2,0,1199.0,88.7
2011,34000.0,100000,1,2,1,2523.0,63.0
2007,24500.0,110000,1,2,2,2523.0,63.0
2012,34000.0,120000,1,2,2,1399.0,67.0
2008,22100.0,35008,2,2,0,998.0,67.05
2017,27000.0,31100,2,2,0,799.0,53.64
2014,45500.0,42312,1,2,0,1120.0,71.0
2011,30000.0,72000,2,2,0,1496.0,88.7
2014,48000.0,54891,1,2,0,1364.0,67.04
2018,100000.0,30000,1,1,0,1582.0,126.2
2012,24500.0,100000,1,2,0,1461.0,63.1
2019,62500.0,4337,2,1,0,1197.0,82.0
2018,56000.0,14495,2,2,0,999.0,75.0
2010,42500.0,83585,1,2,0,1364.0,87.2
2014,55000.0,31000,2,1,1,1197.0,103.6
2017,75000.0,48406,1,2,0,1461.0,83.8
2016,57000.0,56239,1,2,0,1396.0,88.73
2015,58500.0,33243,2,2,0,1197.0,83.1
2016,60000.0,26000,2,1,0,1199.0,88.7
2012,41500.0,90000,1,2,0,1458.625015808777,91.51791898382203
2016,53000.0,120000,2,2,1,1197.0,81.86
2016,54000.0,38000,2,2,0,1197.0,81.83
2013,18000.0,60000,2,2,0,814.0,55.2
2014,45000.0,30000,2,2,0,1197.0,85.8
2015,20000.0,50000,2,2,0,1199.0,76.8
2017,42500.0,42000,2,2,0,1199.0,84.0
2016,40000.0,30000,2,2,0,1199.0,82.4
2017,31000.0,15000,2,2,0,796.0,47.3
2014,50000.0,50000,1,2,0,2499.0,72.4
2013,20000.0,60000,1,2,1,936.0,57.6
2018,90000.0,35000,1,2,0,1461.0,83.8
2015,40000.0,50000,2,2,0,1197.0,83.11
2015,65000.0,110000,1,2,0,1498.0,98.6
2015,48000.0,87847,1,2,0,1248.0,74.0
2009,14000.0,35000,2,2,0,796.0,46.3
2018,55000.0,5000,2,2,0,1197.0,81.8
2017,38000.0,29000,2,1,0,998.0,67.0
2016,44000.0,20000,1,2,0,1405.0,69.01
2018,63000.0,15000,2,2,0,1197.0,81.8
2017,25000.0,40000,2,2,0,799.0,53.3
2009,12000.0,17000,2,2,0,796.0,46.3
2012,28700.0,120000,1,2,0,1248.0,88.8
2016,55000.0,45000,2,2,0,1197.0,83.1
2016,95000.0,60000,1,2,2,1997.0,120.0
2015,50100.0,80000,1,2,1,1498.0,89.75
2014,55000.0,70000,1,2,0,2523.0,62.1
2016,30000.0,25000,2,2,0,796.0,47.3
2015,30000.0,50000,2,2,2,998.0,67.04
2012,28000.0,100000,1,2,1,1458.625015808777,91.51791898382203
2015,41600.0,40000,2,1,0,1499.0,110.4
2018,26000.0,30000,2,2,0,796.0,34.2
2016,55000.0,15000,2,2,0,1199.0,82.4
2011,18100.0,70000,2,2,0,1193.0,64.1
2009,36500.0,110000,1,1,1,2179.0,120.0
2006,15000.0,9558,2,2,0,1458.625015808777,91.51791898382203
2017,40000.0,10000,2,1,0,998.0,67.1
2010,21000.0,110000,2,2,0,1197.0,78.9
2013,50000.0,87000,1,2,1,1582.0,126.32
2015,50300.0,110000,1,2,0,2179.0,147.94
2013,22500.0,58343,2,2,0,998.0,67.05
2018,74000.0,38817,1,2,0,1248.0,74.0
2016,55000.0,56494,2,2,0,1199.0,88.7
2013,75000.0,79328,1,2,1,2494.0,100.6
2019,65000.0,5621,2,1,0,1197.0,81.8
2017,62500.0,25538,2,2,0,1496.0,88.73
2018,60000.0,69779,2,1,0,1197.0,81.8
2017,45000.0,56290,1,2,0,1186.0,73.97
2019,77900.0,7032,2,1,0,1199.0,88.76
2016,64500.0,11000,2,1,0,1598.0,103.5
2017,73500.0,70000,1,2,0,1248.0,74.0
2017,55000.0,120000,2,2,0,1193.0,88.7
2013,50999.9,148000,1,2,0,1248.0,88.8
2013,45999.9,60000,1,2,1,1396.0,88.76
2015,31000.0,18000,2,2,0,796.0,47.3
2018,77500.0,80000,1,2,0,1248.0,74.0
2015,43000.0,97000,1,2,1,1498.0,98.6
2012,40000.0,60000,1,2,2,1598.0,105.0
2014,60000.0,90000,1,2,0,1248.0,74.0
2019,58000.0,35000,2,2,0,1199.0,88.7
2012,14000.0,120000,1,2,1,1461.0,65.0
2008,21000.0,100000,1,2,0,1405.0,70.0
2017,55000.0,20000,2,2,0,1197.0,82.0
2013,12000.0,110000,2,2,1,1199.0,84.8
2013,40000.0,35000,1,2,0,2494.0,100.6
2018,103500.0,15000,1,2,0,1498.0,98.6
2015,62500.0,90000,1,2,0,1248.0,88.5
2008,20000.0,40000,2,2,0,1197.0,78.9
2013,31600.0,140000,1,2,0,1248.0,88.76
2017,81300.0,110000,1,2,0,1248.0,88.5
2015,65000.0,100000,1,2,0,1248.0,88.76
2015,45999.9,32000,1,2,1,1498.0,99.0
2012,29000.0,112072,1,2,0,1461.0,84.8
2014,40000.0,30000,1,2,0,1399.0,68.05
2016,56500.0,70000,1,2,1,1248.0,74.0
2009,15000.0,80000,2,2,1,995.0,62.0
2007,7000.0,80000,2,2,1,1061.0,64.0
2007,7000.0,80000,2,2,1,1061.0,64.0
2006,14000.0,100000,2,2,1,1458.625015808777,91.51791898382203
2018,90000.0,19000,1,2,0,1498.0,98.96
2015,60000.0,40000,1,2,0,1396.0,88.73
2010,12000.0,170000,4,2,1,796.0,32.8
2009,12000.0,140000,2,2,0,1458.625015808777,91.51791898382203
2010,12000.0,170000,2,2,1,1458.625015808777,91.51791898382203
2009,22999.9,60000,2,2,2,1197.0,80.0
2017,57000.0,15780,2,2,0,1198.0,86.7
2014,57500.0,106000,1,2,0,1582.0,126.32
2012,28000.0,80000,1,2,2,1598.0,103.6
2015,58000.0,74000,1,2,1,1396.0,88.73
2018,87500.0,35000,1,2,1,1248.0,88.5
2013,50000.0,70000,1,2,2,1582.0,126.32
2015,70000.0,60000,1,2,0,1248.0,88.5
2016,38800.0,50000,2,2,1,1196.0,86.8
2011,22500.0,80000,2,2,1,1197.0,78.9
2011,9000.0,90000,2,2,1,1193.0,64.08
2014,60000.0,114000,1,2,0,1461.0,108.45
2009,23500.0,100000,2,2,0,1197.0,80.0
2011,35000.0,100000,1,2,1,1396.0,90.0
2011,23500.0,80000,2,2,1,1197.0,78.9
2010,19000.0,35000,2,2,0,796.0,46.3
2011,32500.0,79000,1,2,0,1248.0,88.8
2011,30000.0,120000,1,2,2,1598.0,103.6
2017,55000.0,10000,2,2,0,1199.0,84.0
2013,72000.0,150000,1,2,1,2179.0,140.0
2011,11000.0,110000,2,2,0,1198.0,75.0
2018,31000.0,10000,2,2,0,796.0,47.3
2010,15000.0,70000,4,2,1,998.0,58.2
2012,26000.0,46000,1,2,0,1405.0,70.0
2013,45000.0,108800,1,2,2,1248.0,74.0
2009,19900.0,70000,2,2,1,1197.0,78.9
2018,100000.0,35000,1,2,0,2523.0,75.0
2011,24000.0,72000,1,2,0,1399.0,68.0
2018,35000.0,40000,2,2,0,799.0,53.3
2014,53000.0,120000,1,2,2,2523.0,62.1
2011,15000.0,35000,2,2,0,995.0,62.0
2019,62500.0,12500,2,2,0,1197.0,81.86
2014,37800.0,80000,2,2,0,1197.0,82.0
2018,70000.0,100000,1,2,1,1248.0,74.02
2011,15600.0,110000,2,2,1,1086.0,62.1
2016,70000.0,103000,1,2,0,1493.0,70.0
2006,12000.0,100000,2,2,1,796.0,46.3
2015,41500.0,45000,2,1,0,1198.0,86.7
2015,45000.0,45000,2,1,0,1198.0,86.7
2014,32500.0,40000,2,2,2,1198.0,86.8
2017,26500.0,100000,2,2,0,814.0,55.2
2008,10000.0,120000,2,2,1,796.0,35.0
2015,50300.0,110000,1,2,0,2179.0,147.94
2013,22500.0,58343,2,2,0,998.0,67.05
2018,74000.0,38817,1,2,0,1248.0,74.0
2016,55000.0,56494,2,2,0,1199.0,88.7
2013,75000.0,79328,1,2,1,2494.0,100.6
2019,65000.0,5621,2,1,0,1197.0,81.8
2017,62500.0,25538,2,2,0,1496.0,88.73
2018,60000.0,69779,2,1,0,1197.0,81.8
2017,45000.0,56290,1,2,0,1186.0,73.97
2019,77900.0,7032,2,1,0,1199.0,88.76
2016,64500.0,11000,2,1,0,1598.0,103.5
2015,40000.0,100000,1,2,0,1248.0,88.7
2013,34500.0,40000,1,2,0,1396.0,88.8
2018,85000.0,15000,1,2,1,2498.0,105.0
2018,62000.0,15000,2,1,0,1197.0,81.8
2018,70000.0,10000,2,2,1,1197.0,83.1
2012,20000.0,90000,1,2,0,1248.0,74.0
2017,66000.0,80000,1,2,0,1493.0,70.0
2009,9000.0,60000,1,2,1,1396.0,52.8
2010,16000.0,90000,2,2,1,1196.0,70.0
2006,15000.0,80000,2,2,2,1799.0,130.0
2010,20000.0,35000,2,2,0,998.0,67.1
2011,36500.0,185000,1,2,1,1364.0,87.2
2009,14000.0,110000,2,2,1,1172.0,67.0
2016,36000.0,100000,1,2,0,1248.0,91.72
2008,20000.0,110000,2,2,1,1497.0,78.0
2010,25000.0,100000,1,2,1,1896.0,106.0
2008,22999.9,110000,1,2,1,1896.0,106.0
2011,32000.0,130000,1,2,1,1399.0,68.0
2018,120000.0,27000,2,2,0,1591.0,121.3
2018,74000.0,9000,2,1,0,1197.0,83.1
2013,34500.0,40000,1,2,0,1396.0,88.8
2019,57000.0,19000,2,1,1,1197.0,81.8
2019,49000.0,10000,2,2,0,1197.0,81.8
2013,25000.0,100000,1,2,0,1396.0,70.0
2017,43000.0,20000,2,1,0,998.0,67.0
2014,22500.0,35000,2,2,0,814.0,55.2
2018,85000.0,15000,1,2,1,2498.0,105.0
2018,62000.0,15000,2,1,0,1197.0,81.8
2014,44000.0,70000,1,2,1,1396.0,88.73
2016,80000.0,70000,1,2,0,1248.0,88.5
2018,70000.0,10000,2,2,1,1197.0,83.1
2016,60000.0,47000,1,2,0,1248.0,74.0
2012,20000.0,90000,1,2,0,1248.0,74.0
2017,66000.0,80000,1,2,0,1493.0,70.0
2015,45000.0,53000,1,2,0,1120.0,70.0
2013,42000.0,105000,1,2,1,1248.0,74.0
2011,50000.0,121941,1,2,0,2494.0,102.0
2016,35000.0,15000,2,2,0,1199.0,84.0
2014,28000.0,100000,1,2,0,2489.0,95.0
2013,42500.0,152186,1,2,1,1461.0,83.8
2013,29500.0,82246,2,2,0,1197.0,78.9
2016,54000.0,20000,2,2,0,1197.0,81.8
2017,75400.0,40000,1,2,0,1248.0,74.02
2019,67500.0,2789,2,2,0,1196.0,86.8
2018,70000.0,35278,1,2,0,1499.0,98.97
2018,79500.0,2860,1,2,0,1499.0,98.97
2018,45000.0,20000,2,2,0,1198.0,82.0
2008,15500.0,60000,2,2,2,1086.0,66.6
2011,35000.0,100000,1,2,1,1364.0,67.1
2011,25000.0,78562,1,2,0,1399.0,68.0
2011,45000.0,96000,1,2,2,1582.0,126.32
2011,45000.0,96000,1,2,2,1582.0,126.32
2014,42000.0,50000,1,2,0,1396.0,88.73
2012,31500.0,100000,1,2,0,1458.625015808777,91.51791898382203
2018,75000.0,40000,1,2,0,1248.0,88.5
2020,45000.0,10000,2,2,0,1198.0,67.05
2008,17500.0,60000,1,2,1,1248.0,75.0
2019,65000.0,10000,2,2,0,1197.0,81.86
2018,105000.0,10000,1,2,0,1248.0,88.5
2011,37500.0,35000,1,2,1,1582.0,126.32
2017,62000.0,35000,1,2,0,1498.0,99.0
2011,37500.0,35000,1,2,1,1582.0,126.32
2019,32000.0,10000,2,2,0,799.0,53.3
2016,32000.0,50000,2,2,0,998.0,67.05
2012,40000.0,129000,1,2,0,1248.0,73.9
2015,90000.0,100000,1,1,1,2179.0,140.0
2018,31000.0,30000,2,2,0,796.0,47.3
2018,59500.0,28000,2,2,1,1198.0,108.5
2017,80000.0,60000,1,2,0,1248.0,88.5
2013,35000.0,70000,2,2,0,1598.0,86.0
2013,27500.0,110000,1,2,0,1405.0,70.0
2019,42000.0,10000,2,2,0,1196.0,73.0
2008,25000.0,110000,1,2,1,1493.0,110.0
2007,25000.0,100000,1,2,1,1248.0,75.0
2008,29000.0,120000,1,2,1,2179.0,120.0
2016,52500.0,60000,2,1,0,1197.0,82.0
2008,25000.0,110000,1,2,2,2609.0,120.0
2007,9000.0,64000,2,2,0,1458.625015808777,91.51791898382203
2017,43000.0,10000,2,2,0,998.0,67.04
2017,63000.0,35000,2,2,0,1197.0,83.1
2018,55000.0,23000,2,2,0,1199.0,84.0
2019,63000.0,15000,1,2,1,1248.0,74.0
2018,85000.0,20000,1,2,0,2179.0,120.0
2011,45500.0,90000,1,2,0,2523.0,63.0
2011,44500.0,90000,1,2,0,2523.0,63.0
2013,37000.0,80000,1,2,0,1396.0,88.76
2016,50000.0,50000,2,2,0,1197.0,82.0
2012,14000.0,185000,1,2,1,1405.0,70.0
2019,55000.0,40000,2,2,0,1197.0,81.8
2017,30000.0,30000,2,2,0,999.0,67.0
2011,15000.0,120000,1,2,0,1396.0,69.0
2017,88000.0,46000,1,2,0,2179.0,120.0
2015,72000.0,80000,1,2,0,2523.0,75.0
2016,55000.0,90000,1,2,1,1396.0,88.73
2015,72000.0,90000,1,2,0,2523.0,75.0
2006,7000.0,80000,2,2,1,1458.625015808777,91.51791898382203
2016,53500.0,70000,1,2,0,1248.0,74.0
2015,32000.0,91000,1,2,2,1120.0,71.0
2015,50000.0,90000,1,2,0,1396.0,88.73
2014,52500.0,110000,1,2,1,1248.0,88.76
2019,22000.0,90000,2,2,0,999.0,67.0
2018,35000.0,50000,2,2,0,1199.0,84.0
2016,53000.0,60000,1,2,0,1493.0,100.0
2013,21500.0,35000,2,2,0,796.0,47.3
2012,33500.0,100000,1,2,0,1598.0,103.6
2015,32000.0,90000,1,2,1,1120.0,71.0
2011,13500.0,120000,1,2,1,1399.0,68.0
2009,17500.0,95000,2,2,1,998.0,66.1
2017,80000.0,35000,1,2,0,2523.0,62.1
2007,7800.0,38000,2,2,1,1193.0,65.3
2014,56500.0,56000,2,2,1,1497.0,117.3
2017,57500.0,50000,1,2,0,1396.0,88.73
2014,17000.0,70000,2,2,1,814.0,55.2
2014,25099.9,30000,2,2,0,796.0,47.3
2014,65000.0,60000,2,2,0,1497.0,117.3
2013,55000.0,133000,1,2,0,2179.0,138.1
2013,80000.0,150000,1,2,1,2179.0,140.0
2020,25099.9,30000,2,2,0,796.0,47.3
2013,17000.0,60000,2,2,1,796.0,47.3
2013,25000.0,30000,1,2,0,1396.0,69.0
2014,31200.0,80000,2,2,0,1399.0,98.82
2014,25000.0,20000,2,2,0,796.0,47.3
2013,20000.0,80000,2,2,0,814.0,55.2
2016,67000.0,73000,1,2,0,2523.0,75.0
2017,27000.0,50000,2,2,0,814.0,55.2
2018,63000.0,46000,1,2,0,1248.0,74.0
2018,40000.0,50000,1,2,0,909.0,45.0
2014,42000.0,50000,1,2,0,1396.0,88.73
2018,76400.0,25000,2,2,0,1373.0,91.1
2019,71000.0,30000,1,2,0,2523.0,62.1
2018,105000.0,13000,1,2,0,2200.0,139.01
2019,100000.0,15000,2,2,0,1462.0,103.2
2017,65000.0,44000,1,2,0,1248.0,88.5
2015,60000.0,63000,1,2,0,1498.0,98.59
2016,50999.9,110000,1,2,0,1493.0,100.0
2017,61000.0,14000,2,2,0,1197.0,82.0
2017,31000.0,35000,2,2,0,796.0,47.3
2016,72000.0,35000,1,2,0,2523.0,62.1
2012,15800.0,110000,1,2,1,1396.0,69.0
2011,17500.0,85700,1,2,1,1405.0,70.0
2010,21700.0,120000,1,2,0,1248.0,73.9
2013,48499.9,50000,1,2,0,1498.0,98.6
2012,31500.0,100000,1,2,0,1458.625015808777,91.51791898382203
2016,55000.0,35000,1,2,0,1120.0,71.0
2012,28000.0,70000,2,2,1,1197.0,85.8
2013,35000.0,90000,2,2,0,1596.0,99.6
2016,42000.0,30000,2,2,1,1197.0,82.0
2017,81000.0,80000,2,2,0,1373.0,91.1
2011,29000.0,90000,2,2,2,1197.0,80.0
2012,18000.0,60000,2,2,0,1199.0,79.4
2010,16000.0,162000,2,2,0,1196.0,73.0
2017,6600.0,70000,2,2,2,624.0,37.48
2015,36900.0,20000,2,2,1,998.0,67.04
2012,30000.0,80000,1,2,1,2179.0,138.1
2008,35000.0,90000,1,2,0,2523.0,63.0
2008,22000.0,120000,2,1,1,1197.0,80.0
2009,22100.0,100000,1,2,1,1248.0,75.0
2017,40000.0,35000,2,2,0,1193.0,88.7
2011,39000.0,120000,1,2,2,2523.0,63.0
2012,19000.0,110000,2,2,0,1196.0,73.0
2017,30000.0,60000,2,2,0,799.0,53.3
2017,75000.0,27000,1,2,0,1396.0,88.73
2016,65000.0,50000,1,2,0,1248.0,74.0
2018,63500.0,40000,2,2,0,1198.0,86.7
2013,52000.0,88000,1,2,1,1582.0,126.32
2012,41500.0,80000,1,2,1,1582.0,126.32
2019,70000.0,60000,1,2,0,1396.0,88.76
2017,48499.9,26000,2,2,1,1197.0,81.8
2007,12000.0,80000,2,2,1,1388.0,68.0
2014,22000.0,60000,2,2,1,814.0,55.2
2014,32000.0,80000,2,2,1,1197.0,78.9
2011,37500.0,90000,1,2,1,1248.0,74.0
2012,44000.0,80000,1,2,1,1582.0,126.32
2019,55000.0,15000,2,1,0,1197.0,81.86
2017,64000.0,35000,1,2,1,1248.0,74.0
2014,42000.0,120000,1,2,0,1364.0,67.04
2016,33000.0,63000,1,2,2,1120.0,70.0
2019,80000.0,25000,1,2,0,1498.0,108.62
2011,24000.0,64500,2,2,0,998.0,67.1
2016,36000.0,100000,1,2,1,1198.0,77.0
2017,75000.0,40000,1,2,0,1582.0,126.2
2017,57000.0,15000,2,2,1,1197.0,81.83
2015,45000.0,25000,1,2,0,1364.0,67.04
2016,27000.0,82000,2,2,2,1197.0,85.8
2012,45999.9,87000,1,2,0,1248.0,88.76
2015,24000.0,80000,2,2,1,998.0,67.05
2012,32000.0,110000,1,2,2,1461.0,108.45
2011,14900.0,148000,1,2,1,1248.0,88.8
2011,18000.0,70000,2,2,0,1495.0,93.7
2012,18500.0,70000,4,2,1,1086.0,62.1
2008,6500.0,40000,2,2,1,796.0,37.0
2010,13000.0,120000,1,2,0,1405.0,70.0
2012,33000.0,60000,1,2,0,1399.0,67.0
2011,19000.0,90000,1,2,0,1248.0,90.0
2014,50100.0,68000,1,2,0,1248.0,74.0
2017,60000.0,24500,1,2,0,1498.0,98.6
2012,57000.0,77000,1,2,1,2179.0,140.0
2015,45000.0,85000,1,2,0,1498.0,98.6
2011,28500.0,45500,2,2,0,1496.0,88.73
2014,49000.0,67000,1,2,0,1248.0,74.0
2014,50000.0,77000,1,2,0,1248.0,74.0
2016,27500.0,47000,2,2,0,814.0,55.2
2017,44000.0,57000,2,2,0,1199.0,84.48
2018,82500.0,71500,1,2,0,1396.0,88.73
2012,41100.0,110000,1,2,0,1364.0,67.04
2013,47000.0,82000,1,2,1,1248.0,74.0
2013,44500.0,70000,1,2,1,1248.0,74.0
2017,75200.0,28000,1,2,0,1248.0,74.0
2016,65000.0,125000,1,2,1,1498.0,103.52
2013,45000.0,67000,1,2,1,1248.0,74.0
2011,35000.0,93500,2,2,2,1497.0,118.0
2012,51100.0,8500,2,2,0,1197.0,81.8
2016,70000.0,80000,1,2,0,1248.0,74.0
2018,55000.0,14200,2,2,0,1196.0,86.8
2007,14200.0,97000,2,2,0,1388.0,68.0
2017,63000.0,30000,2,2,0,1197.0,81.83
2015,48000.0,50000,2,2,0,1197.0,81.83
2016,33000.0,30000,2,2,0,998.0,67.05
2017,50000.0,20000,2,2,0,1298.0,80.0
2012,30000.0,60300,1,2,0,1199.0,73.9
2015,40000.0,35000,1,2,0,1248.0,88.7
2011,32000.0,80000,1,2,0,2179.0,138.03
2008,18000.0,44391,2,2,1,1086.0,68.05
2016,53000.0,58000,1,2,0,1248.0,74.0
2015,60000.0,40000,1,2,0,2523.0,62.1
2017,78000.0,66000,1,2,1,1248.0,88.5
2016,70000.0,110000,1,2,0,1498.0,98.6
2013,17500.0,56315,1,2,0,936.0,57.6
2017,73500.0,70000,1,2,0,1493.0,70.0
2013,32500.0,120000,1,2,0,1364.0,67.06
2006,22500.0,100000,1,2,0,2499.0,80.0
2015,35000.0,90000,1,2,1,1248.0,88.7
2006,11000.0,120000,4,2,2,1061.0,57.5
2007,8500.0,160000,2,2,2,998.0,67.1
2006,15000.0,100000,2,2,2,1794.0,125.0
2009,22500.0,120000,1,2,2,1248.0,73.9
2010,11100.0,100000,1,2,1,1248.0,75.0
2007,15000.0,70000,2,2,2,1061.0,67.0
2017,30000.0,15151,2,2,1,814.0,55.2
2015,63000.0,60000,1,2,0,1997.0,120.0
2011,20600.0,100000,2,2,0,1086.0,68.05
2006,7000.0,110000,2,2,2,998.0,67.1
2019,56700.0,7000,2,1,0,1197.0,81.86
2016,55000.0,60000,1,2,1,1248.0,74.0
2010,14000.0,70000,2,2,2,1197.0,78.9
2016,30000.0,30000,2,2,0,799.0,53.3
2013,50000.0,70000,2,2,1,1499.0,110.4
2015,40000.0,128000,2,2,0,1197.0,82.0
2011,34000.0,160000,1,2,1,1458.625015808777,91.51791898382203
2014,57000.0,15000,1,2,0,1248.0,74.0
2017,69900.0,60000,1,2,0,1248.0,74.02
2013,35500.0,80000,2,2,0,1198.0,86.8
2016,69000.0,80000,1,2,0,1248.0,74.0
2006,18000.0,114321,1,2,1,1399.0,68.0
2013,20000.0,120000,1,2,0,1405.0,70.0
2012,57500.0,120000,1,2,1,2179.0,120.0
2014,41500.0,146000,1,2,0,1364.0,67.06
2012,35000.0,30000,4,2,0,1086.0,68.05
2017,35000.0,20000,2,2,0,814.0,55.2
2017,63200.0,150000,1,2,0,1364.0,67.05
2014,32500.0,70000,3,2,1,1196.0,61.7
2013,51100.0,90000,2,2,1,1797.0,147.5
2010,30000.0,100000,2,2,2,1497.0,118.0
2008,18000.0,100000,2,2,2,1086.0,68.05
2015,50300.0,110000,1,2,0,2179.0,147.94
2013,22500.0,58343,2,2,0,998.0,67.05
2018,74000.0,38817,1,2,0,1248.0,74.0
2016,55000.0,56494,2,2,0,1199.0,88.7
2013,75000.0,79328,1,2,1,2494.0,100.6
2019,65000.0,5621,2,1,0,1197.0,81.8
2017,62500.0,25538,2,2,0,1496.0,88.73
2018,60000.0,69779,2,1,0,1197.0,81.8
2017,45000.0,56290,1,2,0,1186.0,73.97
2019,77900.0,7032,2,1,0,1199.0,88.76
2016,64500.0,11000,2,1,0,1598.0,103.5
2017,73000.0,37333,2,2,0,1197.0,81.83
2014,45000.0,15000,1,2,1,1248.0,88.76
2017,42000.0,60000,3,2,0,998.0,58.16
2016,50999.9,80000,1,2,1,1364.0,67.05
2015,90500.0,110000,1,2,0,2494.0,100.6
2010,24000.0,134000,1,2,1,1458.625015808777,91.51791898382203
2011,14000.0,72000,2,2,1,796.0,46.3
2015,30000.0,80000,2,2,1,1197.0,85.8
2010,22500.0,120000,1,2,1,1248.0,73.9
2015,86000.0,90000,1,2,1,2494.0,100.6
2012,40000.0,100000,1,2,1,1461.0,83.8
2009,19000.0,90000,2,2,2,1298.0,85.8
2013,35000.0,140000,1,2,2,1498.0,98.6
2010,7500.0,120000,2,2,0,995.0,62.0
2019,86000.0,35000,1,1,0,1248.0,88.5
2014,25000.0,50000,2,2,1,998.0,67.05
2017,70000.0,82000,1,2,0,1396.0,88.7
2014,39900.0,70000,1,2,2,1248.0,74.0
2016,32000.0,90000,2,2,0,1197.0,85.8
2018,53000.0,20000,1,2,0,2523.0,63.0
2017,75000.0,53000,1,2,0,1248.0,88.5
2017,56000.0,21500,2,1,0,1198.0,76.0
2017,45000.0,89000,1,2,0,1047.0,69.0
2013,45999.9,35000,2,2,1,1197.0,85.8
2013,23500.0,43000,2,2,1,998.0,67.1
2009,18000.0,80000,2,2,1,1086.0,62.1
2007,14000.0,80000,2,2,1,1086.0,63.0
2014,62000.0,110000,1,2,0,1396.0,88.73
2012,19000.0,100000,2,2,0,814.0,55.2
2018,38000.0,25000,2,2,0,814.0,55.2
2017,54000.0,70000,1,2,0,1248.0,74.0
2006,15000.0,100000,2,2,1,1061.0,64.0
2008,7500.0,86000,2,2,1,1458.625015808777,91.51791898382203
2009,13500.0,50000,2,2,0,796.0,46.3
2017,34000.0,40300,2,2,0,1199.0,84.0
2016,41100.0,25000,2,2,1,998.0,67.04
2010,15000.0,155000,2,2,2,998.0,67.1
2015,57500.0,50000,2,1,0,1199.0,88.7
2017,59500.0,30030,2,2,0,1197.0,81.83
2017,52500.0,29029,2,2,0,1197.0,82.0
2012,33500.0,72072,1,2,0,1248.0,73.9
2012,30000.0,54000,1,2,0,1399.0,68.0
2012,41500.0,82082,1,2,0,1396.0,88.73
2016,92500.0,48000,1,2,1,2179.0,140.0
2016,75000.0,20000,2,2,0,1373.0,91.1
2015,26000.0,35000,2,2,2,1198.0,67.0
2017,26000.0,67000,3,2,0,796.0,40.3
2011,34700.0,80600,1,2,0,1248.0,73.9
2013,19500.0,58609,2,2,1,814.0,55.2
2016,26500.0,33003,2,2,0,1172.0,67.0
2016,32000.0,43000,3,2,1,998.0,58.16
2016,59000.0,16500,2,2,0,1197.0,81.83
2012,65000.0,138000,1,2,1,2494.0,102.0
2013,50999.9,165500,1,2,1,2523.0,75.0
2011,35000.0,120000,1,2,1,1248.0,73.9
2018,74900.0,30000,1,2,0,1497.0,108.5
2010,15000.0,70000,1,2,1,1396.0,69.0
2011,20000.0,120000,1,2,2,1461.0,64.1
2014,24000.0,168000,1,2,1,1248.0,74.0
2017,51500.0,60000,1,2,1,1498.0,98.6
2008,14500.0,120000,2,2,1,796.0,46.3
2016,45000.0,5800,2,2,1,998.0,67.04
2010,17900.0,68700,2,2,2,998.0,66.1
2007,22000.0,108000,2,2,2,1599.0,103.2
2020,50000.0,40000,2,2,0,1193.0,88.7
2009,19000.0,100000,1,2,1,1399.0,67.0
2015,20000.0,40000,1,2,0,936.0,56.3
2018,85000.0,90000,2,2,0,1497.0,121.36
2011,27000.0,60000,2,2,1,1198.0,73.9
2016,33500.0,17000,2,2,0,814.0,55.2
2018,45999.9,5000,2,2,0,998.0,67.04
2017,71000.0,60000,1,2,0,1248.0,88.5
2015,33000.0,140000,1,2,1,1248.0,74.0
2018,75000.0,25000,2,2,0,1198.0,108.5
2016,16000.0,50000,2,2,1,995.0,62.1
2016,21500.0,60000,1,2,1,936.0,56.3
2012,6000.0,40000,2,2,1,624.0,38.0
2014,48000.0,72000,2,2,0,1197.0,85.8
2012,20000.0,70000,2,2,0,814.0,55.2
2013,40000.0,83000,1,2,0,1461.0,63.1
2012,18000.0,100000,2,2,1,814.0,55.2
2015,55000.0,25000,2,2,0,1197.0,81.8
2016,55000.0,50000,1,2,0,1248.0,74.0
2012,55000.0,67000,1,2,0,1248.0,88.76
2011,27000.0,30000,2,2,0,998.0,67.1
2013,31500.0,85000,1,2,0,1461.0,63.12
2018,87500.0,25000,1,2,0,2498.0,105.0
2014,54000.0,110000,1,2,0,2523.0,75.0
2017,35000.0,60000,3,2,0,998.0,58.16
2011,36000.0,80000,1,2,1,1582.0,126.32
2014,30000.0,31000,2,2,0,998.0,67.04
2014,35000.0,100000,1,2,0,1120.0,70.0
2016,65000.0,130000,1,2,0,1493.0,100.0
2016,35000.0,20000,2,2,0,998.0,67.04
2017,70000.0,60000,1,2,0,1498.0,98.59
2013,41500.0,102996,1,2,1,1248.0,74.0
2017,83000.0,35000,1,2,0,1497.0,108.5
2018,43000.0,5000,2,2,1,1198.0,67.0
2017,85000.0,60000,1,2,0,1498.0,98.59
2017,65000.0,70000,2,2,0,1197.0,83.14
2008,12000.0,120000,1,2,1,1493.0,110.0
2016,73000.0,65100,1,2,1,1493.0,100.0
2019,52500.0,20000,2,1,0,1197.0,81.8
2015,60000.0,108000,1,2,0,1396.0,88.73
2019,50000.0,15000,2,2,0,1197.0,81.8
2009,15000.0,77000,2,2,0,1086.0,62.1
2015,40999.9,18500,2,2,0,998.0,67.04
2016,62500.0,120000,1,2,0,1493.0,100.0
2015,29000.0,15200,2,2,0,799.0,53.3
2015,50000.0,35000,2,2,0,1497.0,117.3
2011,47500.0,80000,1,2,0,1582.0,126.32
2013,19000.0,70000,2,2,0,814.0,55.2
2014,75000.0,80000,1,2,1,2179.0,140.0
2014,52500.0,120000,1,2,1,1461.0,108.5
2012,49500.0,82000,1,2,2,1998.0,163.7
2015,55000.0,60000,1,2,0,1396.0,88.73
2012,59500.0,129000,1,2,2,2179.0,140.0
2015,55000.0,67000,1,2,0,1248.0,75.0
2010,40000.0,120000,1,2,2,2179.0,138.03
2015,50000.0,96500,1,2,0,1248.0,91.72
2017,34000.0,52412,2,2,0,998.0,67.1
2012,48000.0,85472,1,2,0,2179.0,120.0
2013,48000.0,87452,1,2,1,1498.0,98.59
2018,75000.0,17000,1,2,0,1498.0,98.96
2008,10000.0,66530,2,2,1,1061.0,67.0
2013,29000.0,40000,2,2,0,1197.0,82.85
2015,42500.0,96500,1,2,0,1248.0,91.72
2010,28500.0,79000,2,2,0,1497.0,116.3
2016,62500.0,50000,1,2,0,1493.0,100.0
2012,17000.0,60000,1,2,1,1248.0,75.0
2018,45999.9,35000,2,2,0,1193.0,88.7
2015,45000.0,120000,1,2,0,1248.0,91.72
2019,65000.0,10000,2,1,0,1197.0,81.8
2017,60000.0,15000,2,2,0,1197.0,81.86
2013,17800.0,70000,3,2,1,796.0,47.3
2016,30000.0,5000,2,2,0,796.0,47.3
2009,15000.0,40000,2,2,0,796.0,46.3
2019,59000.0,10000,2,2,0,1197.0,81.86
2016,31000.0,25000,2,2,0,814.0,55.2
2017,40000.0,53000,2,2,0,1193.0,88.7
2014,52000.0,110000,1,2,1,2179.0,120.0
2019,100000.0,22000,2,2,0,1197.0,110.0
2015,50999.9,75000,1,2,1,1498.0,98.6
2012,22100.0,70000,2,2,0,998.0,67.1
2014,39000.0,64000,2,2,2,1598.0,103.2
2009,19500.0,40000,2,2,0,796.0,46.3
2013,60000.0,60000,1,2,0,2179.0,120.0
2015,61500.0,72000,1,2,0,1396.0,88.73
2013,35000.0,70000,1,2,1,1396.0,88.76
2012,14000.0,75000,1,2,0,936.0,57.6
2017,65000.0,32331,1,2,1,1396.0,88.73
2010,28500.0,80000,1,2,1,1396.0,90.0
2011,19000.0,20000,2,2,1,995.0,62.0
2012,35000.0,110000,2,2,0,1498.0,97.7
2014,40000.0,40000,2,2,1,1197.0,82.0
2015,43499.9,90000,2,2,1,1197.0,81.83
2014,45000.0,50000,2,2,1,1197.0,85.8
2015,45000.0,60000,2,2,0,1197.0,81.83
2017,58000.0,30000,1,2,0,1248.0,74.0
2016,90000.0,98000,1,2,0,1582.0,126.2
2016,75000.0,50000,1,2,0,1248.0,88.5
2009,14000.0,120000,1,2,2,1396.0,69.0
2017,52500.0,30000,2,2,0,1197.0,81.86
2009,11499.9,120000,1,2,2,1396.0,69.0
2016,39900.0,40000,2,2,0,1199.0,84.0
2006,15000.0,100000,2,2,1,1458.625015808777,91.51791898382203
2012,27500.0,90000,1,2,1,1405.0,71.0
2011,34000.0,80000,1,2,1,1396.0,90.0
2012,22200.0,120000,4,2,0,814.0,55.2
2007,7000.0,110000,1,2,1,1396.0,53.5
2017,43000.0,38000,2,2,1,1199.0,84.0
2017,43000.0,35000,2,2,1,1199.0,84.0
2014,32000.0,70000,2,2,0,998.0,67.04
2012,50000.0,120000,1,2,1,1461.0,78.0
2012,50000.0,110000,1,2,1,1461.0,108.45
2010,22999.9,140000,1,2,0,1248.0,75.0
2007,20000.0,120000,2,2,1,1458.625015808777,91.51791898382203
2017,50000.0,80000,1,2,1,1461.0,63.1
2010,31500.0,120000,1,2,1,2523.0,63.0
2011,26500.0,80000,2,2,0,998.0,67.1
2015,35000.0,110000,1,2,1,1498.0,99.0
2011,11499.9,172000,1,2,1,1396.0,52.8
2014,42500.0,25000,2,2,0,1197.0,81.83
2019,90000.0,35000,1,2,0,1498.0,98.96
2014,55000.0,126000,1,2,0,2179.0,120.0
2018,90000.0,30000,1,2,0,1498.0,98.6
2011,16500.0,97000,2,2,2,1086.0,68.05
2016,85000.0,120000,1,1,0,1582.0,126.2
2016,85000.0,120000,1,2,0,1582.0,126.32
2014,55000.0,80000,1,2,1,2498.0,105.0
2011,50000.0,60000,1,2,1,1248.0,73.9
2018,63000.0,15000,2,2,0,1197.0,81.8
2011,16000.0,60000,2,2,0,1086.0,68.05
2015,67000.0,60000,1,2,0,1498.0,98.6
2014,43000.0,90000,1,2,0,1248.0,74.0
2015,37500.0,30000,2,2,0,1197.0,82.0
2016,65000.0,35000,2,2,0,1197.0,81.83
2016,50000.0,35000,1,2,0,1248.0,74.0
2016,50000.0,35000,1,2,0,1248.0,74.0
2018,60000.0,40000,1,2,0,1498.0,108.62
2018,79500.0,41779,2,2,0,1197.0,81.8
2016,62500.0,54000,2,2,0,1199.0,88.7
2017,62500.0,37000,1,1,0,1248.0,74.0
2011,44000.0,90000,1,1,1,1991.0,147.9
2017,55000.0,23456,2,2,0,1197.0,82.0
2017,70000.0,15000,2,2,0,1199.0,88.7
2013,53000.0,40000,1,2,0,1248.0,74.0
2017,84499.9,70000,1,2,0,1248.0,88.5
2016,65000.0,99000,1,1,0,1498.0,103.52
2018,75000.0,15000,2,2,0,1197.0,81.8
2015,61000.0,30000,2,2,0,1199.0,88.7
2010,15000.0,70000,2,2,0,1199.0,79.4
2014,47500.0,40000,2,2,0,1197.0,85.8
2008,37500.0,136500,1,2,2,2609.0,120.0
2016,42500.0,70000,1,2,1,1198.0,77.0
2015,80000.0,90000,1,2,1,1498.0,98.6
2018,50999.9,8000,2,1,1,998.0,67.0
2015,38700.0,170000,1,2,0,1364.0,67.04
2014,23500.0,25000,2,2,0,796.0,47.3
2010,34000.0,110000,1,2,2,1248.0,75.0
2016,100000.0,100000,1,2,0,2179.0,140.0
2009,16000.0,115000,1,2,1,1399.0,68.0
2008,36500.0,120000,1,2,2,2609.0,120.0
2008,26000.0,90000,1,2,1,1248.0,75.0
2018,86000.0,40000,2,1,0,1199.0,88.7
2008,11499.9,55000,2,2,1,1599.0,103.2
2007,10000.0,90000,2,2,1,796.0,46.3
2014,56500.0,111000,1,2,0,1498.0,103.2
2013,45000.0,120000,1,2,1,2498.0,112.0
2017,62500.0,15000,2,2,0,1197.0,83.1
2016,28000.0,30000,2,2,1,796.0,47.3
2017,33000.0,50000,2,2,0,998.0,67.05
2008,6500.0,50000,2,2,1,1396.0,70.0
2018,48000.0,45000,2,2,1,1199.0,84.0
2016,40000.0,35000,1,2,1,1047.0,69.0
2012,32000.0,120000,1,2,0,2498.0,112.0
2014,75000.0,90000,1,2,1,2179.0,140.0
2017,62000.0,100000,1,2,0,1493.0,70.0
2011,30000.0,120000,1,2,2,1248.0,73.9
2017,28200.0,15000,2,2,0,796.0,47.3
2017,70000.0,15000,2,1,0,1197.0,81.8
2017,70000.0,70000,1,2,0,1498.0,99.0
2015,60000.0,135000,1,2,0,1498.0,98.59
2012,29000.0,80000,1,2,1,1598.0,103.5
2011,43000.0,80000,1,1,1,1991.0,147.9
2017,57500.0,19000,2,2,0,1197.0,81.83
2017,87500.0,42000,2,2,0,1591.0,121.3
2010,18000.0,77000,2,2,0,998.0,67.1
2012,22999.9,120000,1,2,0,1248.0,73.94
2019,80000.0,10000,2,1,0,1197.0,81.8
2009,6000.0,110000,2,2,2,995.0,63.0
2009,15000.0,110000,2,2,0,1586.0,104.68
2007,10000.0,90000,1,2,2,1396.0,70.0
2015,90000.0,90000,2,2,0,1591.0,121.3
2018,85000.0,50000,1,2,0,1396.0,88.73
2014,22000.0,50000,1,2,0,936.0,56.3
2014,25000.0,40000,2,2,1,796.0,47.3
2012,12500.0,120000,1,2,0,1248.0,74.0
2018,120000.0,27000,2,2,0,1591.0,121.3
2013,25000.0,100000,1,2,0,1396.0,70.0
2014,44000.0,70000,1,2,1,1396.0,88.73
2017,40000.0,40000,2,2,0,1199.0,84.0
2018,100000.0,10000,2,2,0,1591.0,121.3
2014,60000.0,160000,1,2,0,1498.0,98.6
2010,25000.0,60000,2,2,0,1197.0,80.0
2009,31000.0,110000,1,2,0,2523.0,63.0
2014,39000.0,78000,1,2,0,2498.0,112.0
2019,45800.0,30000,2,2,0,1086.0,68.0
2018,95000.0,20000,1,2,0,1498.0,98.96
2017,65000.0,21000,2,2,0,1197.0,81.8
2013,40000.0,70000,1,2,0,1248.0,74.0
2015,40000.0,70000,2,1,1,1197.0,82.0
2006,10000.0,42500,2,2,0,796.0,46.3
2012,35000.0,25000,2,2,0,1197.0,78.9
2013,45000.0,80000,1,2,1,2197.0,138.1
2010,25000.0,80000,1,2,2,1199.0,73.9
2013,45000.0,146000,1,2,1,2523.0,62.1
2013,15700.0,47200,2,2,2,796.0,37.0
2007,7500.0,100000,2,2,1,1193.0,65.3
2010,28000.0,100000,1,2,1,2499.0,80.0
2015,60000.0,35000,2,2,0,1197.0,81.83
2012,25099.9,120000,1,2,2,2956.0,83.8
2010,35000.0,80000,2,2,1,1794.0,132.0
2016,30000.0,34000,2,2,0,999.0,67.0
2017,81999.9,50000,1,2,0,1461.0,83.8
2010,40999.9,100000,1,2,1,1405.0,70.0
2008,27500.0,52000,2,2,1,1599.0,103.2
2013,49700.0,110000,1,2,0,1248.0,88.76
2015,50000.0,70000,2,2,0,1197.0,81.83
2006,17000.0,120000,1,2,1,2523.0,83.0
2016,51500.0,68609,1,2,0,1498.0,89.84
2018,92500.0,33360,1,2,0,1498.0,98.59
2017,83000.0,35000,1,2,0,1497.0,108.5
2019,97500.0,30000,1,2,0,1498.0,98.96
2018,62000.0,15000,2,2,0,1194.0,94.93
2019,86000.0,14317,2,2,0,1498.0,104.55
2018,43000.0,5000,2,2,1,1198.0,67.0
2017,86000.0,28000,2,2,0,1497.0,117.3
2018,95000.0,40000,1,2,0,1498.0,98.96
2012,22500.0,87237,1,2,1,1399.0,68.05
2011,50000.0,99500,1,2,2,1991.0,147.9
2017,50000.0,62960,1,2,0,1498.0,99.0
2014,54500.0,110000,1,2,0,1248.0,88.76
2011,40000.0,72000,1,2,0,1248.0,74.0
2018,65000.0,50000,1,2,0,1248.0,74.02
2008,11499.9,55000,2,2,1,1599.0,103.2
2015,56200.0,60000,1,2,0,1248.0,74.0
2015,50300.0,110000,1,2,0,2179.0,147.94
2013,22500.0,58343,2,2,0,998.0,67.05
2018,74000.0,38817,1,2,0,1248.0,74.0
2016,55000.0,56494,2,2,0,1199.0,88.7
2013,75000.0,79328,1,2,1,2494.0,100.6
2019,65000.0,5621,2,1,0,1197.0,81.8
2017,62500.0,25538,2,2,0,1496.0,88.73
2018,60000.0,69779,2,1,0,1197.0,81.8
2017,45000.0,56290,1,2,0,1186.0,73.97
2019,77900.0,7032,2,1,0,1199.0,88.76
2016,64500.0,11000,2,1,0,1598.0,103.5
2015,50300.0,110000,1,2,0,2179.0,147.94
2013,22500.0,58343,2,2,0,998.0,67.05
2018,74000.0,38817,1,2,0,1248.0,74.0
2016,55000.0,56494,2,2,0,1199.0,88.7
2013,75000.0,79328,1,2,1,2494.0,100.6
2019,65000.0,5621,2,1,0,1197.0,81.8
2017,62500.0,25538,2,2,0,1496.0,88.73
2018,60000.0,69779,2,1,0,1197.0,81.8
2017,45000.0,56290,1,2,0,1186.0,73.97
2019,77900.0,7032,2,1,0,1199.0,88.76
2016,64500.0,11000,2,1,0,1598.0,103.5
2009,21000.0,120000,1,2,2,1458.625015808777,91.51791898382203
2015,50300.0,110000,1,2,0,2179.0,147.94
2013,22500.0,58343,2,2,0,998.0,67.05
2018,74000.0,38817,1,2,0,1248.0,74.0
2016,55000.0,56494,2,2,0,1199.0,88.7
2013,75000.0,79328,1,2,1,2494.0,100.6
2019,65000.0,5621,2,1,0,1197.0,81.8
2017,62500.0,25538,2,2,0,1496.0,88.73
2018,60000.0,69779,2,1,0,1197.0,81.8
2017,45000.0,56290,1,2,0,1186.0,73.97
2019,77900.0,7032,2,1,0,1199.0,88.76
2016,64500.0,11000,2,1,0,1598.0,103.5
2015,59000.0,80000,1,2,0,1498.0,89.75
2016,35000.0,120000,1,2,1,1120.0,71.0
2017,48499.9,30000,2,2,0,1197.0,81.8
2015,24000.0,110000,1,2,1,1405.0,70.0
2017,30000.0,80000,2,2,0,796.0,47.3
2016,75000.0,80000,1,2,0,1248.0,88.5
2016,57400.0,35000,2,2,1,1197.0,83.14
2013,20000.0,167000,1,2,0,1248.0,88.8
2012,35000.0,80000,2,2,0,1086.0,62.1
2019,50000.0,10000,2,2,0,1197.0,83.1
2016,37000.0,90000,1,2,0,1405.0,69.01
2019,60000.0,5200,2,2,0,1199.0,83.81
2006,10000.0,120000,2,2,1,993.0,60.0
2013,40999.9,90000,1,2,1,1248.0,74.0
2016,75000.0,50000,2,1,0,1497.0,117.3
2017,60000.0,5000,2,2,0,1197.0,81.86
2018,55000.0,10500,2,2,0,1198.0,82.0
2018,95000.0,26000,1,2,0,1461.0,108.45
2014,64500.0,139000,1,1,0,2179.0,120.0
2014,75000.0,60000,1,2,1,2179.0,140.0
2015,80000.0,25000,2,2,0,1499.0,110.4
2010,35000.0,60000,2,2,1,1798.0,138.0
2015,70000.0,25000,2,2,0,1499.0,110.4
2011,33500.0,15000,2,2,0,1298.0,85.8
2012,27000.0,110000,1,2,0,1248.0,73.9
2010,32000.0,100000,1,2,1,1248.0,73.9
2007,12000.0,120000,2,2,0,1086.0,63.0
2007,12500.0,120000,2,2,2,1586.0,104.68
2007,15000.0,35000,2,2,0,1061.0,64.0
2018,31000.0,13000,2,2,0,796.0,47.3
2015,62500.0,50000,1,2,0,1248.0,74.0
2012,26700.0,40000,2,2,0,1197.0,78.9
2016,60000.0,25000,2,2,0,1197.0,81.86
2011,18000.0,110000,2,2,1,1196.0,73.0
2019,70000.0,5000,2,2,0,1197.0,88.5
2013,12100.0,50000,2,2,1,796.0,37.0
2014,35000.0,80000,2,2,2,1197.0,82.0
2015,50300.0,110000,1,2,0,2179.0,147.94
2013,22500.0,58343,2,2,0,998.0,67.05
2018,74000.0,38817,1,2,0,1248.0,74.0
2016,55000.0,56494,2,2,0,1199.0,88.7
2013,75000.0,79328,1,2,1,2494.0,100.6
2019,65000.0,5621,2,1,0,1197.0,81.8
2017,62500.0,25538,2,2,0,1496.0,88.73
2018,60000.0,69779,2,1,0,1197.0,81.8
2017,45000.0,56290,1,2,0,1186.0,73.97
2019,77900.0,7032,2,1,0,1199.0,88.76
2016,64500.0,11000,2,1,0,1598.0,103.5
2008,8000.0,100000,2,2,2,1061.0,64.0
2008,12000.0,93331,2,2,1,1086.0,68.05
2012,37000.0,120000,1,2,1,2179.0,115.0
2015,75000.0,70000,1,2,0,1461.0,108.5
2015,48499.9,100000,1,2,0,2523.0,63.0
2006,12000.0,90000,1,2,1,1493.0,82.0
2017,86000.0,28000,2,2,0,1497.0,117.3
2018,65000.0,50000,1,2,0,1248.0,74.02
2014,65000.0,90000,1,2,0,1248.0,88.8
2016,71000.0,40000,1,2,0,1396.0,88.7
2017,43000.0,113000,1,2,0,1498.0,99.0
2011,30500.0,188000,1,2,1,1248.0,75.0
2011,22000.0,100000,1,2,0,1399.0,68.0
2017,66000.0,67000,1,2,1,1493.0,100.0
2011,14000.0,70000,1,2,2,936.0,57.6
2017,62500.0,34000,1,1,0,1498.0,108.495
2012,54000.0,100000,2,2,1,1497.0,116.3
2017,55000.0,10000,2,1,0,1197.0,81.86
2018,47500.0,30000,2,2,0,998.0,67.04
2010,21700.0,120000,1,2,0,1248.0,73.9
2019,75000.0,6500,2,1,0,1197.0,81.8
2010,35000.0,80000,2,2,0,1298.0,80.0
2008,40000.0,100000,1,2,2,2179.0,120.0
2015,57000.0,120000,1,2,1,1364.0,67.05
2012,18000.0,120000,2,2,1,814.0,55.2
2018,70000.0,63000,1,2,0,2956.0,83.83
2015,68500.0,109000,1,2,0,1498.0,89.84
2015,56500.0,114000,1,2,0,1248.0,73.94
2014,39500.0,160000,1,2,2,1120.0,70.0
2013,42500.0,101000,1,2,0,1396.0,88.76
2018,53500.0,31000,2,1,0,999.0,67.0
2018,50000.0,31000,2,2,0,999.0,67.0
2016,43499.9,55000,2,2,0,1197.0,81.8
2014,70000.0,117000,1,2,0,1582.0,126.32
2015,42500.0,75000,2,2,0,1197.0,81.8
2013,32500.0,158000,1,2,0,1499.0,98.96
2018,95000.0,40000,1,2,0,1498.0,98.96
2017,98000.0,53000,1,2,0,2179.0,147.94
2020,80800.0,5000,2,2,0,999.0,108.6
2014,55000.0,30000,2,2,0,1197.0,85.8
2010,21500.0,64000,2,2,0,796.0,46.3
2016,51200.0,10500,2,2,0,1196.0,86.8
2011,21500.0,50000,2,2,1,796.0,46.3
2012,50000.0,60000,1,2,0,1598.0,103.5
2015,70000.0,35000,1,2,0,1498.0,103.52
2012,52500.0,135000,1,2,0,2179.0,138.03
2011,55000.0,70000,1,2,1,2179.0,120.0
2016,75000.0,80000,1,2,0,1248.0,88.5
2017,39500.0,25000,2,2,0,998.0,67.0
2017,67500.0,5000,2,2,0,1197.0,81.83
2008,14000.0,80000,2,2,2,1086.0,62.1
2011,43000.0,120000,1,2,1,2179.0,120.0
2015,50300.0,110000,1,2,0,2179.0,147.94
2013,22500.0,58343,2,2,0,998.0,67.05
2018,74000.0,38817,1,2,0,1248.0,74.0
2016,55000.0,56494,2,2,0,1199.0,88.7
2013,75000.0,79328,1,2,1,2494.0,100.6
2019,65000.0,5621,2,1,0,1197.0,81.8
2017,62500.0,25538,2,2,0,1496.0,88.73
2018,60000.0,69779,2,1,0,1197.0,81.8
2017,45000.0,56290,1,2,0,1186.0,73.97
2019,77900.0,7032,2,1,0,1199.0,88.76
2016,64500.0,11000,2,1,0,1598.0,103.5
2011,27000.0,167000,2,2,0,1458.625015808777,91.51791898382203
2011,27000.0,167000,2,2,0,1458.625015808777,91.51791898382203
2014,30000.0,10000,2,2,0,998.0,67.04
2013,35500.0,68000,1,2,0,1248.0,76.9
2015,18000.0,35000,2,2,1,796.0,47.3
2013,28000.0,70000,1,2,0,1396.0,69.0
2011,25000.0,70000,1,2,0,1248.0,90.0
2007,12500.0,50000,2,2,0,1193.0,65.3
2006,15000.0,80000,1,2,0,1458.625015808777,91.51791898382203
2006,9500.0,60898,2,2,0,1458.625015808777,91.51791898382203
2018,81000.0,29700,1,2,0,1248.0,88.5
2018,67100.0,20000,2,1,0,1368.0,98.63
2018,29500.0,20000,2,2,0,796.0,47.3
2017,85000.0,40000,1,2,0,1248.0,88.5
2013,40999.9,90000,1,2,0,1248.0,74.0
2015,60000.0,90000,2,2,0,1373.0,93.7
2015,60000.0,80000,1,2,0,2523.0,62.1
2012,22000.0,60000,2,2,2,998.0,67.1
2013,55000.0,56000,1,2,0,1248.0,74.0
2014,65000.0,50000,1,2,0,2523.0,75.0
2014,65500.0,50000,1,2,1,2523.0,75.0
2006,13000.0,74000,1,2,0,1948.0,68.0
2014,40000.0,123000,1,2,0,1461.0,108.45
2007,25000.0,60000,2,2,2,1458.625015808777,91.51791898382203
2009,15500.0,54000,2,2,0,796.0,46.3
2013,25000.0,50000,2,2,0,1193.0,64.1
2014,40000.0,80000,2,2,1,1197.0,82.0
2019,50000.0,10000,2,2,0,1198.0,67.05
2018,56500.0,10000,2,1,0,1086.0,68.0
2018,90000.0,40000,1,2,0,1498.0,98.96
2017,65000.0,120000,1,2,0,1493.0,70.0
2013,60000.0,45000,1,2,0,2523.0,62.1
2018,80000.0,35000,1,2,0,1248.0,74.02
2015,57500.0,60000,1,2,0,1396.0,88.73
2016,55000.0,40000,2,1,0,1499.0,110.4
2011,19000.0,80000,2,2,2,1586.0,103.3
2017,75000.0,37000,1,2,0,1498.0,98.96
2018,62500.0,22000,2,2,0,1197.0,83.1
2018,79900.0,60000,1,2,1,1396.0,88.73
2013,30000.0,57000,2,2,1,998.0,67.04
2017,85000.0,27000,2,2,0,1373.0,91.1
2012,13000.0,70000,2,2,0,995.0,62.0
2011,22999.9,40000,2,2,1,998.0,67.1
2015,40000.0,60000,2,2,0,998.0,67.04
2018,90000.0,35000,1,2,0,2498.0,105.0
2015,80000.0,70000,1,2,0,1997.0,120.0
2015,25099.9,43000,2,2,1,814.0,55.2
2011,25000.0,110000,2,2,1,1368.0,90.0
2009,10000.0,100000,2,2,1,1172.0,67.0
2016,45000.0,64000,2,2,0,1197.0,81.8
2017,57500.0,96000,1,2,0,1461.0,83.8
2013,40000.0,96000,1,2,0,1461.0,83.8
2019,48000.0,7600,2,2,0,998.0,67.0
2019,49000.0,7000,2,2,0,998.0,67.0
2007,15000.0,120000,1,2,1,1405.0,70.0
2017,60000.0,50000,1,2,0,1248.0,74.0
2015,50000.0,50000,1,2,1,1120.0,71.0
2015,42500.0,80000,1,2,0,1248.0,88.7
2015,36000.0,34000,2,2,0,998.0,67.04
2012,29000.0,80000,2,2,1,1198.0,73.9
2011,40000.0,72000,1,2,0,1248.0,74.0
2012,32000.0,70000,1,2,1,2956.0,83.8
2019,97500.0,30000,1,2,0,1498.0,98.96
2014,75500.0,29340,1,2,0,1582.0,126.32
2011,21500.0,120000,1,2,0,1399.0,68.0
2007,19000.0,70000,2,2,1,1086.0,68.05
2018,67500.0,24265,2,2,0,1199.0,88.7
2014,43899.9,81000,1,2,0,1248.0,74.0
2013,40999.9,35000,2,2,0,1197.0,85.8
2019,35000.0,15000,2,2,0,799.0,53.3
2012,13500.0,49000,1,2,2,936.0,57.6
2014,52000.0,70000,1,2,1,1248.0,74.0
2010,31500.0,180000,1,2,0,1248.0,73.9
2010,23500.0,50000,2,2,0,998.0,66.1
2013,37500.0,88200,1,2,0,1248.0,73.94
2006,18900.0,93000,2,2,1,1197.0,85.0
2017,55000.0,120000,1,2,0,1498.0,98.6
2011,26000.0,110000,1,2,1,1399.0,68.0
2016,65000.0,50000,1,1,1,1248.0,74.0
2013,48000.0,80000,1,2,0,1248.0,74.0
2016,70000.0,40000,1,2,0,1396.0,88.73
2015,65000.0,110000,1,2,2,1248.0,88.76
2018,108000.0,12800,2,1,0,1496.0,105.5
2012,17000.0,40000,2,2,0,814.0,55.2
2017,61000.0,49000,1,2,0,1248.0,74.0
2014,35000.0,25000,2,2,0,1197.0,85.8
2016,26000.0,65000,2,2,1,796.0,47.3
2015,70000.0,20000,1,2,0,1248.0,91.7
2018,67800.0,17000,2,2,0,999.0,75.0
2015,80000.0,15000,1,2,0,1248.0,88.5
2014,40000.0,120000,1,2,1,1364.0,67.04
2010,30000.0,49000,2,2,0,1197.0,80.0
2016,52000.0,29000,2,2,0,1197.0,81.83
2017,85000.0,55000,1,1,0,1461.0,108.5
2015,30000.0,40000,2,2,0,998.0,67.05
2010,35000.0,120000,2,2,1,1497.0,118.0
2019,89200.0,10000,1,2,0,1248.0,88.5
2012,28500.0,70000,1,2,1,1248.0,92.0
2012,30000.0,60000,4,2,0,1086.0,68.05
2016,62000.0,90000,1,2,0,1248.0,88.5
2017,75000.0,90000,1,2,0,1248.0,88.5
2016,27000.0,35000,2,2,0,796.0,47.3
2014,56000.0,90000,1,2,0,1248.0,88.8
2012,30000.0,40000,2,2,1,1086.0,62.1
2012,30000.0,40000,2,2,1,1086.0,62.1
2018,57000.0,20000,2,2,0,1197.0,81.86
2011,22000.0,80000,1,2,0,1396.0,69.0
2012,26000.0,99000,2,2,1,1586.0,103.3
2019,60000.0,7500,2,1,0,1197.0,81.8
2016,30000.0,40800,2,2,0,814.0,55.2
2015,30000.0,70000,2,2,0,1193.0,88.7
2016,40000.0,100000,2,2,0,1198.0,82.0
2016,55000.0,8588,2,2,0,1197.0,81.8
2015,50000.0,60000,1,2,0,1498.0,99.0
2014,50000.0,110000,1,2,0,1498.0,98.6
2018,67000.0,150000,1,2,0,1364.0,67.05
2017,37000.0,30000,2,2,0,998.0,67.05
2012,10000.0,70000,2,2,1,796.0,37.0
2016,42500.0,50000,2,2,0,1086.0,68.05
2012,40000.0,158500,1,2,2,1458.625015808777,91.51791898382203
2016,85000.0,35000,1,2,0,1248.0,88.5
2018,75000.0,22000,1,2,0,1461.0,65.0
2010,23500.0,50000,1,2,0,1948.0,90.0
2017,70000.0,70000,1,2,0,1498.0,98.6
2016,48000.0,56000,1,2,0,1120.0,70.0
2016,47500.0,50000,1,2,0,1248.0,74.0
2015,61000.0,120000,1,2,0,1498.0,103.52
2017,80000.0,70000,1,2,0,1498.0,98.6
2015,52000.0,120000,1,2,0,2179.0,138.1
2014,16000.0,90000,1,2,0,1396.0,69.0
2018,100000.0,70000,1,2,0,1248.0,88.5
2015,70000.0,120000,1,2,1,1248.0,88.76
2017,59000.0,70000,1,2,1,1498.0,98.6
2017,72500.0,100000,1,2,1,1493.0,100.0
2015,55000.0,50000,1,2,0,1248.0,74.0
2012,24000.0,90000,1,2,1,1248.0,73.94
2013,66700.0,65000,1,2,0,2231.0,184.0
2017,67000.0,50000,1,2,0,1498.0,98.6
2015,55000.0,110000,1,2,0,1248.0,74.0
2015,40000.0,30000,2,2,0,998.0,67.04
2014,54500.0,80000,1,2,1,1582.0,126.32
2015,59900.0,70000,2,2,0,1373.0,93.7
2016,72500.0,100000,1,2,0,1396.0,88.7
2015,52500.0,120000,2,2,1,1497.0,117.3
2011,20499.9,85000,1,2,1,1248.0,73.9
2012,19000.0,110000,1,2,0,1199.0,75.0
2015,31000.0,60000,1,2,2,1120.0,70.0
2016,38000.0,90000,1,2,1,1120.0,70.0
2012,20400.0,110000,2,2,2,998.0,67.1
2018,35000.0,25000,2,2,0,998.0,68.05
2013,35000.0,100000,1,2,0,1598.0,103.6
2012,17500.0,120000,1,2,1,1399.0,68.0
2011,34000.0,90000,1,2,0,1598.0,103.6
2017,95000.0,35000,2,2,0,1497.0,117.6
2017,89499.9,35000,2,2,0,1497.0,117.3
2014,35000.0,101200,1,2,1,2956.0,83.83
2016,55000.0,76000,1,2,0,1248.0,74.0
2016,80000.0,90000,1,2,0,2179.0,140.0
2013,52500.0,80000,1,2,1,2523.0,62.1
2009,19000.0,160000,2,2,2,1197.0,85.8
2019,69400.0,35000,1,2,0,1248.0,74.02
2016,86199.9,120000,1,1,0,2179.0,140.0
2017,65000.0,50000,1,2,0,1498.0,98.6
2011,31000.0,70000,1,2,1,1248.0,73.9
2013,36000.0,97000,1,2,0,1248.0,74.0
2011,24000.0,90000,1,2,1,1248.0,73.9
2012,50000.0,84487,1,2,2,2179.0,140.0
2010,47500.0,100000,1,2,1,2494.0,102.0
2007,10000.0,60000,2,2,2,796.0,46.3
2009,20000.0,110000,2,2,2,1586.0,104.68
2010,24500.0,146000,1,2,2,2498.0,112.0
2014,45000.0,70000,1,2,0,1248.0,74.0
2017,80000.0,51146,1,2,0,1248.0,88.5
2011,21500.0,40000,2,2,0,1197.0,85.8
2017,76000.0,50000,1,2,0,1248.0,88.5
2015,41600.0,80000,1,2,0,1498.0,88.8
2011,19500.0,120000,2,2,0,998.0,67.1
2017,32500.0,23000,2,2,0,796.0,47.3
2010,14500.0,70000,2,2,1,998.0,67.1
2018,67500.0,23000,1,2,0,1248.0,74.0
2016,34000.0,30000,2,2,1,998.0,67.04
2011,34000.0,50000,1,2,0,1248.0,90.0
2014,26000.0,40000,2,2,0,796.0,34.2
2015,30000.0,50000,2,2,0,796.0,47.3
2007,7500.0,60000,2,2,1,796.0,37.0
2011,35000.0,80000,1,2,0,1405.0,70.0
2019,100000.0,15000,2,2,0,1462.0,103.2
2010,17000.0,150000,1,2,2,1248.0,88.8
2018,60000.0,40000,2,2,0,1197.0,85.8
2018,85000.0,120000,1,2,1,2650.0,80.84
2018,90000.0,50000,1,1,1,1248.0,88.5
2010,31000.0,120000,1,2,1,1248.0,73.9
2013,60000.0,60000,1,2,2,1248.0,88.8
2008,27000.0,149000,1,2,1,1248.0,73.9
2019,50999.9,5000,2,2,0,1086.0,68.0
2013,22500.0,70000,1,2,1,1405.0,70.0
2015,28000.0,55000,2,2,0,1197.0,78.9
2016,49000.0,100000,1,2,0,1047.0,69.0
2013,44000.0,120000,1,2,0,2523.0,62.1
2015,59000.0,70000,2,2,2,1197.0,81.86
2010,50000.0,120000,1,2,0,2499.0,141.0
2015,60000.0,40000,1,2,0,1498.0,98.59
2016,75000.0,70000,1,2,0,1997.0,120.0
2019,69500.0,36800,1,2,0,1498.0,88.0
2018,69000.0,52200,1,2,0,1248.0,74.0
2016,40999.9,78000,1,2,0,1186.0,73.97
2017,52500.0,29000,1,2,1,1186.0,73.97
2013,54000.0,60000,1,2,1,2179.0,140.0
2016,100000.0,112000,1,2,1,1997.0,120.0
2017,72500.0,40000,1,2,0,1493.0,100.0
2018,97500.0,36000,1,2,0,1248.0,88.5
2016,35500.0,60000,2,2,0,998.0,67.05
2008,40000.0,120000,2,2,0,2354.0,158.8
2015,26500.0,48000,2,2,0,796.0,47.3
2018,65000.0,40000,1,2,0,1498.0,88.0
2017,72000.0,60000,1,2,0,1248.0,88.5
2016,85000.0,25000,2,2,0,1591.0,121.3
2015,29000.0,42000,2,2,0,998.0,67.05
2016,60000.0,90000,1,1,1,1493.0,100.0
2011,30000.0,90000,1,2,1,1248.0,73.9
2012,22500.0,110000,1,2,1,1461.0,63.12
2009,24000.0,70000,1,2,1,1248.0,73.9
2014,70000.0,80000,1,2,0,1582.0,126.32
2014,47000.0,70000,1,2,1,1248.0,74.0
2016,80000.0,80000,1,2,0,1396.0,88.73
2012,45000.0,90000,1,2,0,1461.0,108.45
2007,9000.0,90000,1,2,2,1396.0,53.5
2010,45000.0,120000,1,2,1,1364.0,87.2
2012,40000.0,107500,1,2,1,1458.625015808777,91.51791898382203
2016,92500.0,79000,1,2,0,1582.0,126.2
2007,30000.0,110000,1,2,1,2179.0,120.0
2009,36000.0,100000,1,2,0,1248.0,73.9
2010,32000.0,70000,1,2,1,1493.0,110.0
2016,78000.0,50000,1,2,1,1248.0,88.5
2013,62000.0,139000,1,2,0,1248.0,88.76
2006,10000.0,120000,2,2,2,1781.0,149.5
2014,21000.0,35000,2,2,1,1172.0,64.1
2015,37500.0,80000,1,2,0,2523.0,62.1
2019,78600.0,7720,2,2,0,999.0,71.0
2016,75000.0,100000,1,2,0,1461.0,64.1
2016,55000.0,57882,2,2,0,1197.0,81.83
2018,87500.0,142000,1,2,0,2179.0,147.94
2018,89000.0,140000,1,2,2,2179.0,147.94
2015,70000.0,35000,2,2,0,1373.0,93.7
2015,55000.0,30000,1,2,0,2523.0,62.1
2018,40000.0,10000,2,2,0,1198.0,67.0
2015,29000.0,30000,2,2,1,998.0,67.04
2012,15000.0,90000,1,2,0,1396.0,69.0
2015,30000.0,35000,2,2,1,1196.0,73.0
2009,22000.0,25000,2,2,0,1458.625015808777,91.51791898382203
2008,22100.0,35008,2,2,0,998.0,67.05
2017,27000.0,31100,2,2,0,799.0,53.64
2014,45500.0,42312,1,2,0,1120.0,71.0
2011,30000.0,72000,2,2,0,1496.0,88.7
2014,48000.0,54891,1,2,0,1364.0,67.04
2018,100000.0,30000,1,1,0,1582.0,126.2
2019,50000.0,5000,2,2,0,1086.0,68.0
2013,80000.0,117000,1,1,0,2696.0,184.0
2013,25000.0,50000,1,2,0,1248.0,88.8
2012,24500.0,100000,1,2,0,1461.0,63.1
2019,62500.0,4337,2,1,0,1197.0,82.0
2018,56000.0,14495,2,2,0,999.0,75.0
2018,68000.0,8576,2,2,0,1199.0,88.7
2019,70000.0,30000,1,2,0,1248.0,74.02
2013,22000.0,80000,1,2,0,1396.0,69.0
2017,45000.0,70000,1,2,0,1405.0,69.01
2017,52500.0,19723,2,1,0,1199.0,84.0
2017,87500.0,30000,1,1,0,1248.0,74.02
2019,78500.0,9000,2,2,0,1197.0,81.83
2017,81999.9,30000,2,2,0,1199.0,88.7
2017,88500.0,39000,1,2,0,1498.0,98.6
2015,68000.0,64000,2,1,0,1499.0,110.4
2017,96000.0,42000,1,2,0,1498.0,98.96
2012,38500.0,45000,2,2,0,1198.0,86.8
2018,89000.0,55000,1,2,0,1493.0,100.0
2016,67500.0,69000,2,1,0,1197.0,103.6
2017,70000.0,80000,2,2,0,1197.0,81.8
2016,78000.0,60000,1,2,0,1498.0,98.59
2017,105000.0,70000,1,2,0,1582.0,126.32
2016,40000.0,100000,1,2,0,1248.0,74.0
2011,40000.0,100000,1,2,0,2523.0,62.1
2009,8500.0,90000,2,2,1,796.0,46.3
2018,81999.9,11500,1,2,0,1493.0,100.0
2015,62000.0,40000,1,1,0,1493.0,100.0
2018,26000.0,50000,2,2,0,999.0,67.0
2016,80500.0,49900,2,2,0,1797.0,147.5
2015,48499.9,55380,2,2,0,1197.0,82.0
2018,81100.0,11000,2,2,0,1198.0,108.5
2015,57500.0,50000,2,1,0,1199.0,88.7
2016,64500.0,11000,2,1,0,1598.0,103.5
2017,65000.0,18816,2,2,0,1198.0,73.75
2017,92500.0,18000,2,1,0,1497.0,116.3
2019,89499.9,9654,2,1,0,1197.0,81.8
2011,17500.0,11000,2,2,0,998.0,67.05
2012,34000.0,24300,2,2,0,1197.0,81.8
2017,81000.0,47747,1,2,0,1248.0,88.5
2018,102500.0,8000,1,1,0,1497.0,108.5
2016,30000.0,60000,1,2,1,1405.0,48.21
2015,49000.0,45900,2,2,1,1197.0,81.83
2013,42500.0,70000,1,2,0,1498.0,98.6
2011,15500.0,40000,2,2,0,796.0,46.3
2013,49000.0,90000,1,2,1,2179.0,120.0
2010,13200.0,105000,2,2,0,796.0,46.3
2018,75000.0,30000,1,2,0,1396.0,88.76
2011,22500.0,20000,2,2,0,998.0,67.1
2011,24000.0,80000,2,2,0,1197.0,78.9
2010,8000.0,80000,2,2,1,995.0,62.0
2019,110000.0,50000,1,2,1,1498.0,98.6
2015,50300.0,110000,1,2,0,2179.0,147.94
2013,22500.0,58343,2,2,0,998.0,67.05
2018,74000.0,38817,1,2,0,1248.0,74.0
2016,55000.0,56494,2,2,0,1199.0,88.7
2013,75000.0,79328,1,2,1,2494.0,100.6
2019,65000.0,5621,2,1,0,1197.0,81.8
2017,62500.0,25538,2,2,0,1496.0,88.73
2018,60000.0,69779,2,1,0,1197.0,81.8
2017,45000.0,56290,1,2,0,1186.0,73.97
2019,77900.0,7032,2,1,0,1199.0,88.76
2016,64500.0,11000,2,1,0,1598.0,103.5
2016,38000.0,80000,1,2,1,1120.0,71.0
2011,30000.0,120000,1,2,1,2179.0,138.1
2014,24000.0,50000,2,2,0,796.0,47.3
2011,32500.0,70000,1,2,0,1248.0,74.0
2016,40000.0,130000,1,2,0,1198.0,77.0
2017,80000.0,50000,1,2,0,1461.0,83.8
2018,95000.0,80000,1,2,0,1498.0,98.96
2013,30000.0,120000,1,2,2,1248.0,74.0
2020,35000.0,5000,2,2,0,796.0,47.3
2017,53000.0,59000,2,2,0,1198.0,82.0
2013,35000.0,100000,1,2,2,1248.0,73.8
2008,16800.0,50000,2,1,0,2359.0,165.0
2016,24000.0,45000,2,2,1,799.0,53.3
2010,22000.0,80000,1,2,2,1248.0,73.9
2008,11000.0,80000,2,2,2,1061.0,67.0
2016,85000.0,100000,1,2,0,1248.0,88.5
2014,54500.0,110000,1,2,0,1248.0,88.76
2018,95000.0,25000,1,2,0,1248.0,88.5
2013,20000.0,68697,2,2,2,814.0,55.2
2017,66000.0,30000,1,2,0,1248.0,74.0
2013,42000.0,40000,1,2,1,1498.0,98.6
2010,15000.0,29000,2,2,0,1172.0,65.0
2013,17500.0,68000,1,2,1,936.0,57.6
2018,75000.0,15000,2,1,0,1199.0,88.7
2014,42500.0,70000,1,2,0,1248.0,73.94
2015,79000.0,126000,1,2,2,1364.0,87.2
2015,65000.0,94000,1,2,1,1498.0,98.6
2015,78000.0,129000,1,2,2,1364.0,87.2
2010,18000.0,55000,2,2,1,1086.0,68.05
2019,86999.9,40000,1,2,0,1498.0,98.96
2011,27500.0,50000,1,2,0,1248.0,88.8
2017,63000.0,25000,2,2,1,1197.0,81.83
2008,15000.0,60000,2,2,1,1794.0,125.0
2016,31500.0,25000,2,2,0,796.0,47.3
2011,18900.0,70000,1,2,1,1396.0,70.0
2014,58000.0,120000,1,2,0,1248.0,74.0
2009,15000.0,153000,1,2,1,1458.625015808777,91.51791898382203
2018,82500.0,35000,1,2,0,1248.0,88.5
2016,65000.0,60000,1,2,1,2179.0,148.0
2011,20000.0,120000,2,2,1,1198.0,73.9
2013,13500.0,120000,1,2,2,1405.0,70.0
2017,68000.0,80000,1,2,0,1396.0,88.73
2017,67000.0,80000,1,2,0,1396.0,88.73
2010,24000.0,80000,2,2,1,998.0,67.1
2014,55500.0,147279,1,2,1,2200.0,139.01
2013,45500.0,98000,1,2,0,1598.0,103.5
2018,75000.0,25000,1,2,0,1248.0,74.02
2016,70000.0,90000,1,1,0,1248.0,74.0
2014,16000.0,120000,1,2,0,1396.0,69.0
2013,22500.0,100000,1,2,1,1248.0,76.9
2008,14000.0,120000,1,2,1,1396.0,69.0
2014,60000.0,70000,1,2,1,1248.0,74.0
2008,6500.0,100000,2,2,2,995.0,62.0
2019,50000.0,10000,2,2,0,1197.0,81.8
2017,110000.0,88754,1,2,0,2179.0,140.0
2011,32500.0,53287,2,2,0,1458.625015808777,91.51791898382203
2012,32000.0,55885,2,2,0,1198.0,75.0
2019,95000.0,16034,1,2,0,1498.0,98.96
2012,25000.0,156040,1,2,0,1399.0,68.0
2017,60000.0,20000,1,2,0,1248.0,74.0
2017,50999.9,46000,2,2,0,1197.0,81.8
2016,39500.0,50000,2,2,2,1598.0,103.2
2018,46900.0,5000,2,2,0,998.0,67.05
2017,25000.0,42000,2,2,0,796.0,47.3
2011,13000.0,68519,2,2,0,995.0,62.1
2019,90600.0,30000,1,2,0,1498.0,98.96
2011,16000.0,85000,1,2,0,1399.0,68.0
2012,30000.0,88000,2,2,0,1298.0,85.8
2010,6000.0,100000,2,2,2,796.0,37.5
2014,40000.0,100000,2,2,1,1197.0,85.8
2018,45000.0,22966,2,2,0,1199.0,84.48
2014,46500.0,80000,1,2,1,2523.0,62.1
2012,32500.0,80000,1,2,1,1248.0,74.0
2008,15000.0,70000,2,2,1,796.0,46.3
2014,25000.0,2350,2,2,0,814.0,55.2
2011,17500.0,50000,2,2,0,796.0,46.3
2010,17500.0,58000,2,2,0,796.0,46.3
2006,15000.0,80000,2,2,1,1497.0,100.0
2018,79700.0,60000,1,2,0,1493.0,70.0
2019,80000.0,35000,2,2,0,1197.0,81.86
2019,75000.0,59872,1,2,0,2523.0,62.1
2011,40000.0,140000,1,2,1,2179.0,115.0
2012,16000.0,110000,2,2,0,796.0,46.3
2016,70000.0,91182,1,2,0,2523.0,62.1
2010,16000.0,60000,2,2,2,796.0,46.3
2012,40000.0,100000,1,2,0,1396.0,88.76
2013,45100.0,120000,1,2,0,1364.0,67.06
2012,30000.0,70000,1,2,2,1248.0,88.8
2017,42100.0,59500,2,2,1,998.0,67.04
2016,95000.0,45000,1,2,0,1248.0,88.5
2011,39500.0,75500,1,2,1,1396.0,90.0
2016,95000.0,46000,1,2,1,1248.0,88.5
2013,27000.0,60000,2,2,0,796.0,47.3
2009,36000.0,60000,2,1,1,1396.0,100.0
2008,23500.0,152500,1,2,0,1248.0,75.0
2017,55000.0,23456,2,2,0,1197.0,82.0
2017,70000.0,15000,2,2,0,1199.0,88.7
2012,37600.0,26000,2,2,0,1198.0,86.8
2017,87500.0,77524,1,2,0,1498.0,89.84
2014,45999.9,40523,2,2,1,1197.0,82.85
2018,75500.0,39000,1,2,0,1248.0,74.0
2018,80000.0,25000,2,1,0,1197.0,83.1
2015,60000.0,31000,1,2,1,1248.0,74.0
2017,53000.0,42000,2,2,0,1197.0,83.1
2015,45000.0,80000,2,2,0,1197.0,83.14
2011,23500.0,60000,2,2,0,998.0,67.1
2013,39500.0,35000,2,1,1,1598.0,103.5
2018,45000.0,35000,2,2,0,1199.0,84.0
2019,60000.0,5000,2,2,0,999.0,72.0
2016,61000.0,110000,1,2,0,1248.0,88.5
2017,69000.0,20000,2,2,0,1197.0,81.83
2018,79000.0,15000,2,2,0,1198.0,108.5
2014,25499.9,40000,2,2,1,998.0,67.1
2016,50000.0,41000,2,2,0,1199.0,88.7
2011,34000.0,100000,1,2,1,2523.0,63.0
2008,15000.0,120000,1,2,0,1948.0,68.0
2007,24500.0,110000,1,2,2,2523.0,63.0
2015,51500.0,120000,1,2,1,1498.0,103.2
2008,12200.0,60000,1,2,1,1995.0,52.0
2009,16000.0,35000,2,2,2,1086.0,68.05
2007,11000.0,120000,2,2,1,796.0,46.3
2014,36000.0,70000,1,2,0,1248.0,74.0
2009,21000.0,110000,1,2,0,1458.625015808777,91.51791898382203
2011,26000.0,90000,1,2,2,1493.0,110.0
2007,12800.0,60000,2,2,1,796.0,46.3
2015,60000.0,80000,1,2,1,1582.0,126.2
2019,67500.0,25000,1,2,0,1248.0,74.02
2008,6500.0,100000,2,2,2,995.0,62.0
2019,50000.0,10000,2,2,0,1197.0,81.8
2010,30000.0,50000,2,2,0,1586.0,104.68
2009,12500.0,80000,2,2,0,796.0,37.0
2017,55000.0,25000,2,2,0,1197.0,82.0
2007,15000.0,80000,2,2,2,796.0,46.3
2017,89100.0,80000,1,2,0,2179.0,120.0
2018,75000.0,15000,2,2,0,998.0,100.5
2012,38000.0,27500,2,2,0,1197.0,82.9
2013,80000.0,110000,1,2,1,2494.0,100.6
2010,20000.0,120000,2,2,0,1390.0,75.0
2016,70000.0,70000,1,2,0,1248.0,88.5
2010,30000.0,74000,2,2,1,2354.0,177.6
2015,67000.0,120000,1,2,0,1498.0,98.6
2007,21000.0,140000,2,2,0,1497.0,78.0
2017,37000.0,40000,2,2,0,1197.0,81.8
2019,60000.0,20000,2,1,0,1197.0,83.1
2020,81000.0,15000,1,2,0,1248.0,88.5
2006,8000.0,35000,2,2,0,1458.625015808777,91.51791898382203
2019,34600.0,16000,2,2,0,1199.0,84.0
2012,25000.0,118000,1,2,1,2179.0,138.03
2006,12000.0,44000,2,2,1,1298.0,88.2
2013,60000.0,50000,1,2,1,1248.0,88.8
2016,33000.0,60000,2,2,0,1196.0,73.0
2014,40000.0,147000,2,2,1,1197.0,81.83
2014,45000.0,100000,2,2,2,1197.0,85.8
2017,80000.0,55000,1,2,0,1248.0,88.5
2015,34000.0,40000,1,2,1,793.0,47.0
2010,22500.0,64000,1,2,2,1248.0,73.9
2016,90000.0,50000,1,2,0,1248.0,88.5
2018,46500.0,30000,2,2,0,998.0,67.04
2016,40000.0,24177,2,2,0,1193.0,88.7
2012,18500.0,80000,1,2,0,1405.0,70.0
2006,14000.0,150000,2,2,1,998.0,67.1
2015,41500.0,120000,1,2,1,1461.0,83.8
2012,53200.0,121779,1,2,0,2179.0,120.0
2017,60000.0,56000,1,2,0,1248.0,74.0
2008,15000.0,100000,2,2,2,1586.0,104.68
2018,45999.9,12000,2,2,0,1197.0,81.8
2017,80000.0,15381,1,2,0,1248.0,88.5
2011,31000.0,5000,1,2,0,2523.0,63.0
2014,47500.0,40000,1,2,0,1461.0,108.5
2016,31000.0,35000,3,2,1,998.0,58.16
2018,35000.0,10000,2,2,0,998.0,67.05
2018,64000.0,25000,2,1,0,1197.0,81.8
2017,35000.0,50000,2,1,0,998.0,67.0
2018,60000.0,30000,2,2,0,1198.0,108.5
2015,57500.0,23000,1,2,0,1582.0,126.2
2019,97400.0,15000,1,2,0,2498.0,105.0
2018,44500.0,5000,2,1,1,998.0,67.0
2015,58000.0,15000,1,2,1,1248.0,88.76
2015,60000.0,50000,1,2,0,1498.0,98.59
2017,37000.0,40000,2,2,1,1196.0,86.8
2007,15000.0,70000,2,2,2,1061.0,64.0
2017,48300.0,15000,2,2,0,998.0,67.04
2016,47000.0,10000,2,2,0,1197.0,82.0
2018,95000.0,25000,1,2,0,1248.0,88.5
2013,45000.0,50000,2,2,2,1591.0,121.3
2011,34500.0,70000,2,2,0,1496.0,88.7
2020,60000.0,5000,2,1,0,1197.0,81.8
2009,30000.0,60000,2,2,0,998.0,66.1
2007,16000.0,74800,2,2,1,998.0,67.1
2018,34000.0,120000,2,2,0,998.0,68.05
2007,13800.0,120000,2,2,1,1497.0,78.0
2010,23100.0,80000,2,2,2,1298.0,85.8
2013,80000.0,120000,1,2,1,2179.0,140.0
2019,96000.0,20000,2,2,0,1197.0,108.6
2009,12000.0,70000,2,2,1,1061.0,67.0
2012,27000.0,40000,2,2,0,998.0,67.1
2011,20000.0,100000,2,2,1,1197.0,85.8
2012,32800.0,123000,2,2,0,1197.0,85.8
2012,43200.0,77000,1,2,0,1582.0,126.32
2019,56500.0,7000,2,2,0,999.0,75.0
2017,39000.0,70000,2,2,0,1196.0,73.0
2017,60000.0,30000,1,2,0,1498.0,99.0
2011,25000.0,120000,1,2,2,1396.0,90.0
2011,16500.0,70000,2,2,0,995.0,62.0
2011,42100.0,105000,2,2,0,1497.0,118.0
2012,22500.0,109322,2,2,1,1495.0,93.7
2013,35000.0,120000,1,2,0,1461.0,84.8
2015,60000.0,70000,1,2,1,1248.0,74.0
2018,51500.0,35000,2,2,0,1199.0,83.81
2017,80000.0,70000,1,2,1,1248.0,88.5
2015,50300.0,110000,1,2,0,2179.0,147.94
2013,22500.0,58343,2,2,0,998.0,67.05
2018,74000.0,38817,1,2,0,1248.0,74.0
2016,55000.0,56494,2,2,0,1199.0,88.7
2013,75000.0,79328,1,2,1,2494.0,100.6
2019,65000.0,5621,2,1,0,1197.0,81.8
2017,62500.0,25538,2,2,0,1496.0,88.73
2018,60000.0,69779,2,1,0,1197.0,81.8
2017,45000.0,56290,1,2,0,1186.0,73.97
2019,77900.0,7032,2,1,0,1199.0,88.76
2016,64500.0,11000,2,1,0,1598.0,103.5
2017,47500.0,40000,2,2,0,998.0,67.04
2015,40000.0,20000,2,1,0,998.0,67.0
2011,30000.0,60000,1,2,0,1248.0,75.0
2009,23500.0,70000,2,2,1,1061.0,64.0
2015,35000.0,40000,2,2,1,998.0,67.04
2017,62500.0,34000,1,2,1,1248.0,74.02
2014,52500.0,120000,1,2,0,2179.0,140.0
2018,55000.0,10000,2,2,0,1199.0,84.0
2015,55000.0,80000,1,2,1,2523.0,62.1
2006,20000.0,100000,2,2,1,1497.0,78.0
2011,35000.0,120000,1,2,0,2489.0,95.0
2006,22000.0,100000,2,2,1,1497.0,78.0
2016,41200.0,25000,2,2,0,1197.0,82.0
2009,12600.0,52000,2,2,1,1061.0,67.0
2013,43000.0,63000,1,2,0,1248.0,74.0
2009,13000.0,90000,2,2,1,998.0,66.1
2017,35000.0,60000,2,2,0,1199.0,84.0
2011,22000.0,35000,2,2,0,796.0,46.3
2011,38000.0,80000,1,2,0,2523.0,63.0
2010,20000.0,110000,1,2,1,1399.0,68.0
2015,61000.0,90000,1,2,0,1498.0,98.59
2017,62000.0,61000,1,2,0,1248.0,74.0
2013,15000.0,66000,2,2,0,796.0,37.0
2018,45000.0,80000,2,2,0,1198.0,67.0
2018,50000.0,60000,2,2,0,1198.0,82.0
2011,24600.0,139000,2,2,0,998.0,67.1
2017,40000.0,60000,3,2,0,1196.0,61.7
2008,6500.0,10000,2,2,1,796.0,37.0
2016,72500.0,30000,1,2,0,1498.0,98.96
2014,73600.0,125000,1,1,0,1582.0,126.32
2018,70000.0,45000,1,2,0,1248.0,74.02
2011,15000.0,30000,2,2,0,995.0,62.0
2010,18000.0,80500,2,2,1,796.0,46.3
2013,55000.0,60000,1,2,0,2523.0,62.1
2006,8000.0,110000,1,2,1,1527.0,58.0
2006,18000.0,120000,2,2,1,1497.0,78.0
2017,60500.0,127000,1,2,0,1248.0,74.02
2017,80000.0,70000,1,2,0,1248.0,88.5
2011,35000.0,116500,1,2,0,1396.0,90.0
2012,30000.0,120000,2,2,0,1197.0,82.85
2008,16000.0,100000,2,2,2,1599.0,103.2
2011,22500.0,90000,1,2,1,1399.0,68.0
2018,56000.0,18000,1,2,0,1498.0,108.62
2017,65000.0,70000,1,2,0,1248.0,88.5
2018,115000.0,29000,1,2,0,2179.0,152.87
2016,48000.0,65755,2,2,0,1197.0,83.1
2019,96000.0,2600,1,2,0,1498.0,98.96
2017,105000.0,46000,1,1,0,2179.0,140.0
2017,31000.0,15000,2,2,1,814.0,55.2
2014,50000.0,60000,1,2,0,1248.0,74.0
2017,35000.0,15500,2,1,0,998.0,67.1
2015,36500.0,120000,1,2,0,1498.0,98.6
2008,16500.0,120000,1,2,2,1998.0,68.0
2007,10000.0,120000,1,2,2,2956.0,63.0
2007,24000.0,80000,1,2,1,2523.0,63.0
2019,92500.0,40000,1,2,0,1497.0,121.0
2018,59000.0,15000,2,2,0,1196.0,86.8
2013,52500.0,110000,1,2,1,2179.0,138.1
2014,72000.0,80000,1,2,1,2494.0,100.6
2017,85000.0,50000,1,1,0,1461.0,108.45
2010,49000.0,110000,1,1,0,2179.0,120.0
2013,32500.0,100000,1,2,0,1498.0,98.6
2012,45000.0,135000,1,2,0,2523.0,62.1
2014,30000.0,50700,1,2,0,1405.0,69.01
2013,36500.0,70000,1,2,1,1199.0,73.9
2018,70000.0,35000,1,2,0,1186.0,73.97
2017,88000.0,50000,1,2,0,1461.0,108.45
2014,70000.0,121000,1,2,2,2494.0,100.6
2009,38000.0,120000,1,2,1,2179.0,120.0
2006,15000.0,90000,2,2,2,1794.0,125.0
2014,23500.0,70000,3,2,1,998.0,67.1
2018,32000.0,20000,2,2,0,999.0,67.0
2015,55000.0,60000,1,2,0,1461.0,83.8
2017,64500.0,60000,1,2,0,1493.0,100.0
2015,30000.0,110000,2,2,0,998.0,67.04
2016,58000.0,152000,1,2,0,1396.0,88.73
2013,45100.0,70000,1,2,0,2523.0,62.1
2018,85000.0,50000,2,2,0,1198.0,108.5
2011,30000.0,125000,1,2,0,1248.0,73.9
2016,35000.0,60000,2,2,0,1196.0,86.8
2014,30000.0,90000,3,2,0,1196.0,63.0
2017,39000.0,30000,3,2,0,1196.0,63.0
2017,55000.0,20000,2,2,0,1198.0,73.75
2012,30000.0,110000,1,2,2,1248.0,74.0
2012,30000.0,150000,1,2,1,1598.0,103.6
2012,35000.0,110000,1,2,0,1396.0,90.0
2015,88000.0,120000,1,2,1,1582.0,126.2
2010,16000.0,120000,3,2,1,1495.0,93.7
2012,25000.0,80000,1,2,2,2956.0,83.8
2016,66000.0,110000,1,2,0,1396.0,88.73
2015,45000.0,40000,2,2,0,1193.0,88.7
2012,40000.0,110000,1,2,1,1598.0,103.6
2010,14000.0,60000,2,2,0,1199.0,79.4
2012,19500.0,35000,2,2,1,998.0,67.1
2015,50000.0,45000,2,2,0,1197.0,81.86
2012,6000.0,45000,2,2,0,624.0,38.0
2016,40000.0,25000,2,2,0,1193.0,88.7
2014,40000.0,10000,2,2,0,1197.0,81.83
2018,38000.0,19000,2,2,0,998.0,67.04
2019,57900.0,10000,2,2,0,1197.0,83.1
2019,40000.0,25000,2,2,0,1198.0,82.0
2012,27000.0,30000,2,2,0,1197.0,78.9
2014,50000.0,90000,1,2,0,2523.0,62.1
2017,47500.0,20000,2,2,0,1199.0,84.0
2018,85000.0,48000,1,2,0,1461.0,83.14
2008,19500.0,110000,2,2,1,1197.0,78.9
2014,45999.9,38000,1,2,0,2179.0,138.03
2017,85000.0,43000,1,2,0,1248.0,88.5
2018,50000.0,25000,2,2,0,1086.0,68.0
2016,38500.0,26000,2,2,1,998.0,67.04
2006,13500.0,120000,1,2,1,1493.0,110.0
2008,12000.0,70000,2,2,2,796.0,46.3
2006,20000.0,60000,2,2,2,2354.0,144.0
2007,20000.0,120000,1,2,1,2956.0,138.1
2016,70000.0,20000,2,2,0,1373.0,91.1
2013,29000.0,25000,1,2,0,1396.0,70.0
2017,72500.0,60000,1,2,0,1248.0,74.02
2008,20000.0,80000,1,2,0,1948.0,68.0
2014,15500.0,80000,2,2,0,796.0,34.2
2019,69000.0,1303,2,2,0,1198.0,86.7
2016,55000.0,56494,2,2,0,1199.0,88.7
2013,75000.0,79328,1,2,1,2494.0,100.6
2019,77900.0,7032,2,1,0,1199.0,88.76
2011,28000.0,20000,2,2,1,1197.0,85.8
2019,45000.0,25000,2,2,0,1199.0,84.0
2006,13500.0,70000,2,2,1,1298.0,85.0
2014,65000.0,40000,1,2,0,2179.0,140.0
2020,65000.0,7300,2,2,0,1197.0,81.8
2018,75000.0,25000,1,2,0,1248.0,88.5
2010,15000.0,100000,2,2,0,796.0,46.3
2017,50000.0,35000,1,2,0,1198.0,77.0
2012,31100.0,100000,1,2,0,1458.625015808777,91.51791898382203
2013,42500.0,80000,1,2,1,1582.0,126.32
2010,26000.0,60000,2,2,0,1197.0,78.9
2014,40000.0,110000,1,2,1,1498.0,88.8
2017,57500.0,70000,1,2,1,1396.0,88.73
2008,17500.0,40000,2,2,0,1086.0,62.0
2010,25000.0,90000,3,2,1,1586.0,103.3
2012,40000.0,95000,1,2,0,1598.0,103.6
2015,48499.9,30000,1,2,0,1248.0,74.0
2015,48499.9,30000,1,2,0,1248.0,74.0
2013,35000.0,70000,1,2,1,1498.0,88.5
2012,25000.0,100000,1,2,2,1248.0,73.9
2017,65500.0,70000,1,2,0,1248.0,74.02
2016,50000.0,30000,1,2,0,1498.0,98.6
2016,30000.0,15000,2,2,0,1199.0,76.8
2018,65000.0,21000,1,2,0,1498.0,99.0
2014,30000.0,35000,2,2,0,1197.0,81.8
2016,47500.0,25000,2,2,0,1199.0,88.7
2017,45000.0,30000,2,2,0,1199.0,84.0
2019,75400.0,10000,1,2,0,1248.0,74.02
2013,30000.0,40000,2,2,0,1197.0,78.9
2014,25000.0,25000,2,2,0,814.0,55.2
2018,72500.0,15000,1,2,0,1248.0,74.02
2008,9500.0,70000,2,2,0,796.0,46.3
2018,47500.0,7800,2,2,0,1086.0,68.0
2014,57500.0,55000,1,2,0,2179.0,138.1
2016,35000.0,30000,2,2,0,1199.0,84.0
2013,33000.0,125000,1,2,1,2523.0,62.1
2016,48200.0,50000,2,2,0,1197.0,81.8
2017,62500.0,40000,1,2,2,1498.0,98.59
2017,38000.0,30000,2,2,0,1199.0,84.0
2016,31000.0,30000,2,2,0,1199.0,76.8
2009,28000.0,35000,2,2,0,1298.0,85.8
2018,90000.0,30000,2,1,0,1498.0,104.5
2010,25000.0,60000,2,2,0,1061.0,67.0
2017,75000.0,39000,2,2,0,1591.0,121.3
2019,42000.0,15000,2,2,0,999.0,67.0
2019,67000.0,5000,2,2,0,1199.0,88.76
2016,42000.0,9750,2,2,1,1086.0,68.05
2018,90000.0,35000,2,2,0,1199.0,88.7
2007,18500.0,120000,1,2,2,1493.0,110.0
2008,18500.0,110000,2,2,2,1086.0,68.05
2006,21500.0,102000,2,2,2,1298.0,88.2
2015,21000.0,50000,2,2,1,796.0,47.3
2015,80000.0,50000,2,2,0,1497.0,117.3
2014,57000.0,70000,1,2,1,1248.0,74.0
2012,35000.0,120000,1,2,1,1248.0,88.8
2011,35000.0,93000,1,2,1,1396.0,90.0
2018,75000.0,50000,1,2,0,1493.0,70.0
2011,16000.0,100000,2,2,1,1196.0,73.0
2010,15000.0,70000,1,2,2,1405.0,70.0
2008,25000.0,90000,1,2,2,1458.625015808777,91.51791898382203
2019,56200.0,5000,2,2,0,1197.0,81.86
2012,29000.0,27000,2,2,0,1197.0,78.9
2014,60000.0,122000,1,2,1,2179.0,140.0
2015,40100.0,74000,1,2,1,1120.0,71.0
2019,75000.0,6500,2,1,0,1197.0,81.8
2007,24000.0,80000,1,2,1,2523.0,63.0
2012,22999.9,50000,2,2,0,998.0,67.1
2013,50000.0,50000,1,2,0,2523.0,62.1
2010,35000.0,80000,2,2,0,1298.0,80.0
2018,21700.0,25000,2,2,0,799.0,53.64
2018,67000.0,35000,1,2,0,1461.0,84.8
2011,22500.0,30000,2,2,0,998.0,67.1
2020,73700.0,10000,2,1,0,1462.0,103.26
2014,30000.0,80000,2,2,0,998.0,67.04
2008,8500.0,120000,1,2,0,1405.0,70.0
2010,19500.0,120000,1,2,1,1493.0,110.0
2017,67500.0,127991,1,2,0,1498.0,98.6
2010,29000.0,65000,2,2,0,1193.0,64.1
2018,88900.0,20000,1,2,0,1248.0,88.5
2016,40000.0,60000,2,2,0,1198.0,73.75
2018,39000.0,13120,2,2,0,799.0,53.3
2014,60000.0,125000,1,2,0,1582.0,126.32
2018,80000.0,25000,2,1,0,1197.0,81.86
2013,60000.0,120000,1,2,2,1248.0,88.8
2015,79500.0,35000,2,2,0,1591.0,121.3
2016,73500.0,25000,1,2,0,1396.0,88.73
2018,40000.0,25000,2,1,0,999.0,67.0
2014,39500.0,140000,1,2,0,2489.0,95.0
2015,60000.0,125000,1,2,0,1461.0,83.8
2016,72000.0,80000,1,2,0,1396.0,88.73
2011,45000.0,110000,2,2,2,1497.0,116.4
2010,22000.0,80000,1,2,1,1493.0,110.0
2014,54500.0,100000,1,2,1,1582.0,126.32
2011,37000.0,100000,1,2,1,1598.0,103.6
2010,45000.0,78000,1,2,0,2523.0,63.0
2018,75000.0,15000,2,1,0,1197.0,81.86
2019,71100.0,5000,2,2,0,1197.0,83.1
2016,28500.0,75000,2,2,0,998.0,67.05
2020,74900.0,5500,2,2,0,1197.0,81.8
2016,55000.0,80000,1,2,1,1461.0,108.45
2010,30000.0,120000,1,2,1,1248.0,73.9
2017,62500.0,70000,1,2,0,1248.0,74.0
2017,65000.0,80000,2,2,1,1197.0,81.86
2014,57500.0,120000,1,2,2,1582.0,126.32
2016,63100.0,75000,1,2,1,1248.0,74.0
2010,22000.0,80000,1,2,1,1493.0,110.0
2017,60000.0,40000,2,2,1,1199.0,84.0
2012,39000.0,120000,1,2,0,1498.0,88.7
2010,34000.0,110000,1,2,0,1396.0,90.0
2019,67000.0,2000,1,2,0,1047.0,69.0
2014,53000.0,80000,1,2,1,1248.0,74.0
2015,35000.0,38000,2,1,1,998.0,67.05
2014,41500.0,46000,2,2,0,998.0,67.04
2014,70000.0,102000,1,2,0,1498.0,93.87
2017,37500.0,20000,2,1,0,999.0,67.0
2015,57500.0,16000,2,2,0,1197.0,85.8
2013,42500.0,23000,2,2,0,1197.0,80.0
2011,24500.0,25000,2,2,0,1196.0,86.8
2015,54000.0,35000,2,2,1,1497.0,113.42
2013,29100.0,37000,2,2,0,1197.0,78.9
2017,60000.0,34000,2,2,1,1197.0,83.1
2012,35500.0,60000,2,2,0,1497.0,113.42
2010,22500.0,50000,2,2,0,1197.0,78.9
2013,35000.0,37000,2,2,0,1399.0,98.79
2012,20000.0,38000,2,2,1,796.0,47.3
2017,60000.0,40000,1,2,0,1458.625015808777,91.51791898382203
2012,43499.9,57000,2,2,0,1497.0,113.42
2014,44000.0,62200,2,2,0,1197.0,80.0
2013,39000.0,77000,1,2,0,1248.0,73.9
2012,45000.0,30000,2,2,0,1197.0,85.8
2009,12500.0,60000,2,2,2,796.0,46.3
2010,8500.0,150000,2,2,2,796.0,46.3
2012,15000.0,40000,2,2,0,814.0,55.2
2014,50000.0,120000,1,2,0,1461.0,108.45
2011,22000.0,70000,2,2,2,1197.0,78.9
2017,95700.0,60000,1,2,0,1396.0,88.7
2018,32000.0,35000,2,2,0,999.0,67.0
2016,30000.0,15000,2,2,0,998.0,67.05
2010,27000.0,98000,1,2,0,1248.0,75.0
2011,17000.0,62000,2,2,2,1495.0,93.7
2010,27000.0,90000,1,2,1,1991.0,147.9
2013,14000.0,110000,2,2,1,1199.0,79.4
2010,17000.0,90000,2,2,2,1197.0,78.9
2019,83400.0,13000,1,2,0,1396.0,88.76
2017,45000.0,80000,1,2,0,1047.0,69.0
2014,57500.0,40000,1,2,2,1498.0,88.8
2019,90000.0,20000,1,2,0,1248.0,74.02
2008,14900.0,87540,4,2,2,796.0,35.5
2007,10000.0,84000,4,2,2,995.0,60.0
2011,32500.0,160000,1,2,2,1199.0,75.0
2012,40000.0,100000,1,2,1,1598.0,103.6
2017,25000.0,35000,2,2,1,998.0,68.05
2010,22500.0,60000,2,2,1,1598.0,102.5
2012,30000.0,70000,1,2,0,1388.0,67.0
2015,45999.9,60000,1,2,1,1248.0,91.72
2016,82500.0,35000,1,2,1,1498.0,98.59
2016,71000.0,71000,1,2,0,1248.0,74.0
2008,20000.0,90000,2,2,0,1458.625015808777,91.51791898382203
2016,42500.0,70000,1,2,0,1248.0,73.94
2007,4500.0,80000,2,2,0,796.0,37.0
2009,24000.0,90000,1,2,0,1248.0,73.9
2013,52000.0,109000,1,2,1,1461.0,108.45
2016,67500.0,120000,1,2,1,1248.0,74.0
2006,17000.0,77000,1,2,0,1458.625015808777,91.51791898382203
2012,29700.0,100000,3,2,2,998.0,58.2
2009,25000.0,110000,1,2,0,2179.0,138.1
2008,22500.0,120000,1,2,2,1458.625015808777,91.51791898382203
2016,38000.0,39000,2,2,2,998.0,67.04
2014,57500.0,90000,1,2,0,1598.0,103.6
2010,30000.0,135000,1,2,1,1248.0,75.0
2018,45000.0,90000,1,2,0,1047.0,69.0
2017,74500.0,35000,1,2,0,1248.0,74.02
2016,50999.9,120000,1,2,0,1120.0,71.0
2009,14200.0,110000,2,2,0,1197.0,78.9
2009,18500.0,50000,2,2,0,998.0,66.1
2012,30000.0,77000,1,2,0,1248.0,91.7
2007,21000.0,120000,2,2,1,1497.0,78.0
2008,26000.0,120000,2,2,1,1599.0,103.2
2013,43000.0,190000,1,2,1,1248.0,74.0
2013,60000.0,110000,1,2,1,2179.0,120.0
2010,40000.0,30000,2,2,0,1196.0,70.0
2012,40000.0,182000,1,2,1,1396.0,88.7
2017,66900.0,60000,1,2,0,1248.0,74.02
2019,50999.9,40000,2,2,0,1197.0,81.86
2016,61600.0,112000,1,2,0,1396.0,88.73
2013,53000.0,80000,1,2,1,2179.0,120.0
2010,19000.0,90000,1,2,1,1493.0,110.0
2015,70000.0,140000,1,2,1,1498.0,98.6
2012,25000.0,188000,1,2,1,2179.0,120.0
2014,22500.0,60000,2,2,1,1197.0,78.9
2017,47000.0,30000,2,2,0,1197.0,81.86
2019,90000.0,40000,1,2,0,1248.0,88.5
2013,17000.0,70000,1,2,0,936.0,57.6
2013,14000.0,100000,1,2,0,1396.0,69.0
2011,9500.0,44000,2,2,1,995.0,63.0
2016,28000.0,110000,2,2,1,1197.0,85.8
2011,12900.0,80000,2,2,1,814.0,55.2
2012,16500.0,70000,1,2,1,936.0,57.6
2016,60000.0,25000,2,2,0,1197.0,81.86
2012,26000.0,31000,2,2,0,998.0,67.1
2015,51500.0,120000,2,2,1,1197.0,81.83
2012,22500.0,60000,1,2,0,1399.0,68.0
2011,27000.0,60000,1,2,1,1248.0,73.9
2011,22500.0,110000,1,2,2,2179.0,138.03
2012,45999.9,70000,1,2,0,1582.0,126.32
2009,11599.9,110000,2,2,1,796.0,46.3
2013,47500.0,77300,1,2,0,1498.0,103.52
2011,16500.0,75000,1,2,1,1396.0,69.0
2015,55000.0,45000,1,2,0,1248.0,74.0
2017,86100.0,61260,1,2,0,1248.0,88.5
2019,105000.0,26000,1,2,0,1498.0,98.96
2017,75000.0,43000,1,2,0,1396.0,88.73
2018,73000.0,4773,2,2,0,1197.0,81.8
2017,86000.0,31000,1,1,0,1498.0,103.52
2017,94000.0,57900,1,2,0,1498.0,98.6
2019,107500.0,8600,1,2,0,1497.0,121.0
2016,77500.0,52000,1,2,0,1248.0,88.5
2013,41100.0,62000,2,2,0,1197.0,81.8
2016,54000.0,66000,1,2,0,1498.0,88.8
2016,66000.0,78010,1,1,0,1498.0,103.52
2018,87500.0,83844,1,2,0,1248.0,88.5
2015,41100.0,23999,2,1,0,998.0,67.04
2016,63500.0,52000,1,2,0,1248.0,74.0
2012,35000.0,145000,1,2,2,1248.0,74.0
2018,80000.0,70000,1,2,1,1493.0,100.0
2015,18000.0,25000,2,2,1,796.0,34.2
2014,49000.0,120000,1,2,0,1498.0,98.6
2010,18000.0,55000,2,2,0,998.0,67.1
2013,31000.0,91400,2,1,1,1198.0,76.0
2012,27500.0,48000,3,2,0,1495.0,93.7
2014,45000.0,80000,1,2,1,1248.0,73.8
2017,50000.0,50000,1,2,0,1198.0,77.0
2010,24500.0,185000,1,1,2,1493.0,110.0
2011,27500.0,125000,1,2,2,1598.0,103.6
2006,20000.0,178500,2,2,2,1497.0,78.0
2012,22999.9,166000,1,2,1,1461.0,63.1
2011,28000.0,131000,1,2,2,1598.0,103.6
2009,12500.0,50000,2,2,1,1061.0,67.0
2015,60000.0,25000,1,2,0,1248.0,74.0
2018,60000.0,20000,2,2,0,1199.0,88.7
2016,41100.0,60000,2,2,1,1198.0,86.8
2010,15000.0,170000,2,2,2,1196.0,73.0
2015,63000.0,70000,1,2,0,1248.0,88.5
2019,70000.0,45000,2,1,0,1197.0,81.8
2010,25000.0,60000,1,2,1,2498.0,112.0
2016,53500.0,32000,1,2,0,1248.0,73.74
2016,60000.0,60000,1,2,0,1493.0,100.0
2015,40000.0,143000,1,2,0,1498.0,99.0
2015,60000.0,100000,1,2,0,1248.0,74.0
2018,45999.9,50000,2,2,0,998.0,67.0
2018,80000.0,30000,1,2,0,1396.0,88.73
2017,37000.0,25000,3,2,0,1196.0,61.7
2013,29000.0,90000,1,2,0,1461.0,63.12
2018,67100.0,62000,1,2,0,1248.0,74.0
2012,14000.0,80000,1,2,2,1396.0,69.0
2011,14100.0,15000,2,2,2,796.0,46.3
2009,12500.0,70000,2,2,1,796.0,46.3
2013,15000.0,90000,1,2,1,1405.0,70.0
2007,12500.0,100000,2,2,2,1061.0,67.0
2018,60000.0,25000,2,2,1,1197.0,81.86
2017,70000.0,40000,1,2,0,1396.0,88.73
2017,70000.0,70000,1,2,0,1396.0,88.73
2017,74000.0,40000,1,2,0,1248.0,74.02
2018,115000.0,35000,1,2,0,1582.0,126.2
2007,30000.0,155000,1,2,0,1896.0,66.0
2011,30000.0,110000,2,2,0,1496.0,88.73
2015,53000.0,110000,1,2,0,1461.0,84.8
2017,53000.0,80000,1,2,1,1186.0,73.97
2011,21000.0,50000,2,2,1,1086.0,62.1
2007,13000.0,90000,2,2,1,796.0,46.3
2008,14800.0,80000,4,2,1,1061.0,57.5
2011,27000.0,105000,1,2,1,1396.0,90.0
2013,37500.0,40000,2,2,0,1197.0,78.9
2014,72500.0,141000,1,2,1,2179.0,140.0
2007,18000.0,150000,1,2,1,1493.0,110.0
2014,42500.0,80000,1,2,1,1248.0,73.94
2018,90000.0,25000,1,2,0,1498.0,98.96
2017,57000.0,51000,1,2,0,2956.0,69.01
2017,29000.0,40000,1,2,0,1396.0,69.0
2011,22999.9,40000,1,2,1,1399.0,68.0
2012,30000.0,70000,1,2,0,1399.0,68.0
2010,22000.0,110000,1,2,2,1248.0,73.9
2011,40999.9,80000,1,2,1,1991.0,147.9
2013,35500.0,136000,1,2,1,1248.0,73.8
2013,69500.0,120000,1,2,0,1461.0,108.45
2010,32000.0,120000,1,2,1,1248.0,73.9
2017,71000.0,120000,1,2,0,1493.0,100.0
2015,55000.0,90000,1,2,0,1498.0,88.8
2007,21500.0,100750,2,2,1,1298.0,88.2
2006,11000.0,140000,2,2,1,1599.0,94.0
2007,17000.0,110000,2,2,2,1497.0,78.0
2018,85000.0,40000,2,2,1,1198.0,108.5
2010,35000.0,148000,1,2,1,1396.0,90.0
2015,25000.0,155000,1,2,1,1248.0,74.0
2015,43300.0,70000,1,2,0,1498.0,99.0
2015,30000.0,45000,2,2,0,814.0,55.2
2017,76000.0,90000,1,2,1,2523.0,62.1
2014,25000.0,20000,2,2,0,814.0,55.2
2013,18700.0,120000,2,2,1,1086.0,62.1
2015,50300.0,110000,1,2,0,2179.0,147.94
2013,22500.0,58343,2,2,0,998.0,67.05
2018,74000.0,38817,1,2,0,1248.0,74.0
2016,55000.0,56494,2,2,0,1199.0,88.7
2013,75000.0,79328,1,2,1,2494.0,100.6
2019,65000.0,5621,2,1,0,1197.0,81.8
2017,62500.0,25538,2,2,0,1496.0,88.73
2018,60000.0,69779,2,1,0,1197.0,81.8
2017,45000.0,56290,1,2,0,1186.0,73.97
2019,77900.0,7032,2,1,0,1199.0,88.76
2016,64500.0,11000,2,1,0,1598.0,103.5
2013,33500.0,90000,1,2,1,1248.0,74.0
2016,48800.0,80000,2,2,1,1197.0,83.14
2008,11100.0,110000,2,2,2,1586.0,104.68
2015,60000.0,70000,1,2,0,1248.0,88.5
2020,57000.0,5000,2,2,0,1197.0,81.8
2007,11000.0,75000,2,2,1,1086.0,63.0
2014,43499.9,50000,2,2,0,1197.0,85.8
2014,22999.9,70000,2,2,0,814.0,55.2
2014,49000.0,90000,1,2,1,1461.0,83.8
2011,30000.0,100000,2,2,1,1298.0,85.8
2017,35000.0,90000,2,2,0,1199.0,76.8
2019,58000.0,35000,2,2,0,1199.0,88.7
2017,38500.0,155000,1,2,0,1396.0,69.01
2019,43499.9,19500,2,2,0,1086.0,68.07
2015,49500.0,30000,2,2,0,1197.0,81.83
2016,57500.0,53000,1,2,0,1396.0,88.73
2013,20000.0,120000,1,2,1,1405.0,69.01
2012,14000.0,120000,1,2,1,1461.0,65.0
2012,30000.0,64000,1,2,1,1399.0,67.0
2015,35000.0,50000,2,2,0,1199.0,82.4
2015,25000.0,80000,1,2,1,1405.0,69.01
2013,28000.0,80000,1,2,0,1248.0,88.76
2017,60000.0,5000,2,2,0,1197.0,81.86
2015,70000.0,25000,2,2,0,1591.0,121.4
2014,56000.0,72000,1,2,0,1498.0,98.6
2016,56500.0,72000,1,2,0,1458.625015808777,91.51791898382203
2017,88000.0,65000,1,2,0,1461.0,108.5
2016,55000.0,120000,1,2,0,2523.0,62.1
2018,53000.0,60000,1,2,0,1186.0,73.97
2013,75000.0,110000,1,2,1,2179.0,140.0
2017,31000.0,35000,2,2,0,796.0,47.3
2014,62000.0,130000,1,2,0,1248.0,88.8
2013,40000.0,188000,1,2,1,1248.0,74.0
2008,6700.0,80000,1,2,1,1396.0,53.5
2015,48000.0,80000,1,2,0,1498.0,99.0
2008,11000.0,48676,2,2,0,796.0,35.0
2006,10500.0,60000,2,2,2,1458.625015808777,91.51791898382203
2018,47500.0,40000,2,2,0,1198.0,67.0
2012,27500.0,120000,1,2,1,1458.625015808777,91.51791898382203
2018,30000.0,15000,2,2,1,796.0,47.3
2007,10000.0,70000,2,2,0,796.0,46.3
2011,7000.0,80000,1,2,1,1405.0,71.0
2017,90000.0,60000,1,2,0,1498.0,98.59
2017,65000.0,120000,1,2,1,1364.0,67.04
2016,55000.0,70000,2,2,0,1197.0,82.0
2019,42500.0,15000,2,2,0,1086.0,68.0
2017,90000.0,65000,1,2,0,1248.0,88.5
2015,51600.0,90000,2,2,0,1197.0,81.83
2011,15000.0,70000,2,2,1,1172.0,65.0
2016,40000.0,30000,2,2,0,998.0,67.04
2016,80000.0,79500,1,2,0,2179.0,120.0
2007,16500.0,90000,2,2,2,1086.0,63.0
2015,44000.0,110000,1,2,0,1248.0,74.0
2011,39000.0,153000,1,2,0,1582.0,126.32
2013,47500.0,149000,1,2,0,1248.0,74.0
2016,51500.0,100000,1,2,0,1498.0,99.0
2012,17500.0,90000,1,2,1,1405.0,70.0
2012,38000.0,80000,1,2,2,1248.0,88.8
2012,40500.0,150000,1,2,0,1458.625015808777,91.51791898382203
2018,53500.0,12000,2,2,0,1197.0,81.8
2011,21500.0,40000,2,2,1,1197.0,78.9
2017,44500.0,27000,2,2,0,1197.0,81.86
2015,33500.0,120000,2,2,0,998.0,67.04
2015,60000.0,80000,1,2,0,2523.0,62.1
2014,30000.0,49025,2,2,0,1196.0,73.0
2015,11000.0,15000,2,2,0,624.0,37.5
2014,24000.0,90000,2,2,1,998.0,67.05
2016,30000.0,90000,2,2,0,1199.0,84.0
2007,5000.0,80000,1,2,2,1396.0,53.5
2016,92500.0,22000,2,2,0,1497.0,117.3
2016,64000.0,70000,1,2,0,1248.0,88.5
2012,35000.0,35000,2,2,0,1197.0,85.8
2013,38500.0,120000,2,2,0,1197.0,85.8
2013,40999.9,100000,1,2,1,1248.0,74.0
2009,21000.0,60000,2,2,2,1596.0,101.0
2007,30000.0,110000,1,2,0,2179.0,120.0
2011,17000.0,70000,1,2,1,1399.0,68.0
2014,65000.0,140000,1,2,0,1498.0,98.6
2012,14500.0,70000,2,2,0,796.0,46.3
2018,68100.0,27000,1,2,0,1498.0,88.0
2015,63500.0,173000,1,2,0,1498.0,98.6
2010,14000.0,80000,2,2,1,796.0,46.3
2016,75000.0,86000,1,2,2,1498.0,98.6
2015,61100.0,80000,1,2,1,1498.0,98.6
2007,11000.0,120000,2,2,2,796.0,46.3
2006,10000.0,100000,2,1,1,1061.0,64.0
2014,22500.0,120000,1,2,0,1248.0,74.0
2010,25000.0,190000,1,2,2,1493.0,110.0
2011,38500.0,120000,1,2,1,2523.0,75.0
2012,13500.0,70000,2,2,0,796.0,46.3
2006,6500.0,100000,2,2,1,796.0,46.3
2016,26000.0,120000,2,2,0,998.0,67.05
2014,46500.0,120000,1,2,1,1248.0,74.0
2007,15000.0,80000,2,2,2,1458.625015808777,91.51791898382203
2017,43000.0,20000,2,2,1,1198.0,82.0
2009,20000.0,81000,2,2,2,1197.0,80.0
2011,12500.0,90000,2,2,1,1199.0,79.4
2012,12400.0,40000,2,2,1,1199.0,79.4
2007,8000.0,80000,2,2,2,1193.0,65.3
2014,54500.0,35000,3,2,0,1373.0,80.9
2019,105000.0,20000,1,2,0,1248.0,88.5
2015,20000.0,50000,2,2,0,1199.0,82.4
2014,75000.0,50000,1,2,0,2179.0,140.0
2016,42500.0,13500,2,2,0,1199.0,84.0
2016,30000.0,38000,2,2,0,796.0,47.3
2009,24000.0,70000,2,2,0,1799.0,130.0
2016,45000.0,55000,1,2,1,1198.0,77.0
2006,8000.0,150000,2,2,2,998.0,67.1
2013,50000.0,160000,1,2,0,2523.0,62.1
2013,29500.0,50000,1,2,0,1248.0,76.9
2008,10000.0,120000,1,2,2,1396.0,69.0
2013,70000.0,76460,1,2,0,1582.0,126.32
2011,18000.0,125000,1,2,1,1399.0,68.0
2012,22500.0,110000,1,2,1,1461.0,65.0
2017,31000.0,25000,2,2,0,814.0,55.2
2015,62500.0,30000,1,2,0,1498.0,98.6
2013,27500.0,70000,4,2,1,1086.0,68.05
2013,24500.0,110000,2,2,1,1086.0,68.05
2014,25000.0,80000,2,2,0,814.0,55.2
2014,45000.0,76000,1,2,0,1498.0,98.6
2007,8500.0,150000,1,2,1,1396.0,53.5
2016,55000.0,40000,2,2,0,1197.0,81.83
2015,55100.0,110000,1,2,0,1498.0,98.59
2019,50000.0,60000,2,2,0,1197.0,81.86
2018,58500.0,15000,2,2,0,1198.0,86.7
2013,17200.0,120000,2,2,0,1495.0,93.7
2012,36000.0,100000,1,2,1,1582.0,126.32
2017,35000.0,24000,1,2,1,1047.0,69.0
2018,70000.0,53000,1,2,0,1498.0,98.96
2011,14800.0,40000,2,2,2,796.0,46.3
2016,33000.0,47370,3,2,0,1196.0,63.0
2007,11000.0,120000,1,2,1,1896.0,66.0
2015,45000.0,100000,1,2,0,1248.0,73.94
2009,26000.0,80000,1,2,1,1991.0,147.9
2011,20000.0,91000,2,2,1,1197.0,78.9
2019,43000.0,20000,3,2,0,998.0,58.3
2013,55000.0,80000,1,2,1,2179.0,120.0
2013,24500.0,80000,1,2,0,1248.0,73.94
2016,32000.0,80000,3,2,0,1196.0,61.7
2008,12000.0,110000,3,2,2,1495.0,94.0
2013,61500.0,120000,1,2,0,1582.0,126.24
2013,60000.0,90000,1,1,0,1968.0,138.1
2010,30000.0,120000,2,2,1,1798.0,160.0
2016,40000.0,45217,1,2,0,1498.0,99.0
2017,100000.0,60000,1,1,1,1582.0,126.2
2012,52500.0,70000,2,2,1,2359.0,198.25
2013,30000.0,133000,1,2,0,1248.0,75.0
2011,22000.0,117000,1,2,1,1248.0,75.0
2015,85000.0,173000,1,2,0,2179.0,140.0
2011,50000.0,35000,2,2,0,1497.0,118.0
2011,13000.0,60000,2,2,2,796.0,46.3
2016,37500.0,120000,2,2,1,1199.0,74.0
2009,18000.0,163000,1,2,0,1458.625015808777,91.51791898382203
2013,62500.0,100000,1,2,1,2494.0,100.57
2013,29500.0,120000,1,2,0,1248.0,73.94
2011,35000.0,160000,1,2,0,1458.625015808777,91.51791898382203
2010,23500.0,90000,1,2,0,1948.0,90.0
2017,50999.9,20000,2,2,0,1197.0,81.8
2020,37000.0,16000,3,2,0,796.0,47.3
2016,37000.0,30000,2,2,1,1197.0,82.0
2009,18000.0,50000,2,2,0,1458.625015808777,91.51791898382203
2015,35000.0,20000,2,2,0,1086.0,68.05
2018,39500.0,20000,2,2,0,999.0,67.0
2015,85000.0,100000,1,2,0,2494.0,100.6
2012,28000.0,120000,1,2,1,1598.0,103.6
2018,77500.0,50000,1,2,1,1493.0,100.0
2012,42000.0,100000,1,2,1,1582.0,126.32
2010,31000.0,91000,2,2,1,1497.0,118.0
2015,37500.0,67000,1,2,0,1248.0,91.7
2015,50000.0,40000,2,2,0,1197.0,82.0
2013,30000.0,100000,1,2,1,1248.0,73.94
2008,15500.0,120000,2,2,1,1497.0,78.0
2013,35000.0,185000,1,2,0,1248.0,74.0
2015,35000.0,80000,1,2,2,1120.0,70.0
2020,53700.0,5000,2,2,0,1198.0,108.5
2019,58500.0,10000,2,2,0,999.0,75.0
2012,35000.0,140000,1,2,0,1248.0,88.76
2019,70000.0,19000,2,2,0,1197.0,81.86
2017,84900.0,44600,1,2,0,1248.0,88.5
2014,57400.0,28080,2,1,0,1197.0,103.25
2014,48499.9,28800,2,2,0,1197.0,81.83
2018,36000.0,21900,2,2,0,799.0,53.26
2014,57500.0,28100,2,1,0,1197.0,103.25
2014,55000.0,110000,1,2,1,1498.0,98.6
2016,70000.0,100000,1,2,0,1396.0,88.73
2019,82500.0,7673,1,1,0,1248.0,74.02
2008,11499.9,100000,2,2,1,1061.0,67.0
2009,15000.0,75000,2,2,1,1368.0,90.0
2018,85100.0,50000,1,1,0,1248.0,74.02
2014,55000.0,40000,2,2,0,1396.0,105.5
2016,89000.0,40000,1,2,0,1248.0,88.5
2012,26500.0,100000,2,2,1,1197.0,80.0
2013,21000.0,96272,1,2,0,936.0,57.6
2019,67500.0,7000,2,2,0,1194.0,94.93
2017,71500.0,60000,1,2,0,1396.0,88.73
2013,22799.9,60000,1,2,1,1396.0,69.01
2015,40000.0,22500,2,2,0,998.0,67.04
2020,92500.0,7400,1,1,0,1248.0,88.5
2011,27500.0,70000,2,2,2,1298.0,85.8
2009,17500.0,67000,2,2,0,1061.0,67.0
2009,15500.0,110000,1,2,2,1399.0,68.0
2012,32500.0,175000,1,2,1,1248.0,88.8
2014,70000.0,120000,1,2,0,2179.0,120.0
2008,5000.0,120000,1,2,2,1396.0,70.0
2014,64500.0,150360,1,2,0,1582.0,126.32
2017,59700.0,15000,1,2,0,1047.0,69.0
2018,40000.0,30000,2,1,1,999.0,67.0
2009,30000.0,150000,1,2,0,1248.0,75.0
2015,57300.0,100000,1,2,1,1248.0,74.0
2011,18000.0,70000,2,2,0,998.0,67.1
2011,7000.0,40000,2,2,0,624.0,35.0
2013,45000.0,120000,1,2,1,1248.0,88.76
2013,31000.0,145000,1,2,0,2956.0,83.83
2017,40000.0,30000,1,2,0,1198.0,77.0
2014,39000.0,90000,1,2,1,1248.0,74.0
2011,12200.0,110000,2,2,2,796.0,46.3
2016,74100.0,70000,1,2,0,1997.0,120.0
2012,33000.0,40000,1,2,1,1396.0,90.0
2010,30000.0,166000,1,2,2,2179.0,120.0
2011,21500.0,100000,2,2,2,1197.0,78.9
2009,15000.0,75000,2,2,2,1061.0,67.0
2013,25000.0,42130,2,2,0,814.0,55.2
2010,18000.0,53000,2,2,1,1197.0,85.8
2006,15000.0,106000,2,2,1,993.0,60.0
2019,55600.0,10000,2,2,0,1197.0,81.8
2016,55000.0,37000,2,2,0,1197.0,83.14
2017,54900.0,35000,2,2,0,1197.0,78.9
2016,63000.0,50000,2,2,0,1197.0,81.83
2020,67900.0,5000,1,2,0,2523.0,70.0
2011,32000.0,85000,2,2,0,1458.625015808777,91.51791898382203
2017,112500.0,47000,1,2,1,1582.0,126.2
2017,68000.0,71000,1,2,0,1248.0,74.0
2017,105000.0,50000,1,2,0,1498.0,97.9
2015,45000.0,57000,1,2,0,1248.0,88.7
2010,21000.0,43000,2,2,0,998.0,67.1
2014,47000.0,60000,1,2,0,1248.0,74.0
2014,47000.0,60000,2,2,0,1197.0,85.8
2015,55000.0,40000,1,2,0,1396.0,88.73
2011,20499.9,60000,2,2,0,998.0,66.1
2015,55000.0,160000,1,2,1,1396.0,88.73
2007,27000.0,147500,1,2,1,2494.0,102.0
2013,28000.0,90000,1,2,2,1199.0,73.9
2015,63000.0,70000,1,2,1,1248.0,88.5
2007,22000.0,70000,2,2,0,1497.0,78.0
2014,32000.0,120000,1,2,0,2489.0,93.7
2013,22500.0,75000,2,2,1,814.0,55.2
2010,38000.0,85000,2,2,1,1497.0,118.0
2012,38000.0,70000,1,2,2,1248.0,73.9
2017,60000.0,29000,1,2,0,1498.0,108.495
2014,62000.0,40000,1,2,1,2499.0,141.0
2012,50000.0,90000,1,1,0,1582.0,126.32
2015,70000.0,40000,1,1,0,1493.0,100.0
2015,55000.0,138000,1,2,0,1498.0,98.59
2016,60000.0,70000,1,2,0,1248.0,74.0
2019,55000.0,30000,2,2,1,999.0,75.0
2013,47500.0,125000,1,2,2,1582.0,126.3
2015,61500.0,120000,1,2,1,1498.0,98.6
2013,38500.0,180000,1,2,1,1248.0,74.0
2015,50000.0,20000,2,2,0,1193.0,88.7
2012,45000.0,80000,1,2,0,1461.0,83.8
2013,58000.0,80000,1,2,1,1582.0,126.32
2017,55000.0,40000,1,2,0,1364.0,67.05
2018,78000.0,30000,2,2,0,1199.0,88.7
2014,50000.0,80000,1,2,0,1498.0,89.75
2011,27000.0,140000,1,2,1,1968.0,108.5
2017,33500.0,25000,2,2,0,998.0,67.05
2017,75500.0,20000,1,2,0,1248.0,74.02
2016,65100.0,42323,1,2,0,1396.0,88.76
2016,69000.0,32000,1,2,0,1248.0,88.5
2017,58900.0,41232,1,2,0,1248.0,74.0
2015,44500.0,40200,1,2,0,1498.0,74.96
2013,47500.0,48000,1,2,1,1498.0,98.96
2014,46500.0,27233,1,2,0,1498.0,98.63
2011,22500.0,35000,2,2,0,1368.0,90.0
2016,44500.0,63000,1,2,0,2956.0,83.8
2015,44500.0,62000,1,2,0,1498.0,74.96
2012,45000.0,68240,1,2,0,2956.0,138.1
2017,52500.0,38000,1,2,1,1458.625015808777,91.51791898382203
2010,20000.0,35000,2,2,0,998.0,67.1
2018,61100.0,9000,2,2,0,1197.0,85.8
2016,81999.9,39000,1,2,0,1582.0,126.2
2016,82500.0,39000,1,2,0,1396.0,88.7
2015,59900.0,92651,1,2,0,1498.0,98.96
2018,49000.0,28000,2,2,0,1197.0,85.0
2017,34000.0,30000,2,2,0,814.0,55.2
2013,35000.0,70000,1,2,1,1199.0,73.9
2018,69500.0,40000,2,2,0,1197.0,81.8
2015,27000.0,40000,2,2,0,796.0,47.3
2016,79000.0,120000,1,2,0,1248.0,88.5
2016,59000.0,120000,1,2,0,1248.0,74.0
2017,63500.0,120000,2,1,0,1197.0,81.8
2015,54000.0,110000,1,2,1,2523.0,62.1
2012,26500.0,67000,1,2,1,1461.0,63.12
2014,60000.0,50000,1,2,0,1248.0,74.0
2012,40999.9,100000,1,2,1,1582.0,126.3
2015,52500.0,80000,1,2,1,1364.0,67.05
2011,15000.0,50000,1,2,0,1399.0,68.0
2007,5500.0,70000,2,2,2,1298.0,85.0
2011,13000.0,70000,2,2,1,796.0,35.0
2017,92500.0,50000,1,2,0,1248.0,88.5
2017,69000.0,65000,1,2,1,1461.0,83.8
2018,95000.0,7500,1,2,0,1248.0,88.5
2017,69500.0,65000,1,2,1,1461.0,83.8
2013,45000.0,35000,2,2,1,1197.0,85.8
2009,22999.9,71000,2,2,0,1197.0,85.0
2017,30000.0,30000,2,2,0,998.0,67.05
2012,20000.0,50000,2,2,1,796.0,46.3
2011,23500.0,90000,2,2,1,1198.0,75.0
2017,66600.0,13000,2,2,0,1197.0,81.83
2018,83400.0,30000,1,2,0,1498.0,98.6
2012,43000.0,120000,1,2,0,2523.0,62.1
2010,36000.0,120000,1,2,1,1248.0,75.0
2014,24000.0,70000,2,2,0,814.0,55.2
2010,13500.0,148000,1,2,1,1396.0,69.0
2017,70000.0,54188,1,2,0,1493.0,100.0
2017,75000.0,60000,1,2,0,1493.0,100.0
2012,42500.0,90000,1,2,0,1598.0,103.5
2011,15000.0,100000,2,2,2,1199.0,79.4
2014,21500.0,40000,2,2,0,814.0,55.2
2014,22500.0,35000,2,2,0,1198.0,67.0
2017,33000.0,20000,2,2,0,999.0,67.0
2007,5400.0,144000,4,2,1,796.0,32.8
2014,37400.0,54043,2,1,0,1197.0,81.86
2012,54900.0,66657,1,1,0,1582.0,126.32
2016,39000.0,42000,1,2,1,1405.0,69.01
2013,45599.9,35582,2,2,0,1197.0,82.85
2013,45300.0,54327,2,1,1,1197.0,103.6
2016,57900.0,7949,2,2,0,1198.0,73.75
2010,25800.0,59734,2,1,0,1197.0,78.9
2012,42800.0,49185,2,2,0,1497.0,116.4
2011,26200.0,56389,2,2,0,1197.0,78.9
2013,38900.0,58245,2,2,0,1198.0,73.9
2015,34600.0,36422,2,2,0,1198.0,75.0
2011,33900.0,42535,2,2,0,1198.0,88.8
2011,27200.0,40736,2,1,0,1197.0,78.9
2012,36900.0,56246,2,2,0,1197.0,85.8
2011,27700.0,55403,2,2,0,1197.0,85.8
2018,53500.0,30000,2,2,0,1199.0,84.0
2015,26500.0,67000,2,2,0,998.0,67.05
2013,40000.0,70000,2,2,0,1591.0,121.3
2014,45999.9,90000,1,2,1,1120.0,70.0
2019,66700.0,7500,2,2,0,1197.0,81.86
2011,30000.0,80000,1,2,1,2179.0,138.1
2012,22999.9,186000,1,2,0,1396.0,70.0
2016,20000.0,110000,1,2,1,1396.0,69.0
2012,28000.0,105358,1,2,2,1399.0,67.0
2014,59000.0,70000,2,2,1,1197.0,81.83
2010,14200.0,49200,2,2,1,1086.0,68.05
2017,85000.0,40000,2,2,0,1497.0,117.6
2014,60000.0,40000,1,2,1,1498.0,98.6
2017,70000.0,40000,1,2,0,1493.0,100.0
2013,20000.0,70000,2,2,0,1199.0,79.4
2016,90000.0,110000,1,2,0,1582.0,126.2
2014,22000.0,100000,2,2,0,998.0,67.05
2018,65000.0,10000,2,1,1,1197.0,81.86
2014,80000.0,136000,1,2,0,2179.0,140.0
2010,25000.0,110000,1,2,2,1399.0,68.0
2012,55000.0,86000,1,2,0,1461.0,108.45
2009,12500.0,141000,2,2,1,796.0,46.3
2011,45000.0,80000,2,2,2,1497.0,118.0
2015,85000.0,140000,1,2,0,2179.0,140.0
2014,45999.9,65000,1,2,1,1248.0,74.0
2014,43499.9,110000,1,2,1,1248.0,74.0
2008,12000.0,100000,1,2,1,1405.0,70.0
2015,60000.0,80000,1,2,0,1248.0,74.0
2008,13500.0,90000,2,2,1,998.0,67.1
2016,55000.0,44000,2,2,0,1196.0,86.8
2014,38500.0,25000,2,2,0,998.0,67.04
2016,80000.0,25000,2,2,0,1591.0,121.3
2016,78000.0,35000,1,2,0,1396.0,88.73
2017,65000.0,60000,1,2,0,1396.0,88.73
2012,42500.0,100000,1,2,1,1582.0,126.32
2015,50000.0,70000,1,2,0,1248.0,91.7
2017,59000.0,30000,1,2,0,1248.0,74.0
2016,45999.9,27000,2,2,0,998.0,67.04
2020,57800.0,5000,2,2,0,1197.0,81.8
2012,55000.0,110000,1,2,1,1248.0,88.76
2013,46500.0,80000,2,2,1,1497.0,116.3
2018,89000.0,80000,1,2,0,1493.0,70.0
2014,25000.0,110000,1,2,0,1461.0,65.0
2018,42000.0,35000,2,1,0,998.0,67.0
2017,55000.0,20000,2,2,0,1197.0,81.8
2018,27000.0,20000,2,2,0,796.0,47.3
2018,70000.0,7800,2,1,0,1197.0,81.8
2017,50000.0,20000,2,2,0,1197.0,81.8
2013,32000.0,31377,2,2,1,1197.0,82.85
2018,70000.0,50000,1,2,0,1248.0,74.02
2015,29000.0,60000,2,2,0,998.0,67.04
2012,55000.0,100000,2,1,0,1794.0,138.1
2012,26500.0,60000,2,2,0,1198.0,86.8
2018,83000.0,5000,2,1,0,1197.0,83.1
2017,80000.0,60000,1,2,0,2179.0,147.94
2011,16000.0,25000,2,2,1,796.0,46.3
2018,33500.0,30000,2,2,0,799.0,53.3
2017,32900.0,80000,2,2,1,1198.0,67.0
2017,77500.0,75000,1,2,0,1248.0,88.5
2020,52400.0,32000,2,2,0,1197.0,81.86
2015,24500.0,40000,2,2,0,796.0,47.3
2012,27500.0,93000,2,2,1,1197.0,80.0
2015,61000.0,50000,1,2,1,1396.0,88.73
2015,61500.0,60000,1,2,0,1248.0,74.0
2014,68400.0,60000,1,2,1,1248.0,88.8
2014,68000.0,64000,1,2,1,1248.0,88.8
2014,50000.0,120000,1,2,0,1461.0,83.8
2014,52000.0,120000,1,2,0,1461.0,83.8
2012,39000.0,140000,1,2,1,1458.625015808777,91.51791898382203
2012,43499.9,135000,1,2,2,1458.625015808777,91.51791898382203
2010,35000.0,166000,1,2,1,1458.625015808777,91.51791898382203
2018,67500.0,60000,1,2,0,1498.0,98.63
2019,67500.0,5000,2,2,0,1197.0,81.8
2016,72500.0,30000,1,2,0,1498.0,98.96
2018,65000.0,40000,1,2,0,1498.0,88.0
2019,109000.0,16500,2,2,0,1197.0,110.0
2017,110000.0,67000,1,1,0,1582.0,126.2
2017,67000.0,48000,1,2,0,1396.0,88.73
2018,78000.0,35000,1,2,0,1396.0,88.73
2017,72000.0,60000,1,2,0,1248.0,88.5
2018,61000.0,52000,2,2,0,1197.0,81.8
2017,60000.0,29000,1,2,0,1498.0,108.495
2016,53500.0,50000,1,2,0,1461.0,83.8
2009,14200.0,110000,2,2,0,1197.0,78.9
2017,51500.0,23000,2,2,0,1197.0,83.1
2016,33500.0,40000,2,2,0,1198.0,67.0
2017,95700.0,60000,1,2,0,1396.0,88.7
2017,60500.0,127000,1,2,0,1248.0,74.02
2013,31600.0,140000,1,2,0,1248.0,88.76
2019,67500.0,5000,2,2,0,999.0,72.0
2015,52000.0,70000,1,2,0,1248.0,74.0
2011,26500.0,60000,1,2,0,1248.0,73.9
2016,39500.0,40000,2,2,1,1199.0,74.0
2016,38500.0,40000,2,2,1,1199.0,74.0
2009,14200.0,70000,2,2,1,1061.0,67.0
2009,16000.0,35000,2,2,0,1086.0,68.05
2012,18000.0,50000,1,2,2,1396.0,69.0
2013,48000.0,42462,2,2,0,1497.0,116.3
2015,47000.0,54723,1,2,0,1248.0,74.0
2018,48000.0,20375,2,2,0,1197.0,81.8
2013,45000.0,43978,1,2,1,1248.0,74.0
2017,52000.0,28832,1,2,0,1248.0,74.0
2019,70000.0,3177,2,2,0,1194.0,94.93
2015,40000.0,39414,2,2,0,1197.0,81.86
2012,20000.0,30078,2,2,0,1396.0,70.0
2012,25000.0,44588,2,2,0,814.0,55.2
2015,40000.0,49907,2,2,0,998.0,67.04
2013,37100.0,67082,2,2,1,1197.0,81.8
2016,45000.0,40000,2,2,0,1197.0,82.0
2016,57000.0,112879,1,2,1,1498.0,98.96
2013,30000.0,80000,2,2,1,1198.0,86.8
2017,62000.0,25000,2,2,0,1197.0,81.83
2018,94900.0,10200,2,2,0,1497.0,117.6
2018,75000.0,60000,1,2,0,1493.0,70.0
2017,35000.0,20000,2,2,1,998.0,67.04
2016,27000.0,30000,2,2,2,999.0,67.0
2013,23500.0,40000,2,2,1,814.0,55.2
2016,50000.0,60000,2,2,0,1197.0,81.8
2012,22000.0,111000,2,2,0,796.0,46.3
2014,38000.0,70000,1,2,1,1248.0,74.0
2010,16000.0,100000,2,2,2,998.0,67.1
2010,16000.0,100000,2,2,2,998.0,67.1
2017,33900.0,25000,2,2,0,998.0,68.05
2011,22999.9,100000,2,2,0,1596.0,99.6
2016,40000.0,35000,1,2,0,1198.0,77.0
2018,47000.0,25000,1,2,0,1186.0,73.97
2019,57500.0,20000,2,2,0,1194.0,94.93
2019,32500.0,1300,2,2,0,999.0,67.0
2014,35000.0,15000,2,2,0,998.0,67.04
2015,50300.0,110000,1,2,0,2179.0,147.94
2013,22500.0,58343,2,2,0,998.0,67.05
2018,74000.0,38817,1,2,0,1248.0,74.0
2016,55000.0,56494,2,2,0,1199.0,88.7
2013,75000.0,79328,1,2,1,2494.0,100.6
2019,65000.0,5621,2,1,0,1197.0,81.8
2017,62500.0,25538,2,2,0,1496.0,88.73
2018,60000.0,69779,2,1,0,1197.0,81.8
2017,45000.0,56290,1,2,0,1186.0,73.97
2019,77900.0,7032,2,1,0,1199.0,88.76
2016,64500.0,11000,2,1,0,1598.0,103.5
2016,30000.0,25000,2,2,0,799.0,53.3
2014,54000.0,150000,1,2,0,1461.0,108.5
2018,58000.0,10000,2,2,0,998.0,67.04
2017,45999.9,80000,1,2,0,1248.0,74.0
2015,63500.0,50000,1,2,0,1248.0,74.0
2014,65000.0,83000,1,2,2,1582.0,126.32
2013,52500.0,116000,1,2,1,1248.0,74.0
2015,35000.0,60000,2,2,2,1172.0,67.1
2008,32000.0,175802,1,2,2,1248.0,73.9
2011,22700.0,73840,2,2,0,1598.0,103.6
2011,32500.0,162000,1,2,1,2523.0,63.0
2013,30000.0,75000,2,2,2,1197.0,82.0
2015,55000.0,120000,1,2,1,1498.0,103.2
2016,55000.0,20000,2,2,0,1197.0,81.8
2017,90000.0,40000,1,1,0,1498.0,108.6
2010,16500.0,20000,2,2,0,796.0,46.3
2014,21000.0,70000,2,2,0,814.0,55.2
2016,65000.0,30000,1,2,0,1461.0,108.45
2014,68000.0,120000,1,2,0,2179.0,140.0
2019,39000.0,25000,2,2,0,999.0,67.0
2016,26000.0,80000,2,2,0,799.0,53.3
2013,45000.0,67000,2,2,0,1197.0,85.8
2008,13000.0,120000,2,2,1,1086.0,68.05
2019,89000.0,9000,1,2,0,1248.0,88.5
2010,22500.0,80000,2,2,1,1595.0,102.0
2010,21000.0,120000,1,2,0,1248.0,88.8
2014,75000.0,80000,1,2,1,1498.0,98.6
2011,35000.0,120000,1,2,1,2499.0,80.0
2017,27000.0,26442,2,2,0,998.0,68.05
2017,70000.0,35000,2,2,0,1373.0,91.1
2010,13000.0,28000,2,2,1,796.0,46.3
2015,65000.0,80000,1,2,0,1248.0,88.8
2017,47500.0,20000,2,1,0,998.0,67.0
2013,32500.0,50000,1,2,0,1461.0,84.8
2017,61500.0,40000,2,1,0,1199.0,88.7
2015,39000.0,15000,2,2,0,1197.0,82.0
2019,65000.0,15000,2,1,0,1197.0,81.8
2015,44000.0,30000,2,2,0,1197.0,81.8
2014,60000.0,70000,1,2,0,1498.0,98.6
2012,17000.0,80000,2,2,0,995.0,62.1
2013,49900.0,80000,1,2,0,2523.0,63.0
2012,52500.0,120000,1,2,0,1396.0,88.73
2015,58000.0,90000,1,2,0,1461.0,83.8
2016,42000.0,110000,1,2,1,1248.0,73.74
2016,80000.0,80000,1,2,0,1582.0,126.2
2020,60000.0,5000,2,2,0,1197.0,81.8
2017,40000.0,50000,2,2,0,1198.0,86.8
2017,70000.0,65000,1,2,0,1248.0,74.0
2017,80000.0,35000,1,2,0,1248.0,74.0
2015,60000.0,90000,1,2,0,1498.0,98.6
2016,58000.0,100000,1,2,0,1248.0,74.0
2016,35000.0,15000,2,2,0,799.0,53.3
2011,20499.9,147000,1,2,0,1399.0,68.0
2009,31000.0,120000,1,2,1,1396.0,90.0
2016,45999.9,69000,1,2,1,1498.0,99.0
2017,86000.0,80000,1,2,0,1248.0,88.5
2012,27500.0,97000,4,2,2,1086.0,68.1
2016,39000.0,15000,2,2,0,799.0,53.3
2017,48499.9,10000,2,2,0,998.0,67.04
2012,18500.0,60000,2,2,1,796.0,46.3
2018,66500.0,40142,1,2,0,1120.0,71.0
2019,72100.0,9400,2,2,0,1197.0,81.83
2016,39000.0,62000,1,2,0,1198.0,77.0
2011,19000.0,90000,1,2,0,1248.0,90.0
2019,97500.0,12584,1,2,0,2498.0,105.0
2016,27500.0,49000,2,2,0,1198.0,67.05
2016,31500.0,32000,2,2,0,796.0,47.3
2019,68500.0,4300,2,2,0,1197.0,81.86
2019,59500.0,14548,2,2,0,1197.0,81.8
2018,90000.0,44772,1,2,1,1498.0,98.96
2018,95000.0,48500,1,2,0,1248.0,88.5
2016,27500.0,38000,2,2,0,796.0,47.3
2017,57000.0,28782,2,2,0,1197.0,81.83
2018,70000.0,28451,2,2,0,1197.0,81.83
2018,91000.0,36500,1,2,0,1248.0,88.5
2018,75100.0,44885,1,2,0,1248.0,74.0
2014,22500.0,35000,2,2,0,814.0,55.2
2009,13500.0,110000,1,2,1,1405.0,71.0
2017,82500.0,79000,1,2,0,1248.0,88.5
2018,87500.0,50000,1,2,0,1248.0,88.5
2016,65000.0,81000,1,2,1,1248.0,88.5
2017,97500.0,41000,1,2,0,1582.0,126.2
2019,92500.0,50000,1,2,0,1248.0,88.5
2016,72500.0,66000,1,2,0,1248.0,88.8
2013,55000.0,65000,1,2,0,1248.0,88.76
2014,55000.0,76000,1,2,0,1396.0,88.73
2013,75000.0,95000,1,2,0,2494.0,102.0
2013,47500.0,55000,2,2,1,1497.0,118.0
2017,32500.0,65000,2,2,0,1198.0,67.05
2017,72500.0,76000,1,2,0,1248.0,88.5
2018,77500.0,47000,2,2,1,1373.0,93.7
2017,62500.0,70000,1,2,0,1248.0,74.0
2009,19500.0,56000,2,2,1,1458.625015808777,91.51791898382203
2014,47000.0,89000,1,2,0,1248.0,74.0
2018,105000.0,70000,1,2,0,1396.0,88.7
2013,38000.0,57000,1,2,0,1248.0,74.0
2017,65000.0,70000,1,2,0,1248.0,74.0
2016,27500.0,49200,2,2,0,814.0,55.2
2009,22000.0,125000,2,2,1,1799.0,130.0
2008,20000.0,60000,2,2,1,1086.0,68.05
2015,31500.0,120000,2,2,1,1196.0,73.0
2007,12000.0,70000,2,2,1,1061.0,67.0
2006,9000.0,168000,2,2,1,998.0,67.1
2015,37000.0,60000,1,2,0,1120.0,70.0
2016,59500.0,131111,1,2,0,1248.0,74.0
2007,15000.0,120000,1,2,1,1461.0,65.0
2012,40000.0,58400,1,2,1,1248.0,73.9
2016,31000.0,23400,2,2,1,998.0,67.1
2018,38500.0,50000,2,2,0,998.0,67.04
2014,75000.0,90000,1,2,0,2179.0,140.0
2019,52100.0,3010,2,1,0,1086.0,68.0
2010,18000.0,80000,1,2,0,1248.0,88.8
2011,22000.0,155000,1,2,1,1399.0,68.0
2018,54000.0,4000,2,2,0,1197.0,81.86
2007,14000.0,35000,2,2,1,796.0,46.3
2015,65000.0,110000,1,2,1,1498.0,98.59
2010,22999.9,170000,1,2,1,1399.0,68.0
2010,30500.0,175000,1,2,2,1248.0,75.0
2008,20000.0,163000,1,2,0,1399.0,68.0
2008,20000.0,163000,1,2,0,1399.0,68.0
2010,46500.0,77088,1,2,0,2489.0,95.0
2011,21000.0,110000,1,2,2,1461.0,63.1
2016,57000.0,136511,1,2,0,2523.0,62.1
2015,57000.0,80000,2,2,0,1373.0,93.7
2015,65000.0,60000,2,2,0,1373.0,93.7
2016,62000.0,36000,2,2,0,1197.0,83.14
2012,25000.0,65000,2,2,1,998.0,67.1
2012,30000.0,60000,4,2,0,998.0,58.2
2013,30000.0,82500,1,2,0,1248.0,75.0
2018,81000.0,30000,1,2,1,1498.0,98.96
2011,27000.0,100000,1,2,2,1991.0,147.9
2015,47000.0,70000,1,2,1,1248.0,74.0
2017,40000.0,85000,1,2,0,1248.0,88.7
2014,30000.0,60000,2,2,1,998.0,67.04
2015,17000.0,20000,2,2,2,796.0,47.3
2014,45599.9,80000,1,2,0,1461.0,108.45
2009,12100.0,100000,1,2,1,2489.0,95.0
2016,65000.0,80000,1,2,1,1248.0,88.5
2017,35000.0,35000,2,2,0,1193.0,88.7
2013,12500.0,139000,1,2,0,936.0,57.6
2009,12000.0,120000,2,2,0,1458.625015808777,91.51791898382203
2008,25000.0,100000,2,2,0,1497.0,78.0
2011,22500.0,90000,1,2,0,1598.0,103.6
2007,21500.0,105000,1,2,1,2523.0,63.0
2017,45000.0,40000,1,2,1,1186.0,73.97
2017,50999.9,90000,2,2,0,1197.0,81.86
2015,24500.0,36710,2,2,1,796.0,47.3
2018,40000.0,50000,1,2,0,909.0,45.0
2016,62000.0,28180,1,2,0,1248.0,88.5
2017,65000.0,44000,1,2,0,1248.0,88.5
2019,59000.0,4000,2,2,0,1198.0,67.0
2014,37000.0,30000,1,2,0,1248.0,73.94
2013,35000.0,15000,2,2,0,1197.0,85.8
2017,58000.0,20000,2,2,0,1197.0,83.1
2018,45000.0,56000,2,2,0,1197.0,81.86
2017,60000.0,19000,2,2,0,1197.0,81.86
2017,45000.0,70000,2,2,0,1197.0,81.83
2009,15000.0,30000,1,2,0,1396.0,69.0
2019,40000.0,15000,2,2,0,1196.0,73.0
2013,18500.0,85000,2,2,0,796.0,47.3
2018,62500.0,50000,2,1,0,1197.0,81.8
2019,70000.0,20000,2,2,0,1197.0,81.86
2017,39000.0,25000,2,2,0,998.0,67.04
2018,62500.0,25000,2,2,0,1198.0,108.5
2014,40000.0,50000,2,2,0,1197.0,85.8
2011,38000.0,150000,1,2,2,1396.0,90.0
2009,40000.0,90000,2,1,0,1794.0,138.1
2019,62000.0,100000,2,2,0,1193.0,88.7
2008,19000.0,180000,1,2,1,1399.0,67.0
2013,21000.0,50000,2,2,1,796.0,47.3
2012,27000.0,80000,1,2,2,1248.0,73.94
2014,22000.0,93000,2,2,1,814.0,55.2
2014,55000.0,11500,1,2,0,2523.0,63.0
2013,37000.0,120000,2,2,0,1197.0,82.85
2006,9500.0,100000,2,1,1,1458.625015808777,91.51791898382203
2015,65000.0,50000,1,2,0,2489.0,93.7
2012,55000.0,120000,2,2,0,1497.0,116.3
2010,22500.0,100000,1,2,1,1399.0,68.0
2016,28000.0,60000,2,2,0,814.0,55.2
2017,57000.0,44077,2,1,0,1499.0,110.5
2017,29000.0,90000,2,2,1,796.0,47.3
2018,72000.0,50000,1,2,1,1396.0,88.73
2017,80000.0,60000,1,2,0,1498.0,98.59
2012,26500.0,20000,2,2,2,1086.0,68.05
2010,13500.0,90000,2,2,2,796.0,46.3
2016,35000.0,70000,1,2,1,1498.0,99.0
2008,20000.0,80000,2,2,1,1458.625015808777,91.51791898382203
2016,49000.0,80000,1,2,0,1248.0,73.74
2012,45000.0,72000,1,2,1,1582.0,126.32
2016,95000.0,50000,1,2,0,1997.0,120.0
2012,35500.0,90000,2,2,1,1298.0,85.8
2019,70000.0,17000,2,2,0,1197.0,81.86
2012,45999.9,70000,1,2,0,2179.0,120.0
2012,35000.0,74000,1,2,1,1199.0,73.9
2006,8500.0,60000,2,2,1,796.0,46.3
2016,29000.0,15000,2,2,0,796.0,47.3
2019,100000.0,72000,1,2,0,1498.0,98.6
2008,8500.0,25000,2,2,1,1193.0,64.4
2009,17000.0,55768,1,2,0,1405.0,71.0
2017,52500.0,40000,2,1,0,1197.0,81.86
2020,26500.0,70000,2,2,1,998.0,67.05
2018,45999.9,50000,2,2,0,1199.0,84.0
2017,25000.0,20000,2,2,0,998.0,67.05
2013,39500.0,70000,1,2,1,1248.0,74.0
2014,37500.0,60000,2,2,0,1197.0,82.0
2009,12000.0,120000,1,2,0,1405.0,71.0
2011,29000.0,110000,1,2,1,1248.0,73.9
2017,40999.9,60000,2,2,0,1199.0,84.0
2009,20000.0,30000,2,2,0,995.0,63.0
2018,90000.0,35000,1,2,0,1498.0,108.6
2012,45000.0,100000,1,2,0,1461.0,108.45
2012,65000.0,80000,1,2,2,2179.0,140.0
2014,30000.0,84000,1,2,1,1498.0,88.5
2014,42500.0,60000,1,2,0,1498.0,89.75
2011,20000.0,60000,2,2,1,1197.0,78.9
2013,45000.0,70000,1,2,0,2523.0,62.1
2014,60000.0,82500,1,2,1,2523.0,62.1
2014,55000.0,76000,1,2,0,2523.0,62.1
2011,18000.0,87000,1,2,0,1248.0,75.0
2010,30000.0,120000,1,2,0,2498.0,112.0
2016,35000.0,70000,2,2,1,1193.0,88.7
2014,46500.0,90000,1,2,0,1248.0,74.0
2010,20000.0,188000,1,2,1,1248.0,88.8
2014,35000.0,120000,1,2,1,1248.0,73.8
2015,65000.0,80000,2,2,0,1497.0,117.3
2010,15000.0,123278,2,2,1,1197.0,78.9
2014,56000.0,100000,1,2,1,1498.0,98.6
2015,62500.0,90000,1,2,0,1396.0,88.73
2012,22000.0,110000,1,2,0,1399.0,68.0
2013,25000.0,110000,1,2,0,1399.0,68.1
2018,57500.0,70000,1,2,0,1248.0,88.7
2012,20000.0,90000,1,2,2,2179.0,138.1
2016,26200.0,50000,2,2,0,796.0,47.3
2018,29900.0,33000,2,2,0,814.0,55.2
2015,25000.0,26500,2,2,0,796.0,47.3
2011,14000.0,60000,2,2,2,1086.0,62.1
2013,36000.0,70000,1,2,2,1248.0,74.0
2015,21000.0,80000,2,2,0,1198.0,67.06
2017,60000.0,60000,1,2,0,1396.0,88.73
2011,21000.0,100000,1,2,0,1199.0,75.0
2011,30000.0,80000,1,2,1,1598.0,103.6
2016,45000.0,35000,2,2,0,1197.0,82.0
2019,55000.0,10000,2,2,0,1197.0,81.86
2011,10000.0,80000,1,2,0,1248.0,75.0
2012,18500.0,50000,2,2,1,814.0,55.2
2006,8000.0,90000,2,2,1,1061.0,64.0
2017,29500.0,80000,2,2,0,796.0,47.3
2017,36000.0,25000,2,2,0,999.0,67.0
2014,21000.0,70000,2,2,0,998.0,67.1
2019,58500.0,80000,2,1,0,1197.0,81.86
2016,56000.0,50000,1,2,0,1498.0,88.7
2015,60000.0,70000,1,2,0,1498.0,98.6
2017,33000.0,60000,2,2,0,1198.0,67.0
2019,99000.0,15000,2,2,0,1591.0,121.3
2012,30000.0,90000,1,2,0,1364.0,67.1
2018,65000.0,28000,2,2,0,1198.0,108.5
2019,69500.0,20000,2,1,0,1197.0,81.86
2014,30000.0,60000,1,2,0,1120.0,70.0
2015,27000.0,22000,2,2,0,796.0,47.3
2010,18500.0,70000,1,2,1,2179.0,138.1
2013,20000.0,80000,1,2,0,1248.0,76.9
2019,45999.9,35000,3,2,0,998.0,58.16
2018,86000.0,60000,1,2,0,1497.0,108.5
2018,40000.0,20000,2,2,0,1199.0,84.0
2013,24000.0,142000,1,2,1,1248.0,73.94
2015,57000.0,72000,1,2,0,1248.0,74.0
2018,85000.0,90000,1,2,0,1498.0,98.96
2011,15500.0,80000,1,2,2,1399.0,68.0
2011,27000.0,125000,1,2,0,1396.0,90.0
2015,61000.0,33000,2,2,0,1373.0,91.1
2012,45000.0,120000,1,2,1,2179.0,120.0
2018,50000.0,35000,1,2,0,1186.0,73.97
2018,70000.0,43000,1,2,0,1498.0,98.63
2007,13500.0,60000,2,2,0,796.0,46.3
2012,43000.0,148000,1,2,1,2179.0,120.0
2014,62500.0,70000,1,2,1,1582.0,126.32
2011,28000.0,96000,2,2,0,1498.0,97.7
2015,80000.0,70000,1,2,0,1997.0,120.0
2012,22000.0,70000,1,2,1,1248.0,73.94
2017,62000.0,18484,2,2,0,1197.0,81.8
2011,30000.0,70000,1,2,0,2179.0,138.03
2010,18000.0,25000,2,2,1,796.0,46.3
2013,25000.0,120000,1,2,2,1199.0,73.9
2017,48000.0,55000,2,2,0,1197.0,83.14
2019,88500.0,10000,2,2,1,1497.0,121.31
2020,55000.0,60000,1,2,0,1198.0,77.0
2018,80000.0,30000,1,2,0,1248.0,74.02
2013,18000.0,65000,2,2,0,1086.0,62.1
2010,20000.0,27000,2,2,0,1458.625015808777,91.51791898382203
2012,38000.0,50000,1,2,1,1396.0,88.76
2019,52000.0,2560,2,1,0,1199.0,83.81
2016,33000.0,80000,2,2,1,998.0,67.04
2015,37000.0,120000,1,2,0,1248.0,73.8
2009,29000.0,120000,2,2,1,1497.0,116.3
2013,21500.0,47000,2,2,1,814.0,55.2
2012,61000.0,90000,1,2,0,2494.0,102.0
2013,38000.0,110000,1,2,1,1396.0,88.76
2012,40000.0,103655,1,2,1,1582.0,126.3
2018,70000.0,25000,2,1,1,1197.0,81.86
2014,65000.0,80000,1,2,0,1461.0,108.45
2014,9500.0,50000,2,2,1,624.0,37.5
2010,15000.0,110000,2,2,0,1086.0,62.0
2008,12000.0,80000,2,2,2,796.0,46.3
2010,18000.0,187000,1,2,1,1399.0,68.0
2013,32500.0,69000,1,2,0,1388.0,67.0
2018,95000.0,27000,1,2,0,1498.0,98.59
2014,50000.0,132000,1,2,1,1498.0,89.84
2017,72500.0,75000,1,2,0,1498.0,99.23
2015,50000.0,18000,2,2,1,1194.0,94.93
2016,65000.0,10000,1,2,0,1396.0,88.73
2010,28500.0,80000,1,2,0,1248.0,75.0
2012,20000.0,137000,1,2,0,1399.0,67.0
2011,29500.0,65000,1,2,1,1598.0,103.6
2007,16000.0,120000,2,2,2,1497.0,78.0
2017,45000.0,10000,2,1,0,998.0,67.04
2016,38500.0,20000,2,2,0,1198.0,67.0
2011,35000.0,93500,1,2,1,1388.0,67.0
2015,50300.0,110000,1,2,0,2179.0,147.94
2013,22500.0,58343,2,2,0,998.0,67.05
2018,74000.0,38817,1,2,0,1248.0,74.0
2016,55000.0,56494,2,2,0,1199.0,88.7
2013,75000.0,79328,1,2,1,2494.0,100.6
2019,65000.0,5621,2,1,0,1197.0,81.8
2017,62500.0,25538,2,2,0,1496.0,88.73
2018,60000.0,69779,2,1,0,1197.0,81.8
2017,45000.0,56290,1,2,0,1186.0,73.97
2019,77900.0,7032,2,1,0,1199.0,88.76
2016,64500.0,11000,2,1,0,1598.0,103.5
2015,50300.0,110000,1,2,0,2179.0,147.94
2013,22500.0,58343,2,2,0,998.0,67.05
2018,74000.0,38817,1,2,0,1248.0,74.0
2016,55000.0,56494,2,2,0,1199.0,88.7
2013,75000.0,79328,1,2,1,2494.0,100.6
2019,65000.0,5621,2,1,0,1197.0,81.8
2017,62500.0,25538,2,2,0,1496.0,88.73
2018,60000.0,69779,2,1,0,1197.0,81.8
2017,45000.0,56290,1,2,0,1186.0,73.97
2019,77900.0,7032,2,1,0,1199.0,88.76
2016,64500.0,11000,2,1,0,1598.0,103.5
2019,55800.0,70000,1,2,0,1248.0,74.02
2010,16500.0,56000,2,2,2,1086.0,62.1
2012,30000.0,80000,1,2,1,1396.0,88.76
2019,50000.0,5000,2,2,0,1086.0,68.0
2014,64000.0,65000,1,2,1,1498.0,103.52
2015,90000.0,70000,1,2,2,2179.0,120.0
2013,45000.0,60000,1,2,0,1248.0,73.8
2018,82500.0,82000,1,2,0,1248.0,88.5
2013,50000.0,80000,1,2,1,2179.0,138.1
2017,32500.0,5000,2,2,1,1198.0,82.0
2014,45000.0,133000,1,2,0,1461.0,108.45
2017,67500.0,25000,2,2,1,1199.0,88.7
2017,41500.0,15000,2,2,0,1193.0,88.7
2017,110000.0,40000,1,2,0,1396.0,88.7
2016,50000.0,35000,2,2,0,1198.0,73.75
2014,50999.9,70000,1,2,1,2523.0,62.1
2007,20000.0,152000,1,2,2,2609.0,120.0
2007,6000.0,100000,2,2,1,796.0,37.0
2013,50000.0,80000,1,2,1,1582.0,126.3
2009,4500.0,100000,1,2,1,1396.0,53.5
2017,27000.0,50000,2,2,0,799.0,53.3
2017,55000.0,40000,2,2,0,1197.0,81.86
2016,23500.0,60000,2,2,0,999.0,67.0
2018,60000.0,40000,2,2,0,1197.0,81.83
2015,52500.0,60000,1,2,0,1498.0,98.6
2012,32500.0,90000,1,2,0,1248.0,74.0
2014,42000.0,90000,1,2,0,1248.0,74.0
2014,22999.9,60000,2,2,1,998.0,67.1
2013,37500.0,80000,1,2,2,1248.0,74.0
2018,40000.0,40000,2,2,0,1199.0,84.0
2013,60000.0,91000,1,2,0,2179.0,140.0
2008,11000.0,80000,2,2,2,1086.0,63.0
2007,4500.0,73257,2,2,0,796.0,37.0
2019,72200.0,80000,1,2,0,2523.0,70.0
2020,50000.0,15000,2,2,0,1199.0,83.83
2007,25000.0,110000,1,2,1,1493.0,110.0
2018,95000.0,40000,1,2,0,1498.0,108.6
2018,78000.0,30000,1,2,0,1248.0,74.02
2018,57500.0,30000,2,2,0,1086.0,68.0
2017,56300.0,30000,2,2,1,1197.0,81.83
2017,45000.0,15000,2,2,0,1199.0,84.0
2010,32000.0,135000,1,2,1,1396.0,90.0
2008,37500.0,100000,2,2,2,1799.0,130.0
2017,40000.0,120000,2,2,0,1196.0,73.0
2016,31500.0,60000,2,2,1,999.0,67.0
2010,35000.0,190000,1,2,1,1248.0,73.9
2016,37500.0,120000,2,2,0,1196.0,73.0
2015,35000.0,29000,2,2,0,998.0,67.04
2011,17000.0,120000,3,2,2,1458.625015808777,91.51791898382203
2010,12000.0,120000,2,2,2,1061.0,67.0
2015,81999.9,90000,1,2,0,2179.0,140.0
2018,70000.0,30000,2,2,0,1197.0,81.83
2018,45199.9,30000,2,1,1,998.0,67.04
2016,50000.0,56000,2,2,2,1197.0,82.0
2015,50000.0,120000,1,2,0,1493.0,100.0
2015,49000.0,60000,1,2,0,1248.0,74.0
2008,20000.0,147000,1,2,1,1248.0,73.9
2012,24000.0,35000,2,2,0,998.0,67.1
2018,65500.0,19500,2,2,0,1197.0,81.83
2018,62000.0,38426,2,2,0,1197.0,81.86
2015,45000.0,35000,2,2,1,1197.0,83.11
2014,31000.0,35000,2,2,1,998.0,67.04
2007,15000.0,50000,2,2,2,796.0,46.3
2012,18000.0,120000,1,2,0,936.0,57.6
2011,15000.0,120000,1,2,0,1405.0,70.0
2011,16000.0,112000,1,2,1,1399.0,68.0
2013,60000.0,70000,1,2,2,2523.0,75.0
2012,38000.0,145000,1,2,0,1598.0,103.5
2007,12000.0,135000,1,2,0,1405.0,70.0
2012,13500.0,146000,1,2,0,1405.0,70.0
2018,61000.0,10000,2,2,0,1197.0,81.86
2020,26000.0,50000,1,2,0,1498.0,88.5
2017,50000.0,25000,2,2,0,1197.0,81.86
2016,22000.0,20000,2,2,0,999.0,67.0
2006,12100.0,70000,2,2,1,1799.0,130.0
2017,35000.0,50000,1,2,0,1396.0,69.01
2011,28000.0,100000,1,2,1,1396.0,90.0
2020,91999.9,20000,2,2,0,1198.0,108.5
2011,32000.0,155000,1,2,0,1396.0,90.0
2012,14000.0,70000,1,2,2,1399.0,68.0
2012,31000.0,25000,1,2,1,1248.0,88.8
2006,6500.0,120000,2,2,1,796.0,37.0
2013,30000.0,90000,1,2,0,1248.0,73.8
2015,50300.0,110000,1,2,0,2179.0,147.94
2013,22500.0,58343,2,2,0,998.0,67.05
2018,74000.0,38817,1,2,0,1248.0,74.0
2016,55000.0,56494,2,2,0,1199.0,88.7
2013,75000.0,79328,1,2,1,2494.0,100.6
2019,65000.0,5621,2,1,0,1197.0,81.8
2017,62500.0,25538,2,2,0,1496.0,88.73
2018,60000.0,69779,2,1,0,1197.0,81.8
2017,45000.0,56290,1,2,0,1186.0,73.97
2019,77900.0,7032,2,1,0,1199.0,88.76
2016,64500.0,11000,2,1,0,1598.0,103.5
2011,57500.0,110000,1,2,1,2179.0,140.0
2014,44000.0,110000,1,2,1,2179.0,138.03
2012,38000.0,100000,1,2,1,1248.0,74.0
2010,14000.0,116700,2,2,2,1368.0,90.0
2015,47500.0,25000,1,2,0,1248.0,74.0
2010,40000.0,176062,1,2,0,1248.0,75.0
2015,50999.9,82000,1,2,0,1498.0,98.6
2010,27500.0,80000,2,2,0,1086.0,68.05
2017,65000.0,40000,1,2,1,1248.0,73.74
2014,65000.0,129000,1,2,0,1461.0,108.45
2016,36000.0,60000,1,2,1,1248.0,91.7
2018,65000.0,82000,1,1,0,1498.0,108.62
2017,67500.0,50000,1,2,1,1248.0,73.74
2006,5000.0,40000,2,2,2,796.0,37.0
2017,44500.0,39500,2,2,0,1197.0,81.8
2018,75000.0,40000,1,2,0,1396.0,88.76
2012,42500.0,56000,1,2,1,1248.0,74.0
2017,85000.0,54000,1,2,0,1396.0,88.73
2016,40000.0,20000,2,2,1,998.0,67.04
2014,20000.0,55896,1,2,1,1396.0,69.0
2016,55000.0,35000,1,2,0,1498.0,98.6
2012,25000.0,97000,2,2,1,1198.0,86.8
2014,20600.0,120000,2,2,1,796.0,47.3
2014,29000.0,50000,2,2,0,814.0,55.2
2010,4500.0,30400,2,2,2,624.0,35.0
2012,22000.0,110000,1,2,2,1461.0,84.8
2010,17000.0,100000,2,2,0,796.0,46.3
2010,26000.0,120000,1,2,1,1248.0,75.0
2012,31500.0,130000,1,2,1,1598.0,103.6
2011,22500.0,76000,2,2,1,998.0,67.1
2012,42000.0,110000,1,2,2,1968.0,138.1
2011,52500.0,96000,1,2,0,2179.0,120.0
2018,67000.0,90000,1,1,0,1248.0,74.0
2012,22000.0,110000,1,2,2,1461.0,84.8
2013,25000.0,25000,1,2,0,1399.0,68.1
2009,22999.9,90000,1,2,1,1248.0,73.9
2009,22999.9,164000,1,2,1,1248.0,73.9
2013,30000.0,120000,2,2,1,1198.0,86.7
2010,16500.0,66000,2,2,1,998.0,66.1
2011,36000.0,157000,1,2,1,1582.0,126.3
2011,38000.0,157000,1,2,1,1582.0,126.3
2017,30000.0,35000,2,2,0,999.0,67.0
2008,32000.0,100000,1,2,1,2609.0,116.6
2016,32500.0,70000,2,2,1,1198.0,67.0
2010,16000.0,30000,1,2,1,1248.0,88.8
2018,63000.0,40000,1,2,0,1493.0,70.0
2020,60000.0,5000,2,2,0,1197.0,81.8
2014,22999.9,30000,2,2,1,796.0,47.3
2014,44000.0,70000,1,2,1,1248.0,74.0
2007,9000.0,60000,2,2,1,995.0,62.0
2017,75000.0,60000,1,2,0,1248.0,88.5
2012,33000.0,80000,2,2,1,1497.0,116.3
2016,71500.0,70000,1,2,1,1248.0,88.5
2013,25000.0,150000,1,2,1,1199.0,75.0
2007,12000.0,150000,2,2,1,1061.0,64.0
2017,85000.0,35000,1,1,1,1498.0,108.6
2018,45000.0,48000,1,2,0,1186.0,73.97
2015,60000.0,135000,1,2,0,1248.0,74.0
2016,28000.0,110000,1,2,1,1248.0,73.74
2012,46500.0,146000,1,2,1,1582.0,126.32
2018,35000.0,44000,2,2,0,796.0,47.3
2013,32500.0,70000,2,2,0,1197.0,78.9
2006,11000.0,120000,2,2,2,796.0,46.3
2013,22000.0,80000,1,2,0,1396.0,69.0
2015,51500.0,60000,1,2,0,2523.0,62.1
2018,75000.0,40000,2,2,0,1373.0,91.1
2018,35000.0,25000,2,2,0,814.0,55.2
2019,48899.9,15000,2,2,0,1197.0,81.86
2017,30000.0,27000,2,2,0,796.0,47.3
2017,65000.0,35000,1,2,1,1248.0,74.0
2014,25000.0,40000,2,2,0,998.0,66.1
2014,20000.0,40000,2,2,2,796.0,47.3
2012,20000.0,120000,1,2,0,1396.0,69.0
2016,27600.0,60000,2,2,0,998.0,68.05
2014,25000.0,40000,2,2,0,814.0,55.2
2008,9500.0,80000,2,2,1,796.0,46.3
2011,20000.0,70000,1,2,1,1396.0,70.0
2012,45000.0,100000,1,2,1,1582.0,126.32
2010,20000.0,175000,1,2,0,1396.0,69.0
2010,20000.0,70000,2,2,1,1197.0,78.9
2011,37000.0,91863,1,2,1,2523.0,62.1
2008,25000.0,100000,2,2,0,1193.0,65.0
2016,29000.0,10000,2,2,0,799.0,53.3
2018,90000.0,35000,1,2,0,1248.0,88.5
2013,32500.0,120000,1,2,1,1399.0,68.1
2016,42500.0,30000,2,2,0,1197.0,82.0
2016,31500.0,60000,2,2,0,799.0,53.3
2014,30000.0,70000,2,2,0,998.0,67.05
2013,32500.0,70000,2,2,1,1197.0,78.9
2016,90000.0,130000,1,2,0,1396.0,88.7
2016,95000.0,133000,1,2,0,1396.0,88.7
2010,32000.0,120000,1,2,2,1598.0,103.6
2019,50000.0,20000,2,2,0,999.0,75.0
2012,29000.0,25000,2,2,0,1196.0,70.0
2012,6000.0,90000,2,2,0,624.0,37.48
2009,12000.0,140000,2,2,2,998.0,66.1
2017,85000.0,103000,1,2,0,1498.0,97.9
2015,60000.0,128000,1,2,0,1498.0,98.6
2015,62000.0,33000,1,2,0,1498.0,88.8
2009,15000.0,70000,2,2,1,796.0,46.3
2011,15000.0,40000,2,2,2,1086.0,62.0
2008,13500.0,40000,2,2,2,1396.0,99.6
2011,20000.0,80000,1,2,0,1405.0,71.0
2015,73000.0,70000,1,2,0,1248.0,88.5
2013,80000.0,100000,1,2,0,2494.0,100.6
2009,30000.0,90000,1,2,1,2498.0,112.0
2012,19000.0,112000,1,2,1,1399.0,68.0
2011,35000.0,50000,2,2,0,1799.0,132.0
2015,50999.9,62000,1,2,1,1120.0,71.0
2012,40000.0,90000,1,2,0,1248.0,88.76
2013,80000.0,80000,1,2,0,2494.0,100.0
2013,25000.0,50000,1,2,0,1248.0,88.8
2016,93000.0,47552,1,2,1,1582.0,126.2
2016,72000.0,40000,1,2,1,1248.0,88.5
2011,22500.0,15000,2,2,0,1196.0,70.0
2019,95000.0,20000,1,2,0,1498.0,98.96
2018,53000.0,52000,2,2,0,1197.0,81.86
2016,47000.0,70000,2,2,0,1197.0,81.83
2017,65000.0,110000,1,2,0,2523.0,63.0
2014,54000.0,77500,1,2,1,2179.0,138.1
2015,45999.9,100000,1,2,1,1248.0,74.0
2019,32500.0,14700,2,2,0,799.0,53.3
2016,24000.0,40000,2,2,0,796.0,34.2
2017,40000.0,32000,2,2,1,1198.0,82.0
2009,25000.0,80000,2,2,0,1298.0,85.8
2018,72000.0,25000,1,2,0,1248.0,74.02
2015,59000.0,50000,1,2,0,1248.0,74.0
2015,43400.0,120000,1,2,0,2499.0,72.4
2006,14500.0,170000,1,2,0,2523.0,63.0
2018,44500.0,19700,2,2,0,1198.0,82.0
2011,19100.0,70000,4,2,0,1086.0,62.1
2018,37200.0,50000,1,2,2,1498.0,99.0
2007,15000.0,60000,2,2,2,1458.625015808777,91.51791898382203
2015,30000.0,140000,1,2,0,1399.0,68.05
2017,52000.0,40000,2,2,0,1199.0,84.0
2014,19000.0,70000,2,2,2,796.0,47.3
2018,31000.0,7000,2,2,0,999.0,67.0
2016,75000.0,110000,1,1,0,1493.0,100.0
2019,35000.0,15000,2,2,0,998.0,67.05
2020,36000.0,5000,2,2,0,796.0,47.3
2017,28500.0,5000,2,2,0,799.0,53.3
2013,16000.0,70000,2,2,1,796.0,47.3
2015,22999.9,60000,2,2,1,1198.0,67.0
2007,8500.0,120000,2,2,2,796.0,46.3
2018,30000.0,7000,2,2,0,999.0,67.0
2014,67500.0,120000,1,2,0,2179.0,120.0
2014,70000.0,145241,1,2,0,2179.0,120.0
2008,40000.0,110000,1,2,0,2609.0,116.6
2016,25499.9,30000,2,2,2,799.0,53.3
2013,39000.0,100000,1,2,0,1248.0,74.0
2015,45000.0,80000,1,2,0,1364.0,67.04
2017,72500.0,50000,1,2,0,1248.0,88.5
2013,46600.0,95500,1,2,1,2179.0,138.1
2017,37000.0,40000,2,2,1,1196.0,86.8
2007,15000.0,70000,2,2,2,1061.0,64.0
2017,48300.0,15000,2,2,0,998.0,67.04
2016,47000.0,10000,2,2,0,1197.0,82.0
2018,95000.0,25000,1,2,0,1248.0,88.5
2013,45000.0,50000,2,2,2,1591.0,121.3
2011,34500.0,70000,2,2,0,1496.0,88.7
2009,30000.0,60000,2,2,0,998.0,66.1
2007,16000.0,74800,2,2,1,998.0,67.1
2020,50000.0,40000,2,2,0,1193.0,88.7
2017,45500.0,50000,1,2,0,1186.0,73.97
2013,16500.0,45000,2,2,1,814.0,55.2
2016,47000.0,23700,2,2,0,1197.0,81.8
2016,47000.0,23700,2,2,0,1197.0,81.8
2014,22999.9,53473,2,2,0,998.0,67.05
2011,25000.0,100000,1,2,1,2523.0,63.0
2013,22000.0,80000,2,2,0,1086.0,62.1
2015,36000.0,120000,1,2,0,1120.0,71.0
2018,35000.0,40000,2,2,0,998.0,67.05
2012,50000.0,70000,1,2,0,1582.0,126.32
2013,14500.0,90000,1,2,2,936.0,57.6
2014,30000.0,51000,2,2,0,1199.0,82.5
2010,18000.0,87000,1,2,0,1458.625015808777,91.51791898382203
2009,18000.0,87000,2,2,1,1495.0,94.0
2006,20000.0,120000,1,2,1,1458.625015808777,91.51791898382203
2013,53000.0,40000,1,2,0,1248.0,74.0
2014,62000.0,90000,1,2,1,1461.0,108.45
2015,36000.0,110000,2,2,2,1496.0,88.73
2010,24500.0,86000,2,2,1,1086.0,62.1
2009,37000.0,120000,1,2,0,1458.625015808777,91.51791898382203
2014,65000.0,140000,1,2,1,1498.0,89.75
2019,61000.0,18000,2,2,0,1197.0,81.8
2015,30000.0,24000,2,2,0,998.0,67.05
2014,42500.0,60000,1,2,0,1120.0,70.0
2012,45000.0,150000,1,2,2,1582.0,126.32
2011,45000.0,108000,1,2,0,1582.0,126.3
2011,34000.0,60000,2,1,2,1197.0,78.9
2013,65000.0,90000,1,2,0,1248.0,88.76
2009,16000.0,70000,1,2,0,1396.0,69.0
2014,25000.0,120000,1,2,0,1405.0,70.0
2012,22500.0,100000,1,2,2,936.0,57.6
2007,5500.0,75958,1,2,1,1396.0,52.8
2012,25000.0,100000,1,2,1,1458.625015808777,91.51791898382203
2007,8000.0,110000,1,2,2,1405.0,62.0
2016,50000.0,40000,2,2,0,1197.0,83.14
2016,50000.0,70000,1,2,0,1498.0,99.0
2011,40000.0,60000,1,2,0,1248.0,74.0
2013,55000.0,90000,1,2,0,2523.0,62.1
2007,20000.0,70000,1,2,1,2179.0,138.1
2012,28000.0,65000,2,2,0,1197.0,78.9
2014,58000.0,88000,1,2,0,1248.0,74.0
2009,10000.0,80000,1,2,2,1248.0,90.0
2014,55000.0,60000,1,2,0,2523.0,75.0
2017,70000.0,38000,1,2,0,1493.0,100.0
2010,15000.0,80000,2,2,2,1368.0,90.0
2014,19000.0,60000,2,2,1,814.0,55.2
2013,50000.0,110000,1,2,0,2523.0,62.1
2017,64000.0,110000,1,2,0,1248.0,74.0
2011,34000.0,145000,1,2,0,1199.0,75.0
2019,81100.0,43000,1,2,0,1396.0,88.76
2016,40999.9,120000,1,2,0,1248.0,73.94
2007,22000.0,136000,2,2,1,1298.0,88.2
2013,17000.0,120000,1,2,1,1405.0,48.21
2018,70000.0,25000,2,2,0,1197.0,81.86
2015,50300.0,110000,1,2,0,2179.0,147.94
2013,22500.0,58343,2,2,0,998.0,67.05
2018,74000.0,38817,1,2,0,1248.0,74.0
2016,55000.0,56494,2,2,0,1199.0,88.7
2013,75000.0,79328,1,2,1,2494.0,100.6
2019,65000.0,5621,2,1,0,1197.0,81.8
2017,62500.0,25538,2,2,0,1496.0,88.73
2018,60000.0,69779,2,1,0,1197.0,81.8
2017,45000.0,56290,1,2,0,1186.0,73.97
2019,77900.0,7032,2,1,0,1199.0,88.76
2016,64500.0,11000,2,1,0,1598.0,103.5
2014,42000.0,120000,1,2,1,1248.0,74.0
2018,89900.0,35000,1,2,0,1248.0,88.5
2019,45999.9,35000,2,2,0,1198.0,67.0
2008,15000.0,120000,1,2,1,1493.0,110.0
2017,35000.0,25000,2,2,0,999.0,67.0
2015,50999.9,100000,1,2,1,1364.0,67.05
2013,50000.0,120000,1,2,2,2523.0,62.1
2017,37000.0,35000,2,2,0,1193.0,88.7
2013,24000.0,44000,2,2,1,998.0,67.1
2015,53000.0,100000,1,2,1,1396.0,88.73
2014,35000.0,64000,2,2,0,1197.0,78.9
2011,22000.0,70000,2,2,0,1197.0,80.0
2015,35000.0,100000,2,2,0,1197.0,82.0
2013,37000.0,90000,1,2,1,1248.0,74.0
2014,22000.0,50000,2,2,0,1298.0,85.8
2013,20000.0,80000,1,2,0,1248.0,76.9
2017,40000.0,50000,1,2,0,1198.0,77.0
2009,15000.0,55000,2,2,0,1368.0,88.7
2011,13000.0,70000,2,2,1,796.0,35.0
2013,18500.0,80000,2,2,1,796.0,47.3
2010,11000.0,80000,2,2,1,1086.0,62.1
2012,45000.0,120000,1,2,0,2523.0,62.1
2018,50000.0,20000,2,2,1,1197.0,81.86
2017,57000.0,31596,2,2,0,1497.0,121.36
2013,65000.0,85710,1,2,0,2179.0,140.0
2018,25000.0,10000,2,2,0,799.0,53.64
2014,32000.0,15000,2,2,0,1197.0,78.9
2017,44000.0,35000,2,1,0,998.0,67.0
2013,31500.0,49000,2,2,1,1197.0,82.85
2007,10000.0,70000,2,2,2,1458.625015808777,91.51791898382203
2010,20299.9,158000,1,2,0,1248.0,90.0
2012,17900.0,30000,2,2,1,814.0,55.2
2008,14000.0,60000,2,2,1,1197.0,78.9
2008,15000.0,40000,2,2,1,1061.0,64.0
2011,44000.0,60000,1,2,1,2523.0,63.0
2011,25000.0,55130,1,2,1,1399.0,68.0
2014,33000.0,22000,2,2,0,998.0,67.04
2010,25000.0,48000,2,2,0,1196.0,70.0
2012,33500.0,45000,2,2,0,1197.0,82.85
2016,102500.0,22522,1,2,0,2179.0,140.0
2012,32000.0,51856,2,2,2,1197.0,80.0
2015,55000.0,29434,2,2,0,1373.0,91.1
2018,80000.0,25000,1,2,0,1498.0,98.6
2017,38000.0,28000,2,2,1,1199.0,84.0
2013,40000.0,44500,1,2,1,1461.0,83.8
2016,37500.0,34500,2,2,0,998.0,67.04
2017,110000.0,20000,2,1,0,1497.0,117.6
2018,65000.0,15000,2,2,0,1197.0,81.83
2014,36100.0,26000,2,1,0,1198.0,76.0
2012,14000.0,20000,2,2,0,814.0,55.2
2019,55000.0,3000,2,2,0,1197.0,81.86
2019,67000.0,20000,2,2,0,1199.0,88.76
2017,88000.0,25000,1,2,0,1248.0,88.5
2018,95000.0,35000,1,2,0,1498.0,98.96
2010,30000.0,60000,1,2,0,1991.0,147.9
2015,45000.0,155000,1,1,0,1998.0,163.7
2018,37500.0,50000,3,2,0,1196.0,61.7
2016,60000.0,13500,2,2,0,1373.0,91.1
2018,60000.0,65000,1,2,0,1186.0,73.97
2014,63000.0,95000,1,2,1,2179.0,118.3
2016,59000.0,40000,2,2,1,1373.0,91.1
2019,42000.0,30000,2,2,0,1086.0,68.0
2013,54100.0,112011,1,2,0,2179.0,138.1
2015,90000.0,125000,1,2,0,2494.0,100.6
2015,90000.0,125000,1,2,0,2494.0,100.6
2009,25000.0,43000,1,2,0,1248.0,90.0
2019,67000.0,53534,1,2,0,2523.0,62.1
2019,53000.0,20000,2,2,0,1199.0,83.81
2012,15000.0,70000,1,2,1,936.0,57.6
2013,55000.0,70000,1,2,2,2179.0,140.0
2015,65000.0,150000,1,2,0,1997.0,120.0
2012,18000.0,100000,1,2,1,1405.0,70.0
2015,58500.0,50000,1,2,0,2498.0,105.0
2013,34500.0,120000,2,2,1,1197.0,82.85
2013,35000.0,110000,1,2,2,1248.0,74.0
2016,72500.0,140000,2,2,0,1497.0,117.3
2012,25000.0,120000,1,2,0,1405.0,70.0
2017,32500.0,16500,2,2,1,999.0,67.0
2016,35000.0,9900,2,2,0,998.0,67.05
2012,18000.0,80000,2,2,2,796.0,46.3
2010,15000.0,100000,2,2,1,1368.0,90.0
2020,70000.0,20000,2,2,0,1197.0,88.5
2016,79500.0,90000,1,2,0,1248.0,88.5
2019,95000.0,15000,1,2,0,2498.0,105.0
2018,88500.0,75000,1,1,0,1498.0,108.5
2011,16000.0,140000,1,2,0,1248.0,73.9
2012,30000.0,120000,1,2,1,1396.0,90.0
2018,95000.0,75000,1,1,0,1498.0,108.5
2015,54900.0,90000,1,2,0,1248.0,88.76
2012,57000.0,100000,1,2,1,1461.0,78.0
2017,80000.0,60000,1,2,1,2498.0,105.0
2009,37500.0,100000,1,2,0,1493.0,110.0
2009,30000.0,170000,1,2,2,2523.0,63.0
2013,35000.0,100000,2,2,1,1496.0,88.73
2011,40000.0,120000,1,2,1,2523.0,63.0
2015,43499.9,50000,1,2,0,1498.0,88.8
2012,20000.0,120000,2,2,1,1458.625015808777,91.51791898382203
2015,26000.0,25000,2,2,0,796.0,47.3
2013,45000.0,24019,1,2,0,1248.0,74.0
2013,45999.9,80000,1,2,1,1582.0,126.32
2011,21000.0,100000,1,2,1,1248.0,73.9
2015,54000.0,93000,2,2,1,1197.0,83.14
2017,71000.0,50000,1,2,0,1248.0,88.5
2018,28500.0,22000,2,2,0,796.0,47.3
2019,99000.0,19600,1,2,0,1396.0,88.7
2017,36200.0,104000,2,2,0,1193.0,64.1
2017,88000.0,33000,1,2,0,1498.0,98.96
2017,70000.0,60000,1,2,0,1493.0,100.0
2016,60000.0,60000,1,2,0,2523.0,63.0
2015,70000.0,40000,2,2,0,1598.0,102.5
2016,40000.0,60000,1,2,0,1047.0,69.0
2010,16500.0,80000,4,2,0,1495.0,93.7
2014,42500.0,80000,2,2,2,1373.0,93.7
2012,18000.0,70000,2,2,0,1086.0,62.1
2012,17000.0,90000,2,2,2,998.0,67.1
2014,37000.0,183000,1,2,0,2523.0,63.0
2018,80000.0,27000,1,2,0,1248.0,88.5
2017,90000.0,35000,1,2,0,1498.0,98.96
2013,39000.0,120000,1,2,0,1248.0,74.0
2014,44500.0,80000,1,2,1,1248.0,74.0
2014,45999.9,70000,1,2,2,1248.0,74.0
2013,27500.0,55000,4,2,0,998.0,61.7
2009,20000.0,120000,1,2,1,1248.0,73.9
2012,35000.0,72000,2,2,1,1197.0,85.8
2007,9500.0,120000,1,2,1,2092.0,127.0
2016,90000.0,100000,1,2,0,2499.0,72.4
2013,35000.0,120000,1,2,1,2956.0,83.83
2015,32500.0,50000,2,1,0,1198.0,76.0
2014,45599.9,32000,2,2,0,1197.0,82.0
2008,12900.0,60000,2,2,0,796.0,46.3
2017,25400.0,40000,2,2,0,796.0,47.3
2014,57000.0,48000,1,2,0,1498.0,98.96
2018,84000.0,30000,1,2,0,1461.0,83.14
2010,23500.0,100000,1,2,1,2179.0,138.1
2016,70000.0,50000,1,2,0,1493.0,100.0
2010,14000.0,40000,2,2,1,1458.625015808777,91.51791898382203
2018,52800.0,5000,2,2,0,1197.0,81.86
2016,56000.0,72000,1,2,0,2523.0,63.0
2016,60000.0,70000,1,2,0,2523.0,63.0
2007,10200.0,50000,2,2,1,1150.0,74.9
2014,75000.0,70000,1,2,1,2179.0,140.0
2010,14800.0,70000,2,2,2,1150.0,76.0
2015,65000.0,50000,2,2,0,1197.0,83.1
2012,31000.0,40000,2,2,0,1198.0,73.9
2014,48000.0,30000,2,2,0,1197.0,82.0
2018,32000.0,15000,2,2,0,796.0,47.3
2015,75000.0,40000,2,2,0,1497.0,117.3
2017,37000.0,40000,2,2,0,1198.0,67.04
2013,32000.0,60000,2,2,2,1197.0,85.8
2013,42000.0,67000,2,2,0,1197.0,85.8
2010,24000.0,60000,2,2,1,1298.0,85.8
2017,22000.0,60000,2,2,0,999.0,67.0
2016,35000.0,30000,2,2,0,1199.0,84.0
2018,67500.0,40000,1,2,0,1498.0,98.6
2016,43499.9,50000,2,2,1,1197.0,78.8
2016,40000.0,14000,2,2,1,1198.0,82.0
2015,42500.0,70000,1,2,0,2499.0,72.4
2010,31100.0,94000,1,2,1,1248.0,75.0
2015,53000.0,79000,1,2,1,1498.0,99.0
2008,21000.0,120000,1,2,1,1896.0,66.0
2019,97700.0,30000,1,2,0,1497.0,121.0
2018,44000.0,20000,2,2,0,998.0,67.04
2018,44000.0,17000,2,2,0,998.0,67.04
2018,65500.0,20000,2,2,0,1197.0,81.83
2016,29500.0,60000,2,2,0,799.0,53.3
2018,65500.0,20000,2,2,0,1197.0,81.83
2007,6500.0,70000,2,2,2,1086.0,66.6
2010,20000.0,60000,1,2,0,1396.0,69.0
2016,75000.0,40000,1,2,0,1396.0,88.73
2018,40000.0,60000,3,2,0,998.0,58.16
2017,47500.0,57000,2,2,0,1198.0,86.7
2012,11000.0,120000,1,2,1,1405.0,70.0
2017,35000.0,30000,2,2,0,999.0,67.0
2016,45000.0,175000,1,2,0,1248.0,74.0
2010,15000.0,90000,1,2,0,1405.0,70.0
2009,8000.0,110000,1,2,1,1396.0,53.5
2015,43000.0,35000,2,2,1,1197.0,81.83
2011,36000.0,100000,1,2,0,1991.0,147.9
2016,67000.0,60000,1,2,0,1498.0,98.6
2010,17500.0,83000,2,2,1,1458.625015808777,91.51791898382203
2015,44000.0,50000,1,2,0,1498.0,98.6
2012,25499.9,90000,1,2,0,1396.0,90.0
2018,53000.0,65000,2,2,0,1198.0,67.05
2016,89000.0,40000,1,2,1,1997.0,140.0
2013,28000.0,80000,1,2,1,1199.0,73.9
2017,72500.0,35000,2,1,0,1197.0,81.8
2016,70000.0,30000,1,2,0,1493.0,100.0
2007,9000.0,70000,2,2,0,998.0,67.1
2015,28700.0,100000,2,2,1,1086.0,68.05
2013,75000.0,80000,1,2,1,2494.0,100.6
2016,65000.0,40000,2,2,0,1396.0,105.5
2013,24000.0,108916,2,2,1,998.0,67.04
2013,29000.0,40000,2,2,1,814.0,55.2
2014,22999.9,80000,2,2,0,814.0,55.2
2016,100000.0,50000,1,2,1,1498.0,98.6
2012,20000.0,90000,2,2,1,1086.0,62.1
2012,33000.0,90000,1,2,0,1396.0,90.0
2009,20000.0,70000,1,2,0,1248.0,73.9
2018,42000.0,31000,1,2,0,1198.0,77.0
2009,26000.0,120000,1,2,1,1248.0,73.9
2016,59000.0,40000,2,2,0,1197.0,81.83
2015,54500.0,180000,1,2,0,1248.0,74.0
2011,21000.0,90000,2,2,1,998.0,67.1
2008,18500.0,110000,2,2,1,1497.0,78.0
2006,12500.0,59000,2,2,1,998.0,67.1
2014,28000.0,60000,2,2,1,814.0,55.2
2009,10000.0,190000,1,2,0,1405.0,71.0
2013,25000.0,180000,1,2,0,1461.0,64.1
2007,16000.0,130000,1,2,1,1991.0,123.7
2013,50999.9,120000,1,1,1,1582.0,126.3
2009,9500.0,80000,1,2,1,1396.0,52.8
2014,52500.0,80000,1,2,1,1582.0,126.32
2017,27800.0,20000,2,2,0,999.0,67.0
2011,25499.9,120000,1,2,2,1199.0,73.9
2019,67500.0,10000,2,2,0,1197.0,81.8
2016,60000.0,147000,1,2,1,1248.0,74.0
2018,95000.0,51000,1,2,0,1248.0,88.5
2007,22999.9,60000,2,2,2,1497.0,78.0
2017,33000.0,20000,2,2,0,796.0,47.3
2017,35000.0,40000,2,2,0,998.0,67.05
2016,56000.0,35000,2,2,0,1199.0,74.0
2017,44000.0,30000,2,2,0,998.0,67.04
2011,22000.0,90000,2,2,1,998.0,66.1
2017,75000.0,110000,1,2,1,1248.0,74.02
2015,80000.0,140000,1,2,0,2179.0,140.0
2007,5925.9,104000,1,2,1,1396.0,53.5
2018,74000.0,9000,2,1,0,1197.0,83.1
2019,57000.0,19000,2,1,1,1197.0,81.8
2017,43000.0,20000,2,1,0,998.0,67.0
2016,80000.0,70000,1,2,0,1248.0,88.5
2015,45000.0,53000,1,2,0,1120.0,70.0
2013,42000.0,105000,1,2,1,1248.0,74.0
2015,75000.0,16000,1,2,0,2523.0,63.0
2019,78000.0,7200,2,2,0,998.0,100.5
2011,32000.0,77000,1,2,1,1199.0,73.9
2017,69000.0,40000,1,2,0,1198.0,77.0
2012,37500.0,70000,1,2,1,1248.0,73.9
2017,62000.0,50000,2,2,0,1196.0,86.8
2015,30000.0,85000,4,2,0,1086.0,62.1
2016,37000.0,58000,2,2,1,1196.0,73.0
2013,77000.0,85000,1,2,0,2498.0,105.0
2014,50000.0,65000,2,2,0,1197.0,81.86
2017,45000.0,120000,1,2,0,1198.0,77.0
2013,19500.0,50000,2,2,1,1086.0,62.1
2018,47200.0,30000,2,1,0,998.0,67.0
2014,25000.0,58000,2,2,1,998.0,67.05
2011,16500.0,70000,1,2,1,936.0,57.6
2018,52500.0,110000,1,2,1,1248.0,88.7
2013,32500.0,100000,1,2,0,1248.0,88.8
2017,66000.0,60000,1,2,1,1493.0,70.0
2014,31000.0,90000,1,2,1,1399.0,67.0
2014,33000.0,100000,1,2,1,1399.0,67.0
2012,25000.0,80000,1,2,1,1399.0,68.0
2017,65000.0,60000,1,1,0,1493.0,100.0
2016,30500.0,40000,2,2,0,998.0,67.05
2015,60000.0,50000,1,2,0,1248.0,88.5
2015,28000.0,110000,2,2,0,998.0,67.04
2011,15300.0,50000,1,2,1,1396.0,70.0
2018,70000.0,30000,1,2,0,1493.0,100.0
2017,32500.0,40000,2,2,0,799.0,53.3
2016,30500.0,40000,2,2,0,998.0,67.05
2006,15500.0,70000,2,2,1,796.0,37.0
2012,23500.0,80000,2,2,2,998.0,67.1
2016,50000.0,15000,2,2,0,1197.0,81.8
2009,15500.0,63000,2,2,2,1458.625015808777,91.51791898382203
2016,67500.0,88000,1,1,0,1498.0,103.52
2018,105100.0,59865,1,2,0,2179.0,152.87
2016,59100.0,60000,1,2,0,1498.0,108.5
2015,58500.0,72000,1,2,0,1396.0,88.73
2017,102500.0,68140,2,1,0,1497.0,117.6
2014,45000.0,53190,1,2,0,1248.0,74.0
2014,48499.9,70100,1,2,0,1396.0,88.73
2018,65000.0,47725,1,2,0,1498.0,98.6
2014,43499.9,70195,1,2,1,1248.0,74.02
2011,19500.0,77395,1,2,1,1399.0,68.0
2019,100000.0,17000,1,2,0,1497.0,121.0
2013,65000.0,64000,1,1,0,1498.0,113.42
2014,19000.0,74321,1,2,0,936.0,56.3
2013,40999.9,80235,1,2,1,1248.0,74.02
2015,65100.0,69000,1,1,0,1498.0,108.6
2015,65000.0,57000,1,2,0,1248.0,88.5
2017,75000.0,89000,1,2,0,1498.0,103.6
2010,35500.0,116000,1,2,0,1896.0,66.0
2015,60000.0,80000,1,2,0,1582.0,126.32
2018,68500.0,26000,1,2,0,1248.0,74.0
2018,50999.9,100000,1,2,0,1248.0,74.0
2012,15000.0,82300,3,2,1,796.0,38.4
2017,65000.0,82050,1,2,0,1248.0,73.9
2012,40000.0,74500,1,2,0,1458.625015808777,91.51791898382203
2018,31900.0,30000,2,1,0,999.0,67.0
2019,64000.0,6000,2,2,0,1199.0,88.76
2017,65000.0,30000,2,2,0,1197.0,81.83
2015,65000.0,70000,1,2,0,1248.0,88.76
2010,15500.0,70000,3,2,1,796.0,38.4
2015,65000.0,70000,1,2,0,1248.0,88.76
2008,17500.0,120000,1,2,0,1248.0,75.0
2014,37500.0,76000,1,2,2,1120.0,70.0
2014,43000.0,80000,1,2,1,1120.0,70.0
2008,6500.0,110000,1,2,1,1396.0,53.5
2009,15000.0,70000,2,2,2,1495.0,94.0
2019,62000.0,13000,2,2,0,1197.0,81.86
2013,25000.0,60000,2,2,1,1596.0,99.6
2011,27500.0,165000,1,2,0,1248.0,73.9
2013,45400.0,120000,1,2,1,2499.0,72.4
2017,60000.0,30000,1,2,1,1493.0,100.0
2011,40000.0,100000,1,2,1,1598.0,103.6
2007,18000.0,187000,1,2,1,1461.0,65.0
2016,75000.0,70000,1,2,0,1248.0,88.5
2016,50000.0,40000,2,2,0,1197.0,81.8
2019,84000.0,1500,2,1,0,1199.0,88.7
2017,74000.0,24400,1,2,0,1248.0,74.0
2020,77500.0,2000,2,2,0,1197.0,81.86
2017,69500.0,34000,1,2,0,1461.0,83.8
2018,73000.0,31000,2,1,0,1197.0,81.86
2018,54000.0,7000,2,2,0,1086.0,68.0
2018,91000.0,20000,1,2,0,2596.0,80.8
2015,85000.0,59235,1,2,0,1582.0,126.2
2014,52000.0,48000,1,2,0,1498.0,98.6
2018,65000.0,114000,1,2,0,2489.0,93.7
2011,43000.0,120000,1,2,1,1248.0,73.9
2013,36000.0,144000,1,2,0,1396.0,88.8
2013,35000.0,144000,1,2,0,1396.0,88.8
2016,79100.0,190000,1,2,0,1248.0,88.5
2019,69000.0,20000,1,2,0,1248.0,74.0
2017,86000.0,40000,1,2,1,1582.0,126.2
2012,37100.0,100000,1,2,0,1248.0,73.9
2008,4500.0,60000,1,2,1,1405.0,68.0
2011,24000.0,110000,1,2,0,1598.0,103.6
2014,49500.0,77215,1,2,1,1248.0,74.0
2015,67100.0,48228,2,2,0,1199.0,88.7
2017,69300.0,58559,1,2,0,1248.0,74.0
2010,35200.0,72179,1,2,0,1458.625015808777,91.51791898382203
2016,80299.9,50856,1,2,0,1498.0,98.6
2017,89000.0,18300,2,2,0,1497.0,117.3
2015,49500.0,59292,1,2,0,1248.0,74.0
2018,54500.0,10000,2,1,0,998.0,67.04
2018,77500.0,21147,2,1,0,1197.0,83.1
2017,92500.0,69000,1,2,0,1498.0,97.9
2018,79000.0,16000,1,1,0,1248.0,74.0
2017,62000.0,37000,2,2,0,1197.0,81.8
2016,37500.0,61173,1,2,0,793.0,47.0
2016,59500.0,77321,1,2,0,1458.625015808777,91.51791898382203
2014,85000.0,75000,1,2,0,2179.0,140.0
2017,75000.0,51000,2,1,0,1197.0,81.8
2018,77500.0,17000,2,2,0,1197.0,81.8
2008,26000.0,100000,1,2,1,1248.0,75.0
2017,30000.0,10000,2,2,0,814.0,55.2
2017,38000.0,50000,2,2,0,998.0,67.04
2017,48000.0,60000,2,2,0,1197.0,81.86
2016,24000.0,35000,2,2,1,796.0,47.3
2014,50000.0,33400,2,2,0,1396.0,105.5
2015,42000.0,36000,2,2,0,1197.0,83.11
2011,13000.0,180000,1,2,1,1399.0,68.0
2012,11000.0,80000,2,2,0,998.0,67.1
2007,12000.0,120000,2,2,1,796.0,46.3
2017,70000.0,80000,1,1,0,1248.0,74.02
2018,55000.0,120000,1,2,0,1248.0,74.02
2014,19000.0,110000,1,2,1,1405.0,69.01
2018,66500.0,70000,1,2,0,1364.0,67.04
2014,44500.0,120000,1,2,1,2489.0,93.7
2012,34000.0,92686,1,2,1,1396.0,88.76
2009,33000.0,180000,1,2,0,1991.0,142.0
2012,27000.0,80000,1,2,0,1248.0,88.76
2009,27900.0,117000,1,2,0,1248.0,75.0
2018,62000.0,15000,2,2,0,1194.0,94.93
2007,25000.0,100000,1,2,1,1896.0,122.4
2012,47500.0,83000,2,1,0,1591.0,121.3
2016,75000.0,67600,1,1,0,1998.0,163.7
2014,25000.0,80000,2,2,1,814.0,55.2
2013,44500.0,100000,1,2,0,1498.0,98.6
2010,40000.0,100000,1,2,0,1896.0,105.0
2010,35000.0,90000,1,2,1,1396.0,90.0
2012,29500.0,140000,1,2,0,1598.0,103.5
2018,60000.0,25000,2,2,0,1197.0,81.8
2012,10000.0,30000,2,2,0,796.0,37.0
2018,69000.0,13000,2,2,0,1194.0,94.93
2018,71000.0,42000,2,2,0,1197.0,81.83
2018,35000.0,10000,2,2,1,998.0,68.05
2012,22000.0,13000,2,2,0,998.0,67.1
2019,70000.0,6500,2,2,0,999.0,72.0
2013,19800.0,49500,2,2,1,814.0,55.2
2011,35000.0,50000,1,2,0,1396.0,90.0
2011,21000.0,175000,1,2,1,1396.0,70.0
2011,21000.0,175000,1,2,1,1396.0,69.0
2014,37500.0,110000,1,2,2,1248.0,73.94
2012,38000.0,112048,2,2,1,1298.0,85.8
2010,36000.0,98000,2,2,2,1497.0,118.0
2016,62000.0,120000,1,2,0,2499.0,72.4
2018,78000.0,116000,1,2,0,1364.0,67.05
2020,44500.0,1000,2,2,0,1197.0,81.8
2018,57500.0,15000,2,1,0,1197.0,81.86
2018,97500.0,5000,1,2,0,1248.0,88.5
2019,45000.0,3500,2,2,0,1199.0,83.83
2009,19800.0,91000,2,2,1,1458.625015808777,91.51791898382203
2017,49500.0,56000,1,2,0,1498.0,99.0
2010,30000.0,70000,1,2,2,1458.625015808777,91.51791898382203
2013,30000.0,120000,1,2,1,1248.0,73.94
2017,48000.0,30400,2,2,0,1198.0,86.8
2017,95000.0,24000,1,2,0,1498.0,98.6
2017,84000.0,30646,2,2,0,1497.0,117.3
2017,80000.0,15000,1,2,0,1582.0,126.2
2017,75000.0,50000,1,2,0,1498.0,108.6
2017,25499.9,34000,2,2,0,814.0,55.2
2016,72500.0,54000,1,2,1,1248.0,88.5
2012,14500.0,120000,2,2,0,1199.0,79.4
2018,75000.0,15000,2,2,0,1198.0,108.5
2017,65500.0,50000,1,1,0,1498.0,108.495
2011,21000.0,84000,1,2,1,1399.0,68.0
2011,45000.0,50000,2,2,0,1497.0,118.0
2019,46600.0,25000,2,1,2,1086.0,68.0
2018,62400.0,14681,1,2,0,1458.625015808777,91.51791898382203
2015,58000.0,52000,1,2,0,1498.0,99.0
2019,43000.0,18500,2,2,0,1086.0,68.0
2012,15500.0,50000,1,2,0,1396.0,69.0
2017,24000.0,35000,2,2,0,999.0,67.0
2016,54000.0,15500,2,2,0,1496.0,88.73
2013,25000.0,120000,1,2,0,1396.0,69.0
2012,26000.0,60000,1,2,0,1396.0,69.0
2011,55000.0,80000,1,2,1,2179.0,120.0
2014,55000.0,43011,2,2,0,999.0,123.37
2015,60000.0,136000,1,2,0,1461.0,108.45
2017,55000.0,15000,1,2,0,1498.0,99.0
2011,37000.0,110000,1,2,1,2523.0,63.0
2008,25000.0,100000,2,2,1,1086.0,68.05
2010,20000.0,110000,1,2,0,1405.0,71.0
2017,67500.0,127991,1,2,0,1498.0,98.6
2010,29000.0,65000,2,2,0,1193.0,64.1
2018,88900.0,20000,1,2,0,1248.0,88.5
2016,40000.0,60000,2,2,0,1198.0,73.75
2018,39000.0,13120,2,2,0,799.0,53.3
2014,60000.0,125000,1,2,0,1582.0,126.32
2018,80000.0,25000,2,1,0,1197.0,81.86
2013,60000.0,120000,1,2,2,1248.0,88.8
2015,79500.0,35000,2,2,0,1591.0,121.3
2016,73500.0,25000,1,2,0,1396.0,88.73
2018,40000.0,25000,2,1,0,999.0,67.0
2015,60000.0,125000,1,2,0,1461.0,83.8
2014,39500.0,140000,1,2,0,2489.0,95.0
2016,72000.0,80000,1,2,0,1396.0,88.73
2011,45000.0,110000,2,2,2,1497.0,116.4
2018,70000.0,25000,2,2,0,1196.0,86.8
2020,50000.0,1000,2,2,0,1086.0,68.07
2007,12500.0,60000,2,2,1,796.0,37.0
2015,69000.0,80000,1,2,0,1461.0,83.8
2013,17000.0,110000,2,2,1,1193.0,65.3
2010,27500.0,110000,1,2,2,1248.0,91.7
2019,80299.9,24000,1,2,0,1248.0,74.02
2013,47000.0,150000,1,2,0,1248.0,74.0
2015,30000.0,60000,2,2,0,799.0,53.3
2014,60000.0,116000,1,2,0,1461.0,108.45
2013,27500.0,104300,1,2,0,1399.0,68.1
2018,70000.0,30000,1,2,0,1198.0,77.0
2020,80000.0,25000,1,2,0,1498.0,108.62
2007,24500.0,121000,1,2,1,1493.0,110.0
2010,31000.0,120000,1,2,1,1493.0,110.0
2007,24500.0,120000,1,2,1,1493.0,110.0
2011,45000.0,110000,2,2,0,1198.0,73.9
2013,85000.0,84000,1,1,1,1968.0,138.03
2013,40999.9,100000,1,2,2,1248.0,74.0
2016,59000.0,34000,1,2,1,1120.0,71.0
2008,17500.0,163000,1,2,2,1399.0,68.0
2011,30000.0,119000,1,2,1,1991.0,123.7
2019,111000.0,10500,1,2,0,1498.0,97.9
2013,32500.0,155000,1,2,1,1598.0,103.6
2010,32500.0,163000,1,2,0,1399.0,68.0
2008,28000.0,75000,2,2,0,1497.0,78.0
2008,16000.0,56000,2,2,2,1458.625015808777,91.51791898382203
2016,76500.0,80000,1,2,0,1498.0,98.6
2014,64000.0,120000,1,2,1,1498.0,98.6
2007,6500.0,120000,1,2,2,1396.0,52.8
2007,19500.0,175000,1,2,1,1896.0,66.0
2017,29500.0,15000,2,2,0,796.0,47.3
2012,62500.0,100000,1,2,1,1248.0,74.0
2009,16000.0,80000,2,2,1,998.0,67.1
2015,33000.0,84000,2,2,1,998.0,67.04
2010,18000.0,50000,2,2,1,1196.0,70.0
2012,15000.0,35000,2,2,1,796.0,35.0
2011,30000.0,30000,2,2,0,1086.0,68.05
2018,73000.0,2388,2,2,0,1197.0,81.83
2017,65000.0,16200,1,2,0,1248.0,88.5
2019,33000.0,10000,3,2,1,796.0,40.3
2019,36600.0,15000,2,2,0,998.0,67.1
2016,15000.0,42000,2,2,0,1198.0,67.0
2013,18700.0,120000,2,2,1,1086.0,62.1
2011,42500.0,60000,1,2,1,2179.0,138.03
2012,15000.0,76000,2,2,0,796.0,37.0
2018,62000.0,15000,2,2,0,1194.0,94.93
2007,25000.0,100000,1,2,1,1896.0,122.4
2012,47500.0,83000,2,1,0,1591.0,121.3
2016,75000.0,67600,1,1,0,1998.0,163.7
2014,25000.0,80000,2,2,1,814.0,55.2
2013,44500.0,100000,1,2,0,1498.0,98.6
2010,40000.0,100000,1,2,0,1896.0,105.0
2010,35000.0,90000,1,2,1,1396.0,90.0
2012,29500.0,140000,1,2,0,1598.0,103.5
2018,60000.0,25000,2,2,0,1197.0,81.8
2012,10000.0,30000,2,2,0,796.0,37.0
2018,69000.0,13000,2,2,0,1194.0,94.93
2018,71000.0,42000,2,2,0,1197.0,81.83
2018,35000.0,10000,2,2,1,998.0,68.05
2012,22000.0,13000,2,2,0,998.0,67.1
2019,70000.0,6500,2,2,0,999.0,72.0
2013,19800.0,49500,2,2,1,814.0,55.2
2011,35000.0,50000,1,2,0,1396.0,90.0
2016,65000.0,35000,2,2,1,1197.0,83.1
2015,38000.0,120000,1,2,1,1461.0,65.0
2014,36000.0,50000,2,2,1,1193.0,88.7
2012,38500.0,116000,2,2,0,1598.0,103.5
2012,59000.0,110000,1,2,1,1582.0,126.32
2013,75000.0,70000,1,2,1,2179.0,140.0
2011,25499.9,100000,1,2,2,1248.0,75.0
2015,49900.0,20000,2,2,0,1197.0,81.86
2018,73000.0,60000,1,1,0,1248.0,74.02
2016,65000.0,30000,1,2,1,1498.0,98.6
2012,22000.0,75000,1,2,0,1461.0,63.12
2006,22999.9,110000,2,2,2,1458.625015808777,91.51791898382203
2006,21500.0,90000,2,2,2,1458.625015808777,91.51791898382203
2006,10000.0,110000,1,2,2,1405.0,62.0
2009,15200.0,48000,1,2,1,1405.0,71.0
2020,60000.0,5000,2,1,0,1197.0,81.8
2016,62000.0,120000,1,2,0,2499.0,72.4
2018,78000.0,116000,1,2,0,1364.0,67.05
2020,44500.0,1000,2,2,0,1197.0,81.8
2018,57500.0,15000,2,1,0,1197.0,81.86
2018,97500.0,5000,1,2,0,1248.0,88.5
2019,45000.0,3500,2,2,0,1199.0,83.83
2015,48000.0,80000,1,2,0,1498.0,99.0
2008,11000.0,48676,2,2,0,796.0,35.0
2006,10500.0,60000,2,2,2,1458.625015808777,91.51791898382203
2014,41500.0,72000,2,2,0,1197.0,81.83
2015,47500.0,51000,2,2,0,1197.0,81.8
2017,52500.0,29000,2,2,0,1197.0,81.8
2015,36500.0,28000,2,2,0,1197.0,81.8
2011,37500.0,97000,1,2,0,1248.0,74.0
2018,76500.0,59000,1,2,0,1248.0,74.02
2019,77000.0,27000,1,2,0,1248.0,74.02
2018,35000.0,30000,2,2,0,799.0,53.3
2015,87500.0,70000,1,2,0,1997.0,120.0
2014,78000.0,69000,1,2,0,2179.0,140.0
2018,99000.0,15000,1,2,0,1248.0,88.5
2019,80000.0,35700,1,2,0,1248.0,74.02
2012,35000.0,120000,1,2,2,1582.0,126.32
2013,32500.0,120000,1,2,0,1199.0,73.9
2013,36000.0,80000,1,2,0,1199.0,73.9
2010,14800.0,120000,2,2,0,998.0,67.1
2017,67000.0,36000,1,2,0,1248.0,74.0
2014,43099.9,120000,1,2,0,1364.0,67.04
2017,26000.0,9000,2,2,0,796.0,34.2
2012,7000.0,50000,2,2,1,624.0,37.48
2019,30000.0,35000,2,2,0,999.0,67.0
2011,15000.0,130000,1,2,1,2498.0,112.0
2010,26000.0,70000,1,2,0,1399.0,68.0
2012,32000.0,90000,1,2,2,1248.0,73.9
2018,70000.0,35000,2,2,0,1198.0,108.5
2012,41500.0,80000,2,2,0,1198.0,73.9
2008,26000.0,120000,1,2,1,1248.0,75.0
2011,7000.0,80000,2,2,0,624.0,35.0
2015,51500.0,30000,2,2,0,1197.0,78.9
2016,80399.9,60000,1,2,0,1582.0,126.2
2017,93400.0,101000,1,2,0,1498.0,98.59
2007,21000.0,110000,1,2,0,1399.0,68.0
2012,55000.0,74000,1,2,2,1998.0,163.7
2015,70000.0,22700,2,2,0,1199.0,88.7
2016,52500.0,45000,2,2,0,1197.0,82.0
2011,25000.0,36000,2,2,1,1196.0,73.0
2015,57500.0,57000,1,2,1,1248.0,74.0
2018,54000.0,33000,1,2,0,1047.0,69.0
2012,56000.0,59000,2,2,0,1373.0,93.7
2011,24000.0,80000,2,2,1,1196.0,70.0
2012,30000.0,70000,4,2,0,995.0,60.2
2018,28000.0,50000,2,2,0,799.0,53.64
2011,35000.0,118000,1,2,1,1248.0,73.9
2018,98000.0,20000,1,2,0,1497.0,108.5
2018,96999.9,21871,1,2,0,1497.0,108.5
2016,35700.0,120000,1,2,0,1198.0,77.0
2014,28000.0,100000,1,2,0,1405.0,70.0
2012,43000.0,50000,1,2,0,2523.0,62.1
2014,21700.0,50000,1,2,0,1458.625015808777,91.51791898382203
2015,25000.0,70000,2,2,0,796.0,47.3
2016,52500.0,80000,1,2,0,1248.0,73.74
2018,50000.0,25000,2,2,0,1199.0,84.0
2019,100000.0,60000,1,2,0,2179.0,120.0
2017,31600.0,25000,2,2,0,796.0,47.3
2018,35000.0,50000,2,2,0,796.0,47.3
2018,95000.0,14000,1,2,0,1497.0,108.5
2013,47500.0,76000,1,2,0,2523.0,62.1
2016,60000.0,139000,1,2,0,1493.0,100.0
2014,43000.0,100000,2,2,0,1598.0,103.2
2013,39500.0,35000,2,1,1,1598.0,103.5
2008,15000.0,120000,1,2,0,1948.0,68.0
2013,70000.0,37659,1,2,0,1248.0,88.8
2012,25000.0,89000,1,2,1,1248.0,73.94
2013,68000.0,37500,1,2,1,1248.0,88.8
2018,50000.0,5000,2,1,0,1199.0,84.0
2013,42000.0,21000,2,2,0,1197.0,81.86
2017,29000.0,10000,2,2,1,998.0,67.05
2017,75000.0,30000,1,2,0,1248.0,74.02
2015,30000.0,19800,2,2,0,1196.0,73.0
2011,25000.0,90000,1,2,2,1248.0,73.9
2014,33500.0,33033,2,2,0,1198.0,86.8
2015,46500.0,63063,2,1,0,1197.0,82.0
2007,10000.0,70000,2,2,1,1061.0,67.0
2007,10000.0,80000,2,2,1,1061.0,64.0
2013,55000.0,120000,1,2,2,1248.0,88.76
2012,34100.0,120000,1,2,0,1248.0,73.9
2017,60000.0,50000,1,2,0,1186.0,73.97
2014,65000.0,167000,1,2,0,1498.0,98.6
2008,7552.7,80000,2,2,0,995.0,63.0
2014,21500.0,100000,1,2,1,1396.0,69.01
2017,65000.0,60000,1,2,0,1248.0,88.5
2017,90000.0,50000,1,2,0,1461.0,108.45
2014,50000.0,17000,2,2,0,1197.0,81.83
2017,55000.0,46000,2,2,0,1197.0,83.1
2015,47500.0,60000,1,2,0,1248.0,74.0
2015,42500.0,60000,1,2,0,1120.0,71.0
2012,47699.9,90000,1,2,2,1364.0,87.2
2011,15000.0,40000,2,2,1,995.0,62.0
2011,22500.0,90000,2,2,0,796.0,46.3
2010,19000.0,80000,2,2,0,796.0,46.3
2011,40000.0,70000,1,2,1,2523.0,63.0
2018,90000.0,12000,1,2,0,2498.0,105.0
2016,55000.0,56494,2,2,0,1199.0,88.7
2013,75000.0,79328,1,2,1,2494.0,100.6
2019,77900.0,7032,2,1,0,1199.0,88.76
2017,96999.9,26500,1,2,0,2179.0,147.94
2019,74000.0,35000,1,2,0,1493.0,70.0
2018,40000.0,15000,2,2,0,1198.0,82.0
2018,43000.0,14000,2,2,0,998.0,67.04
2017,35200.0,68850,2,2,0,998.0,67.1
2016,25299.9,45775,2,2,0,1199.0,84.0
2012,8000.0,70000,2,2,1,995.0,62.1
2015,31300.0,68203,2,2,0,998.0,67.05
2014,38000.0,30000,2,2,1,1197.0,81.86
2018,35000.0,25000,2,2,0,799.0,53.3
2016,60000.0,90000,1,2,1,1461.0,83.8
2011,8800.0,97343,1,2,0,1248.0,90.0
2008,16000.0,70000,2,2,2,796.0,35.0
2008,12500.0,70000,2,2,2,1458.625015808777,91.51791898382203
2014,29000.0,31000,2,2,0,1197.0,78.9
2014,65000.0,70000,1,2,0,2179.0,120.0
2015,38000.0,20000,3,2,0,1196.0,61.7
2014,18000.0,62000,2,2,0,814.0,55.2
2008,7500.0,29000,2,2,0,796.0,37.0
2012,13200.0,82507,1,2,0,2179.0,138.03
2010,11000.0,60000,2,2,1,1199.0,79.4
2018,39000.0,10000,2,2,0,998.0,67.05
2015,55000.0,70000,2,2,0,1197.0,81.83
2008,7000.0,59400,2,2,2,796.0,37.0
2013,27500.0,20000,2,2,0,814.0,55.2
2009,25000.0,125876,2,2,1,1586.0,104.68
2011,25000.0,90000,1,2,1,2179.0,118.35
2014,32500.0,65204,2,1,0,998.0,67.04
2018,65500.0,15732,2,1,0,1197.0,81.8
2019,89000.0,13000,1,2,0,2523.0,63.0
2018,52500.0,33000,2,2,0,1197.0,81.8
2014,30000.0,100000,2,2,0,1086.0,68.05
2018,92500.0,28900,2,2,0,1497.0,117.3
2017,67500.0,49523,2,2,0,1497.0,118.0
2018,74500.0,48000,1,2,0,1248.0,88.5
2018,83500.0,17000,1,2,0,1248.0,88.5
2019,69500.0,36800,1,2,0,1498.0,88.0
2018,72500.0,36521,1,2,0,1248.0,88.5
2017,62000.0,90000,2,2,0,1197.0,81.8
2014,33500.0,71000,1,2,0,1461.0,84.8
2011,47500.0,108000,1,2,0,2179.0,140.0
2015,48499.9,75000,1,2,0,1461.0,83.8
2015,61000.0,33000,2,2,0,1373.0,91.1
2019,30000.0,35000,2,2,0,999.0,67.0
2018,65000.0,22000,2,2,1,1462.0,103.25
2015,85000.0,108000,1,2,0,1582.0,126.2
2012,26700.0,40000,2,2,0,1197.0,78.9
2013,21500.0,47000,2,2,1,814.0,55.2
2017,28200.0,15000,2,2,0,796.0,47.3
2012,61000.0,90000,1,2,0,2494.0,102.0
2018,90000.0,35000,1,2,0,2498.0,105.0
2015,80000.0,70000,1,2,0,1997.0,120.0
2013,38000.0,110000,1,2,1,1396.0,88.76
2012,45000.0,120000,1,2,1,2179.0,120.0
2011,24200.0,120000,1,2,0,1248.0,88.8
2017,35000.0,35000,2,2,1,799.0,53.3
2018,40000.0,22000,2,2,0,1199.0,84.0
2017,40000.0,70000,2,2,0,998.0,67.04
2013,24600.0,56000,1,2,0,1248.0,74.0
2014,22100.0,65000,1,2,0,1405.0,69.01
2013,70000.0,62000,1,2,0,2499.0,141.0
2017,55000.0,49000,1,2,0,1186.0,73.97
2015,55000.0,50000,1,2,1,1248.0,88.5
2013,37500.0,65000,1,2,0,1248.0,74.0
2015,39100.0,55000,1,2,0,1120.0,71.0
2014,52500.0,78000,1,2,1,2179.0,147.9
2007,21200.0,58000,1,2,1,1493.0,110.0
2011,22100.0,56000,1,2,1,936.0,57.6
2010,26500.0,61000,1,2,1,1248.0,91.7
2013,39900.0,61000,1,2,1,1461.0,84.8
2008,17500.0,61000,1,2,1,1493.0,110.0
2011,41100.0,64481,1,2,1,1598.0,103.5
2011,36500.0,65000,1,2,1,1598.0,103.6
2015,49900.0,61000,1,2,1,1461.0,84.8
2009,14500.0,30000,2,2,0,995.0,62.0
2016,28000.0,100000,2,2,0,998.0,68.05
2011,45000.0,95000,1,1,1,2179.0,120.0
2006,15000.0,140000,2,2,2,1497.0,78.0
2017,60000.0,70000,2,2,0,1497.0,117.3
2016,27500.0,60000,2,2,0,799.0,53.3
2010,11000.0,88000,1,2,0,1248.0,90.0
2013,27500.0,80000,2,2,2,1498.0,97.7
2014,45500.0,40000,1,2,0,1248.0,74.0
2015,90000.0,50000,1,2,0,1582.0,126.2
2014,45500.0,40000,1,2,0,1248.0,74.0
2017,65000.0,47000,1,2,1,1498.0,98.6
2018,55100.0,20000,2,2,1,1197.0,81.86
2017,65000.0,49060,1,2,0,1498.0,108.495
2015,60000.0,60000,2,2,0,1197.0,81.83
2013,23500.0,18000,2,2,0,796.0,47.3
2018,80000.0,37161,1,2,0,1498.0,89.84
2016,105000.0,80000,1,2,0,1582.0,126.2
2012,4500.0,28000,2,2,1,624.0,37.5
2013,45000.0,100000,2,1,1,1591.0,121.3
2014,39100.0,120000,1,2,1,1498.0,88.8
2013,38000.0,70000,1,2,1,1248.0,73.8
2010,17000.0,90000,2,2,1,1061.0,67.0
2011,25000.0,90000,1,2,1,2179.0,118.35
2014,70000.0,24000,1,2,0,2498.0,105.0
2016,45000.0,100000,1,2,1,1498.0,98.6
2018,65000.0,6000,2,2,0,1198.0,82.0
2019,60000.0,10000,2,1,0,1197.0,81.8
2019,29000.0,21000,2,2,0,799.0,53.3
2013,21500.0,25000,2,2,0,998.0,67.1
2016,25000.0,22000,2,2,0,799.0,53.3
2017,75000.0,50000,1,2,0,1248.0,88.5
2016,25000.0,20000,2,2,1,998.0,67.05
2017,95000.0,15000,2,1,0,1497.0,117.3
2018,79300.0,30000,1,2,0,1498.0,99.0
2015,75000.0,74000,1,2,0,1582.0,126.2
2017,72500.0,6550,2,1,0,1199.0,88.7
2016,48000.0,30000,1,2,0,1120.0,70.0
2015,50300.0,110000,1,2,0,2179.0,147.94
2013,22500.0,58343,2,2,0,998.0,67.05
2018,74000.0,38817,1,2,0,1248.0,74.0
2016,55000.0,56494,2,2,0,1199.0,88.7
2013,75000.0,79328,1,2,1,2494.0,100.6
2019,65000.0,5621,2,1,0,1197.0,81.8
2017,62500.0,25538,2,2,0,1496.0,88.73
2018,60000.0,69779,2,1,0,1197.0,81.8
2017,45000.0,56290,1,2,0,1186.0,73.97
2019,77900.0,7032,2,1,0,1199.0,88.76
2016,64500.0,11000,2,1,0,1598.0,103.5
2017,99000.0,20000,2,1,0,1591.0,121.3
2012,37000.0,68000,1,2,0,1248.0,74.0
2014,30000.0,60175,2,2,0,1199.0,82.5
2012,25000.0,25000,2,2,0,814.0,55.2
2017,70000.0,49957,1,2,0,1498.0,99.0
2017,60000.0,43235,1,2,0,1498.0,99.0
2018,92500.0,50699,1,2,0,1498.0,98.59
2016,70000.0,111000,1,2,1,1396.0,88.73
2018,70000.0,48000,2,2,1,998.0,100.5
2007,18500.0,90000,1,2,2,1248.0,75.0
2015,43499.9,80000,1,2,0,2956.0,83.83
2017,40000.0,100000,2,2,0,1196.0,86.8
2011,18000.0,90000,1,2,2,1399.0,68.0
2015,60000.0,50000,1,2,0,1248.0,74.0
2014,32000.0,90000,1,2,2,1364.0,67.06
2011,25000.0,140000,2,1,1,1598.0,103.6
2019,65000.0,20000,2,2,0,1199.0,83.81
2009,34000.0,82000,2,2,1,1798.0,138.0
2008,20000.0,80000,1,2,2,1995.0,52.0
2017,86999.9,40000,1,2,0,1248.0,88.5
2017,79500.0,120000,1,2,0,1248.0,88.5
2017,86999.9,60000,1,2,0,1248.0,88.5
2010,20000.0,70000,1,2,1,1248.0,73.9
2017,80000.0,45500,1,2,1,1582.0,126.2
2008,11499.9,100000,2,2,1,796.0,46.3
2013,50000.0,92000,1,2,2,1248.0,88.76
2014,70000.0,141000,1,2,2,1248.0,74.0
2016,20000.0,35000,2,2,0,799.0,53.64
2015,45000.0,50000,2,2,0,1198.0,86.7
2018,85000.0,9500,1,2,0,1497.0,108.5
2019,35900.0,5500,2,2,0,1196.0,73.0
2017,32000.0,28000,2,2,0,799.0,53.3
2009,11000.0,113000,2,2,0,1193.0,65.3
2011,20900.0,1,3,2,2,1196.0,73.0
2010,16900.0,100000,2,2,1,1368.0,90.0
2014,40000.0,50074,1,2,0,1120.0,70.0
2014,60000.0,100000,1,2,2,1396.0,88.73
2017,35000.0,35000,2,2,0,1196.0,73.0
2018,99000.0,60000,1,2,0,1498.0,98.96
2017,74500.0,10000,2,1,0,1197.0,83.1
2015,50000.0,35000,1,2,0,1248.0,74.0
2019,54000.0,5000,2,1,0,1197.0,81.8
2017,60000.0,27000,1,2,0,1248.0,74.0
2018,69000.0,25000,2,2,0,1194.0,94.68
2016,63000.0,30154,1,2,0,1248.0,74.0
2018,64000.0,20000,2,2,0,1197.0,81.86
2016,50000.0,100000,2,2,0,1197.0,81.8
2017,31000.0,54000,2,2,0,796.0,47.3
2015,60000.0,80000,1,2,0,1493.0,100.0
2018,62000.0,70000,1,2,0,1186.0,73.97
2018,76000.0,50000,1,2,0,1248.0,74.0
2018,120000.0,40000,1,2,0,1582.0,126.2
2018,76000.0,50000,1,2,0,1248.0,74.0
2012,30000.0,45000,2,2,0,1197.0,78.9
2019,50000.0,5000,2,2,0,1199.0,84.0
2012,12000.0,70000,2,2,2,1199.0,79.4
2017,35000.0,26263,2,2,0,814.0,55.2
2016,35000.0,100000,2,2,1,1198.0,82.0
2018,105000.0,18000,1,2,0,1461.0,108.45
2013,55000.0,80000,1,2,0,1493.0,113.42
2016,67500.0,108000,1,2,0,1248.0,88.5
2017,62500.0,25000,2,2,0,1197.0,81.8
2019,47500.0,5000,2,1,0,998.0,67.0
2014,55000.0,105000,1,2,0,1498.0,98.96
2012,32000.0,40000,2,2,0,1197.0,85.8
2014,53000.0,90000,1,2,0,1248.0,74.0
2018,30000.0,30000,2,2,0,796.0,47.3
2018,118000.0,5500,2,2,0,1497.0,117.6
2012,19000.0,65000,2,2,0,814.0,55.2
2014,73000.0,60000,1,2,0,1582.0,126.32
2015,53000.0,120000,1,2,0,1248.0,74.0
2019,53000.0,9500,2,2,0,1196.0,86.8
2019,102500.0,32000,1,2,0,1248.0,88.5
2009,13000.0,60000,2,2,0,796.0,46.3
2017,73500.0,70000,1,2,0,1493.0,100.0
2007,12000.0,120000,2,2,1,1086.0,63.0
2018,105000.0,18000,1,2,0,1461.0,108.45
2013,55000.0,80000,1,2,0,1493.0,113.42
2016,67500.0,108000,1,2,0,1248.0,88.5
2017,62500.0,25000,2,2,0,1197.0,81.8
2019,47500.0,5000,2,1,0,998.0,67.0
2014,55000.0,105000,1,2,0,1498.0,98.96
2012,32000.0,40000,2,2,0,1197.0,85.8
2014,53000.0,90000,1,2,0,1248.0,74.0
2018,30000.0,30000,2,2,0,796.0,47.3
2018,118000.0,5500,2,2,0,1497.0,117.6
2012,19000.0,65000,2,2,0,814.0,55.2
2014,73000.0,60000,1,2,0,1582.0,126.32
2015,53000.0,120000,1,2,0,1248.0,74.0
2019,53000.0,9500,2,2,0,1196.0,86.8
2019,102500.0,32000,1,2,0,1248.0,88.5
2017,47000.0,50000,2,2,0,1197.0,82.0
2014,25000.0,50000,1,2,1,1396.0,69.01
2013,43000.0,90000,2,2,0,1373.0,93.7
2012,55000.0,93000,1,2,0,1248.0,88.76
2015,50000.0,117000,2,2,0,1197.0,83.14
2008,24000.0,90000,2,2,1,1497.0,78.0
2008,17000.0,80000,2,2,2,1298.0,88.2
2016,25200.0,30000,2,2,0,796.0,47.3
2017,27000.0,35000,2,2,0,796.0,47.3
2015,35000.0,46357,2,2,1,998.0,67.04
2011,24000.0,80000,2,2,1,1388.0,68.0
2016,62000.0,7000,1,2,0,1461.0,83.8
2016,65000.0,85000,1,2,0,1499.0,98.96
2018,95000.0,70000,1,2,0,1582.0,126.2
2017,66000.0,56000,1,2,0,1248.0,74.0
2012,36000.0,90000,1,2,1,1396.0,88.76
2017,38200.0,40000,2,2,0,998.0,67.1
2006,14500.0,80000,2,2,1,1458.625015808777,91.51791898382203
2011,27000.0,60000,2,2,1,1086.0,68.05
2015,65000.0,70000,1,2,0,1396.0,88.73
2011,20000.0,170000,1,2,1,1399.0,68.0
2015,40000.0,95000,1,2,0,793.0,47.0
2012,41600.0,90000,1,2,1,1248.0,74.0
2018,75000.0,35000,1,2,0,1248.0,74.0
2013,19000.0,120000,1,2,1,1248.0,74.0
2008,6000.0,120000,1,2,2,1396.0,52.8
2013,30000.0,90000,2,2,1,998.0,67.1
2007,6500.0,120000,1,2,2,1396.0,53.5
2012,27000.0,108000,1,2,1,1399.0,67.0
2014,60000.0,70000,1,2,0,2523.0,62.1
2012,19500.0,35000,2,2,1,814.0,55.2
2008,10000.0,120000,1,2,0,1396.0,69.0
2012,22000.0,67000,2,2,1,1197.0,78.9
2016,32000.0,46737,2,2,0,796.0,47.3
2014,24000.0,30000,2,2,0,1199.0,76.8
2011,13000.0,70000,2,2,1,1172.0,65.0
2015,60000.0,160000,1,2,0,1461.0,108.45
2018,31000.0,20000,2,2,0,796.0,47.3
2018,43200.0,30000,2,2,0,998.0,67.04
2012,17500.0,90000,1,2,2,1405.0,70.0
2016,77000.0,100000,1,2,1,1248.0,88.5
2011,13500.0,110048,2,2,2,998.0,67.1
2018,68000.0,26000,1,2,0,1186.0,73.97
2007,9000.0,110000,2,2,2,1061.0,67.0
2007,10000.0,60000,2,2,2,1150.0,76.0
2006,12000.0,70000,2,2,2,796.0,46.3
2017,75000.0,20171,1,1,0,1461.0,108.5
2017,52500.0,37151,1,2,0,1498.0,98.6
2015,64900.0,39000,2,2,0,1497.0,117.3
2010,21000.0,44500,2,2,0,1198.0,74.0
2016,52600.0,15000,2,2,0,1199.0,88.7
2016,59900.0,39000,2,2,0,1496.0,120.69
2015,50000.0,58161,2,2,0,1497.0,117.3
2011,32500.0,40000,2,2,0,1497.0,117.6
2016,57500.0,55161,2,2,0,1497.0,117.3
2012,24500.0,30000,2,2,0,1198.0,86.8
2016,62500.0,55000,2,2,0,1497.0,117.3
2013,58000.0,50000,2,1,0,2354.0,177.6
2018,117500.0,14000,2,2,0,1591.0,121.3
2015,57500.0,9599,2,2,0,1497.0,117.3
2017,60000.0,35000,2,2,0,1197.0,80.0
2016,75000.0,16151,2,2,0,1497.0,117.3
2016,89000.0,40000,2,1,0,1591.0,121.3
2015,60000.0,28161,2,2,0,1497.0,117.3
2010,11499.9,60000,2,2,1,995.0,62.0
2010,14000.0,60000,2,2,1,995.0,62.0
2011,36000.0,100000,1,2,2,2179.0,115.0
2017,58000.0,165000,1,2,0,1458.625015808777,91.51791898382203
2017,50000.0,130000,2,2,1,1197.0,85.8
2015,40999.9,60000,1,2,0,1498.0,98.6
2014,45000.0,82000,1,2,1,1461.0,83.8
2014,40000.0,20000,2,2,0,1197.0,82.0
2013,29500.0,60000,2,2,2,1586.0,103.2
2014,56000.0,90000,1,2,1,1248.0,88.5
2006,15000.0,50000,2,2,2,1061.0,64.0
2011,11499.9,100000,2,2,1,995.0,62.0
2007,9017.7,129000,1,2,2,1405.0,70.0
2010,30000.0,100000,1,2,0,2179.0,138.1
2007,12500.0,110000,1,2,2,1399.0,68.0
2008,30000.0,100000,1,2,1,1991.0,147.9
2017,45000.0,20000,2,2,0,1197.0,81.86
2011,30000.0,40000,1,2,0,1991.0,147.9
2018,47000.0,30000,2,1,0,998.0,67.04
2015,33000.0,25000,2,2,0,1193.0,88.7
2018,39000.0,25000,2,2,1,998.0,67.04
2011,4600.0,25000,2,2,1,624.0,35.0
2013,50999.9,170000,1,2,0,1461.0,83.8
2010,12500.0,40000,2,2,1,1368.0,90.0
2017,78000.0,28000,1,2,0,1396.0,88.73
2011,45000.0,100000,1,2,0,1582.0,126.3
2012,20000.0,80868,2,2,2,1368.0,88.8
2012,26000.0,194000,1,2,0,1399.0,68.0
2009,25000.0,151000,1,2,1,1248.0,75.0
2018,88000.0,65000,1,2,0,1498.0,98.96
2009,30700.0,100000,1,2,1,1248.0,75.0
2013,75000.0,120000,1,2,0,2179.0,140.0
2018,80000.0,85000,1,2,1,1497.0,108.5
2012,45000.0,70000,1,2,0,1248.0,75.0
2011,45000.0,128000,1,2,1,1582.0,126.32
2006,13000.0,100000,2,2,1,1458.625015808777,91.51791898382203
2006,16000.0,70000,2,2,1,1497.0,100.0
2012,45000.0,128000,1,2,1,1582.0,126.32
2013,32500.0,100000,1,2,2,1461.0,83.8
2018,75000.0,24000,1,2,0,1498.0,98.63
2017,42500.0,12000,2,2,0,998.0,67.04
2014,42500.0,50000,1,2,0,1364.0,67.06
2018,74600.0,24000,1,2,0,1498.0,98.63
2010,42500.0,129000,1,2,0,2494.0,102.0
2011,20000.0,73000,2,2,0,796.0,46.3
2017,34000.0,45000,2,2,0,998.0,67.1
2015,62500.0,50000,1,2,0,1248.0,74.0
2013,38000.0,25000,2,2,0,1197.0,82.85
2017,36000.0,80000,2,2,0,998.0,67.04
2008,12000.0,191000,2,2,0,1086.0,62.1
2013,26000.0,50000,2,2,1,998.0,67.1
2014,47500.0,80000,1,2,1,1396.0,88.73
2013,32000.0,110000,2,2,0,1197.0,82.85
2007,13500.0,119000,1,2,2,1493.0,110.0
2009,38200.0,120000,1,2,0,1248.0,73.9
2013,29000.0,25000,1,2,0,1396.0,70.0
2013,29000.0,25000,1,2,0,1396.0,70.0
