year,selling_price,km_driven,fuel,transmission,owner,engine,max_power
2014,450000,145500,1,2,0,1248.0,74.0
2014,370000,120000,1,2,1,1498.0,103.52
2006,158000,140000,2,2,2,1497.0,78.0
2010,225000,127000,1,2,0,1396.0,90.0
2007,130000,120000,2,2,0,1298.0,88.2
2017,440000,45000,2,2,0,1197.0,81.86
2007,96000,175000,4,2,0,1061.0,57.5
2011,350000,90000,1,2,0,1364.0,67.1
2013,200000,169000,1,2,0,1399.0,68.1
2014,500000,68000,1,2,1,1461.0,108.45
2009,280000,140000,1,2,1,1248.0,73.9
2007,200000,80000,2,2,1,1458.625015808777,91.51791898382203
2009,180000,90000,2,2,1,1061.0,67.0
2016,400000,40000,2,2,0,1198.0,82.0
2016,778000,70000,1,2,1,1248.0,88.5
2012,500000,53000,1,2,1,1396.0,90.0
2016,680000,100000,1,2,0,1396.0,88.73
2011,174000,100000,1,2,1,1461.0,64.1
2017,950000,50000,1,2,0,1498.0,98.6
2015,525000,40000,1,2,0,1248.0,74.0
2012,600000,72000,1,2,0,1248.0,88.8
2018,500000,35000,2,2,0,1199.0,83.81
2016,575000,45000,2,2,0,1197.0,83.1
2017,275000,28000,2,2,0,796.0,47.3
2013,300000,70000,1,2,0,1248.0,73.8
2009,220000,120000,2,2,0,1061.0,67.0
2018,254999,25000,2,2,0,796.0,34.2
2017,670000,70000,1,2,0,1248.0,88.5
2012,150000,35000,2,2,1,796.0,35.0
2018,730000,2388,2,2,0,1197.0,81.83
2017,650000,16200,1,2,0,1248.0,88.5
2019,330000,10000,3,2,1,796.0,40.3
2019,366000,15000,2,2,0,998.0,67.1
2016,150000,42000,2,2,0,1198.0,67.0
2011,425000,60000,1,2,1,2179.0,138.03
2012,150000,76000,2,2,0,796.0,37.0
2018,925000,28900,2,2,0,1497.0,117.3
2013,425000,86300,2,2,0,1497.0,116.3
2018,675000,23300,2,1,0,1197.0,83.14
2018,819999,32600,1,2,0,1248.0,88.5
2018,390000,10300,2,2,0,998.0,67.05
2013,700000,99000,1,2,0,2494.0,100.0
2015,425000,49800,1,2,0,1498.0,98.63
2015,600000,54700,1,2,0,1498.0,98.6
2018,850000,64000,2,2,0,1462.0,103.25
2015,525000,63000,1,2,0,1498.0,98.6
2016,950000,99000,1,2,0,2494.0,100.6
2011,265000,120000,1,2,0,1248.0,88.8
2011,190000,110000,2,2,2,1197.0,78.9
2013,425000,60000,1,2,0,1396.0,88.76
2015,630000,147000,1,2,1,1248.0,74.0
2017,600000,25000,2,2,2,1196.0,86.8
2019,650000,30000,2,2,0,1197.0,83.1
2016,540000,40000,1,2,0,1498.0,108.495
2015,630000,135000,1,2,0,1498.0,98.6
2018,448000,30000,2,1,0,998.0,67.0
2017,500000,80000,1,2,0,1498.0,108.62
2016,745000,70000,1,2,0,1248.0,88.5
2011,235000,60000,2,2,1,1197.0,78.9
2016,630000,70000,1,2,0,1248.0,74.0
2013,450000,120000,1,2,1,1248.0,74.0
2012,450000,120000,2,2,1,1373.0,93.7
2013,450000,170000,1,2,0,1598.0,103.6
2015,610000,90000,1,2,0,1498.0,98.59
2017,484999,10000,2,2,0,998.0,67.04
2016,275000,49000,2,2,0,1198.0,67.05
2016,315000,32000,2,2,0,796.0,47.3
2016,275000,38000,2,2,0,796.0,47.3
2015,475000,78000,1,2,0,1458.625015808777,91.51791898382203
2012,290000,28000,2,2,0,1086.0,68.05
2017,280000,32000,2,2,0,796.0,35.0
2010,225000,44000,4,2,0,998.0,58.2
2015,455000,42000,2,2,0,1198.0,74.0
2015,351000,45000,2,2,1,1086.0,68.05
2012,535000,12000,2,2,1,1598.0,103.6
2009,175000,55500,2,2,0,998.0,67.1
2013,525000,61500,2,2,0,1197.0,82.85
2016,600000,150000,1,2,0,1248.0,74.0
2016,565000,72000,2,1,0,1197.0,82.0
2008,120000,68000,2,2,2,796.0,46.3
2017,725000,110000,1,2,0,1396.0,88.73
2009,185000,77000,2,2,1,998.0,67.05
2010,200000,100000,1,2,1,1248.0,90.0
2019,615000,10000,2,2,0,1197.0,81.8
2016,270000,100000,2,2,2,1196.0,73.0
2018,610000,35000,2,2,0,1197.0,83.1
2014,625000,70000,1,1,1,2179.0,120.0
2020,400000,5000,2,2,1,1194.0,94.68
2017,866000,37800,2,2,0,1591.0,121.3
2010,300000,48000,2,2,0,1172.0,65.0
2016,375000,100000,1,2,0,1405.0,69.01
2013,522000,150000,1,2,1,1582.0,126.32
2013,451999,69000,1,2,0,1396.0,88.76
2009,300000,100000,2,2,1,1798.0,138.1
2020,475000,13000,2,2,0,998.0,67.04
2016,780000,60000,1,2,0,1248.0,88.5
2017,595000,40000,2,2,0,1197.0,83.14
2017,440000,35000,2,2,0,998.0,67.04
2010,300000,120000,1,2,1,1458.625015808777,91.51791898382203
2014,400000,70000,1,2,2,1461.0,83.8
2017,850000,76139,1,2,0,1498.0,98.96
2012,370000,175000,1,2,2,1248.0,73.9
2018,350000,25000,2,2,0,999.0,67.0
2015,360000,40000,2,2,1,998.0,67.04
2008,105000,65000,2,2,2,796.0,46.3
2013,625000,90000,1,2,1,1248.0,88.76
2009,135000,80000,2,2,1,1086.0,62.1
2015,700000,110000,1,2,1,1248.0,88.76
2019,690000,1303,2,2,0,1198.0,86.7
2017,795000,41000,2,1,0,1497.0,117.6
2013,625000,39000,2,1,0,1798.0,138.03
2015,535000,40000,1,2,0,1248.0,88.5
2016,805000,49900,2,2,0,1797.0,147.5
2018,811000,11000,2,2,0,1198.0,108.5
2011,375000,49000,2,2,0,1598.0,103.6
2012,550000,95000,2,2,0,1797.0,147.5
2016,645000,11000,2,1,0,1598.0,103.5
2014,599000,46100,2,2,0,1373.0,93.7
2017,875000,18000,2,1,0,1497.0,116.3
2019,894999,9654,2,1,0,1197.0,81.8
2011,175000,11000,2,2,0,998.0,67.05
2012,340000,24300,2,2,0,1197.0,81.8
2018,1025000,8000,1,1,0,1497.0,108.5
2016,850000,20000,2,2,0,1373.0,91.1
2011,300000,100000,1,2,1,1598.0,103.6
2018,575000,9500,2,2,0,1196.0,86.8
2011,160000,120000,1,2,0,1399.0,68.0
2015,515000,36600,2,2,0,1197.0,81.8
2015,390000,50000,2,1,1,998.0,67.0
2016,550000,14000,2,2,1,1197.0,81.83
2010,220000,120000,1,2,0,1248.0,73.9
2015,425000,70000,2,2,0,1197.0,82.0
2019,480000,13000,2,2,0,999.0,75.0
2014,400000,60000,2,2,1,1197.0,82.0
2014,487000,35000,2,2,0,1197.0,85.8
2016,386000,44000,2,2,1,1197.0,82.0
2010,300000,60000,1,2,0,1364.0,87.2
2016,450000,15000,2,2,1,1198.0,82.0
2017,490000,90000,1,2,0,1248.0,74.0
2009,345000,47000,2,2,1,1497.0,118.0
2010,215000,120600,2,2,1,998.0,67.1
2010,320000,100000,2,2,2,1599.0,103.2
2016,459999,60000,2,2,1,1197.0,83.14
2020,720000,5000,2,2,0,1197.0,81.86
2017,800000,37000,1,2,0,1248.0,88.5
2019,520000,14000,2,2,0,1199.0,84.0
2015,580000,70000,1,2,0,1248.0,88.76
2012,235000,120000,1,2,0,1458.625015808777,91.51791898382203
2015,600000,50000,2,2,0,1497.0,117.3
2014,290000,60000,2,2,1,1198.0,86.8
2016,360000,50000,3,2,0,998.0,58.16
2017,550000,50000,2,2,0,1197.0,83.14
2013,375000,70000,2,2,0,1197.0,82.85
2018,420000,35000,2,1,0,998.0,67.0
2017,550000,20000,2,2,0,1197.0,81.8
2018,270000,20000,2,2,0,796.0,47.3
2018,700000,7800,2,1,0,1197.0,81.8
2017,500000,20000,2,2,0,1197.0,81.8
2013,320000,31377,2,2,1,1197.0,82.85
2018,700000,50000,1,2,0,1248.0,74.02
2015,290000,60000,2,2,0,998.0,67.04
2012,550000,100000,2,1,0,1794.0,138.1
2012,265000,60000,2,2,0,1198.0,86.8
2018,830000,5000,2,1,0,1197.0,83.1
2017,800000,60000,1,2,0,2179.0,147.94
2011,160000,25000,2,2,1,796.0,46.3
2018,335000,30000,2,2,0,799.0,53.3
2017,329000,80000,2,2,1,1198.0,67.0
2017,775000,75000,1,2,0,1248.0,88.5
2020,524000,32000,2,2,0,1197.0,81.86
2015,245000,40000,2,2,0,796.0,47.3
2012,275000,93000,2,2,1,1197.0,80.0
2018,520000,60000,2,2,0,1193.0,88.7
2008,130000,120000,2,2,1,1458.625015808777,91.51791898382203
2014,550000,37000,2,2,0,1498.0,97.7
2018,910000,15000,2,2,0,1497.0,121.36
2015,300000,80000,2,2,0,1198.0,67.04
2016,350000,140000,2,2,0,998.0,67.04
2013,300000,120000,1,2,1,1493.0,100.0
2010,250000,110000,1,2,1,1248.0,73.9
2017,1100000,37000,1,2,0,1582.0,126.2
2016,270000,44000,2,2,0,799.0,53.3
2015,640000,80000,1,2,0,1248.0,88.76
2015,650000,125000,1,2,0,2179.0,140.0
2017,409999,13500,2,2,0,1196.0,73.0
2011,165000,75000,2,2,0,1086.0,62.1
2007,80000,120000,2,2,1,1495.0,94.0
2012,535000,120000,1,2,0,2179.0,140.0
2013,700000,70000,1,2,0,2494.0,100.57
2013,550000,70000,1,2,0,1248.0,74.0
2019,680000,15000,2,1,0,1199.0,88.76
2009,200000,53000,2,2,1,1197.0,78.9
2014,500000,120000,1,2,1,1248.0,74.0
2016,1000000,70000,1,2,0,1248.0,88.5
2008,110000,120000,2,2,1,1341.0,82.9
2012,320000,100000,2,2,1,1197.0,80.0
2015,350000,100000,2,2,0,1197.0,83.11
2013,170000,162500,1,2,0,1405.0,70.0
2017,800000,39000,1,2,0,1396.0,88.73
2017,500000,75000,1,2,0,1248.0,74.0
2013,530000,92500,1,2,0,1582.0,126.3
2012,360000,158000,1,2,0,1248.0,74.0
2012,310000,120000,1,2,0,1248.0,73.9
2015,725000,50000,1,2,1,1498.0,98.6
2012,340000,110000,1,2,0,1248.0,73.9
2017,550000,2000,1,2,1,1186.0,73.97
2016,380000,70000,1,2,0,1047.0,69.0
2013,350000,90000,2,1,1,1498.0,99.6
2019,610000,2000,2,2,0,1197.0,81.86
2015,525000,20000,2,2,0,1197.0,83.14
2011,480000,120000,1,2,0,2494.0,102.0
2017,780000,35000,1,2,0,2498.0,105.0
2012,320000,193000,1,2,0,1248.0,73.9
2014,375000,80000,2,2,0,1197.0,81.8
2019,300000,40000,2,2,0,1198.0,67.05
2015,500000,70000,1,2,2,1396.0,88.73
2011,404000,122358,1,2,0,2179.0,120.0
2015,500000,75000,1,2,0,2956.0,69.01
2017,350000,120000,1,2,0,1047.0,69.0
2015,380000,40000,2,2,0,1193.0,88.7
2008,114999,95200,2,2,2,1495.0,94.0
2014,335000,33033,2,2,0,1198.0,86.8
2015,465000,63063,2,1,0,1197.0,82.0
2012,290000,60000,1,2,0,1248.0,88.76
2011,450000,80000,1,2,2,2179.0,138.1
2016,220000,35000,2,2,0,796.0,34.2
2017,450000,35000,2,2,0,1197.0,82.0
2017,450000,35000,2,2,0,1197.0,82.0
2013,290000,50000,2,1,0,1197.0,78.9
2016,520000,20000,2,2,0,1197.0,81.8
2011,265000,20000,2,1,0,1197.0,78.9
2012,330000,50000,2,2,1,1197.0,85.8
2012,330000,50000,2,2,1,1197.0,85.8
2014,509999,120000,1,2,0,2523.0,62.1
2014,500000,70000,2,2,0,1591.0,121.3
2015,525000,50000,2,2,0,1197.0,81.86
2019,675000,16500,2,2,0,1197.0,81.8
2010,300000,70000,2,2,0,1197.0,80.0
2017,650000,25000,1,2,0,1248.0,74.0
2014,409000,70000,2,2,1,1197.0,85.8
2015,395000,80000,1,2,1,1120.0,70.0
2010,215000,70000,2,2,1,1458.625015808777,91.51791898382203
2014,400000,70000,2,2,1,1197.0,85.8
2012,120000,60000,2,2,2,1199.0,79.4
2018,645000,10000,2,1,0,1199.0,84.0
2006,81000,80000,2,2,0,796.0,37.0
2013,535000,90000,2,2,2,1373.0,93.7
2014,555000,80100,1,2,1,1461.0,108.5
2014,725000,120000,2,2,0,1497.0,117.3
2016,229999,40000,2,2,0,799.0,53.3
2013,800000,160000,1,2,1,2494.0,100.6
2017,409999,47000,2,2,0,998.0,67.04
2017,400000,26000,2,2,0,1199.0,84.0
2018,520000,29000,1,2,0,1186.0,73.97
2016,650000,50000,2,1,0,1197.0,83.1
2011,325000,58000,2,2,2,1298.0,88.2
2012,420000,120000,2,1,0,1197.0,85.8
2014,400000,50000,2,2,0,1197.0,81.8
2010,254999,80000,2,2,2,1197.0,80.0
2017,351000,36000,2,2,0,998.0,67.04
2011,185000,185000,1,2,2,1248.0,73.9
2011,250000,50000,1,2,0,1461.0,63.1
2013,500000,50000,2,2,1,1591.0,121.3
2007,85000,80000,2,2,1,998.0,67.1
2011,265000,90000,1,2,2,1248.0,73.9
2010,130000,162000,2,2,1,998.0,66.1
2013,480000,110000,1,2,2,1248.0,88.76
2008,170000,120000,1,2,2,1248.0,75.0
2011,275000,45000,1,2,0,1461.0,63.1
2010,170000,90000,1,2,1,1399.0,68.0
2019,1090000,16500,2,2,0,1197.0,110.0
2017,1100000,67000,1,1,0,1582.0,126.2
2018,610000,52000,2,2,0,1197.0,81.8
2016,335000,40000,2,2,0,1198.0,67.0
2015,434999,40000,2,2,0,1197.0,82.0
2018,390000,13000,2,2,0,799.0,53.26
2012,325000,40000,2,2,0,1198.0,86.8
2019,640000,10000,2,2,0,1198.0,73.75
2012,450000,9000,2,2,0,1498.0,97.7
2013,400000,70000,1,2,1,1364.0,67.06
2009,215000,60000,2,2,0,1197.0,78.9
2014,570000,40000,1,2,0,1461.0,83.8
2008,325000,80000,1,2,2,2494.0,102.0
2011,150000,50000,2,2,1,1193.0,64.08
2013,690000,68000,2,1,0,1797.0,147.5
2012,64000,18000,2,2,0,624.0,37.5
2013,250000,120000,1,2,0,1461.0,63.1
2016,550000,60000,1,2,1,1248.0,74.0
2010,140000,70000,2,2,2,1197.0,78.9
2016,300000,30000,2,2,0,799.0,53.3
2016,800000,70000,2,1,0,1798.0,189.3
2015,503000,110000,1,2,0,2179.0,147.94
2013,225000,58343,2,2,0,998.0,67.05
2018,740000,38817,1,2,0,1248.0,74.0
2016,550000,56494,2,2,0,1199.0,88.7
2013,750000,79328,1,2,1,2494.0,100.6
2019,650000,5621,2,1,0,1197.0,81.8
2017,625000,25538,2,2,0,1496.0,88.73
2018,600000,69779,2,1,0,1197.0,81.8
2017,450000,56290,1,2,0,1186.0,73.97
2019,779000,7032,2,1,0,1199.0,88.76
2016,645000,11000,2,1,0,1598.0,103.5
2010,150000,106000,2,2,2,1197.0,78.9
2012,265000,162000,1,2,2,1458.625015808777,91.51791898382203
2015,480000,90000,1,2,0,1248.0,74.0
2014,535000,70000,1,2,2,1582.0,126.32
2012,300000,100000,1,2,1,1248.0,88.8
2016,240000,50000,2,2,0,796.0,47.3
2017,750000,19000,1,1,0,1248.0,74.02
2020,409999,35000,3,2,0,1196.0,61.7
2014,215000,80000,2,2,1,998.0,67.05
2010,150000,80000,2,2,0,998.0,67.1
2013,219000,50000,2,2,1,814.0,55.2
2018,325000,100000,2,2,0,1199.0,84.0
2013,260000,120000,2,2,1,1196.0,73.0
2015,503000,110000,1,2,0,2179.0,147.94
2013,225000,58343,2,2,0,998.0,67.05
2018,740000,38817,1,2,0,1248.0,74.0
2016,550000,56494,2,2,0,1199.0,88.7
2013,750000,79328,1,2,1,2494.0,100.6
2019,650000,5621,2,1,0,1197.0,81.8
2017,625000,25538,2,2,0,1496.0,88.73
2018,600000,69779,2,1,0,1197.0,81.8
2017,450000,56290,1,2,0,1186.0,73.97
2019,779000,7032,2,1,0,1199.0,88.76
2016,645000,11000,2,1,0,1598.0,103.5
2019,700000,40000,1,1,0,1498.0,78.9
2017,950000,45000,1,2,0,1396.0,88.7
2010,160000,80000,2,2,1,796.0,46.3
2015,409999,135000,1,2,1,1120.0,71.01
2015,840000,120000,1,2,1,2494.0,100.6
2013,450000,67000,1,2,0,1364.0,67.1
2017,900000,50000,1,2,0,1248.0,74.02
2011,254999,110000,1,2,1,1461.0,63.1
2009,130000,40000,2,2,0,796.0,37.0
2013,530000,120000,1,2,1,1248.0,74.0
2015,520000,110000,1,2,1,1498.0,88.8
2011,229999,170000,1,2,1,1461.0,64.1
2016,600000,47000,1,2,0,1248.0,74.0
2015,409999,93000,2,2,0,1197.0,81.86
2010,120000,70000,2,2,1,796.0,37.0
2014,320000,50000,2,2,0,998.0,67.04
2015,292000,70000,1,2,0,1399.0,68.05
2012,390000,80000,1,2,0,2179.0,138.03
2016,550000,44000,2,2,0,1196.0,86.8
2014,385000,25000,2,2,0,998.0,67.04
2016,800000,25000,2,2,0,1591.0,121.3
2019,675000,10000,2,2,0,1197.0,81.8
2018,950000,30000,1,2,0,1498.0,98.96
2015,610000,50000,1,2,1,1396.0,88.73
2012,525000,120000,1,2,0,1396.0,88.73
2019,700000,40000,1,1,0,1498.0,78.9
2015,375000,80000,1,2,0,2523.0,62.1
2015,580000,90000,1,2,0,1461.0,83.8
2015,434999,50000,2,2,1,1197.0,83.11
2020,350000,2136,2,2,0,999.0,67.0
2015,600000,35000,2,2,0,1197.0,81.83
2017,735000,70000,1,2,0,1248.0,74.0
2018,1050000,18000,1,2,0,1461.0,108.45
2016,420000,110000,1,2,1,1248.0,73.74
2017,800000,60000,1,2,0,1248.0,88.5
2016,600000,147000,1,2,1,1248.0,74.0
2011,500000,99500,1,2,2,1991.0,147.9
2011,200000,110000,1,2,1,1405.0,71.0
2016,370000,35000,2,2,0,1198.0,67.04
2010,260000,110000,1,2,1,1493.0,110.0
2016,280000,100000,1,2,0,1198.0,77.0
2014,610000,21000,2,2,0,1373.0,93.7
2013,300000,60000,1,2,1,1498.0,90.0
2010,140000,40000,1,2,0,1405.0,70.0
2008,229999,50000,2,2,0,1086.0,68.05
2010,200000,65000,2,2,1,998.0,66.1
2011,200000,80000,2,2,0,998.0,67.1
2015,560000,119000,1,2,0,1582.0,126.2
2016,750000,80000,1,2,0,1248.0,88.5
2017,585000,90000,1,2,0,1248.0,74.0
2016,760000,20000,2,2,0,1591.0,121.4
2014,430000,80000,1,2,1,1248.0,74.0
2020,480000,44665,1,2,0,1198.0,77.0
2019,643000,10000,1,2,0,1493.0,113.4
2018,500000,60000,2,2,0,1197.0,81.86
2016,425000,22000,2,2,0,1198.0,86.8
2014,250000,25000,2,2,0,796.0,47.3
2016,285000,70000,1,2,0,793.0,47.0
2008,160000,123000,2,2,2,1298.0,85.8
2011,250000,70000,1,2,1,1598.0,103.6
2013,170000,70000,2,2,1,1199.0,79.4
2013,409999,45000,1,2,0,1364.0,67.06
2015,400000,40000,2,1,0,1197.0,82.0
2019,700000,30000,1,2,0,1248.0,74.02
2007,350000,90000,2,1,0,1799.0,130.0
2016,660000,34000,2,2,1,1373.0,91.1
2017,268000,25000,2,2,0,796.0,47.3
2016,270000,50000,2,2,0,796.0,47.3
2013,300000,50000,1,2,0,936.0,57.6
2017,450000,90000,2,2,0,1199.0,84.0
2012,220000,70000,1,2,1,936.0,57.6
2009,250000,146000,1,2,1,2179.0,138.0
2012,300000,85000,2,2,1,1196.0,70.0
2016,561000,30000,1,2,0,1248.0,74.0
2018,755000,15000,1,2,0,1248.0,74.02
2017,235000,25000,2,2,0,799.0,53.64
2011,165000,90000,2,2,0,998.0,67.1
2008,190000,80000,1,2,1,1248.0,73.9
2011,110000,50000,1,2,0,1396.0,53.5
2012,320000,80000,1,2,1,2523.0,63.0
2010,330000,110000,1,2,1,1458.625015808777,91.51791898382203
2016,540000,38000,2,2,0,1197.0,81.83
2013,180000,60000,2,2,0,814.0,55.2
2016,270000,100000,2,2,2,1196.0,73.0
2012,450000,30000,2,2,0,1197.0,85.8
2014,450000,30000,2,2,0,1197.0,85.8
2015,200000,50000,2,2,0,1199.0,76.8
2017,425000,42000,2,2,0,1199.0,84.0
2016,400000,30000,2,2,0,1199.0,82.4
2009,125000,60000,2,2,2,796.0,46.3
2015,900000,22000,2,2,0,1497.0,117.3
2012,450000,90000,1,2,0,1598.0,103.6
2011,210000,46000,2,2,0,998.0,67.1
2018,801000,20000,2,2,0,1197.0,81.83
2014,317000,15000,1,2,0,1405.0,70.0
2015,600000,40000,2,2,1,1373.0,93.7
2014,330000,30000,2,2,1,1197.0,82.85
2017,320000,15000,2,2,1,814.0,55.2
2010,160000,50000,2,2,0,1458.625015808777,91.51791898382203
2007,120000,110000,2,2,1,1341.0,83.0
2009,130000,70000,2,2,1,796.0,46.3
2015,220000,80000,2,2,0,1199.0,82.4
2008,229999,50000,1,2,2,1458.625015808777,91.51791898382203
2015,340000,110000,2,2,0,1193.0,88.7
2013,200000,70000,1,2,1,1399.0,67.0
2010,495000,100000,1,2,1,2523.0,63.0
2015,236000,60000,2,2,0,796.0,47.3
2015,390000,40000,2,2,0,998.0,67.04
2009,275000,90000,1,2,1,1248.0,73.9
2015,503000,110000,1,2,0,2179.0,147.94
2017,775000,32000,1,2,0,1248.0,88.5
2016,850000,58000,1,2,0,1582.0,126.2
2018,750000,5000,1,2,0,1248.0,88.5
2018,570000,25000,2,2,0,1197.0,81.83
2018,580000,32000,2,2,0,1197.0,81.86
2016,484999,30000,2,2,0,1199.0,88.7
2017,700000,43000,2,2,0,1497.0,117.3
2012,415000,60000,2,2,0,1497.0,113.42
2015,325000,50000,2,1,0,1198.0,76.0
2018,550000,14200,2,2,0,1196.0,86.8
2017,300000,10000,2,2,0,814.0,55.2
2018,217000,25000,2,2,0,799.0,53.64
2018,700000,19100,2,2,0,1194.0,94.68
2019,466000,25000,2,1,2,1086.0,68.0
2014,484999,54000,1,2,0,1498.0,98.96
2018,670000,35000,1,2,0,1461.0,84.8
2018,500000,20000,2,2,1,1197.0,81.86
2016,675000,52000,1,2,0,1248.0,88.5
2011,220000,120000,1,2,1,1396.0,90.0
2013,630000,120000,1,2,1,1248.0,88.8
2010,250000,90000,1,2,1,1248.0,90.0
2015,300000,101500,1,2,1,1498.0,103.52
2013,525000,75000,1,1,0,1582.0,126.3
2011,204999,97500,2,2,0,1458.625015808777,0.0
2011,204999,97500,2,2,0,1458.625015808777,0.0
2012,480000,55735,1,2,1,1461.0,108.45
2014,605000,80000,1,2,1,2179.0,140.0
2016,250000,50000,2,2,1,796.0,47.3
2013,245000,70000,1,2,1,1399.0,68.1
2012,210000,76000,2,2,2,1197.0,78.9
2020,730000,1500,2,2,0,1197.0,81.8
2012,500000,76000,1,2,0,2523.0,62.1
2015,400000,40000,2,2,0,998.0,67.04
2015,280000,60000,2,2,1,814.0,55.2
2016,375000,53319,1,2,0,936.0,56.3
2017,700000,40906,1,2,0,1498.0,108.62
2012,375000,31711,2,2,1,1496.0,88.7
2012,270000,43755,2,2,1,814.0,55.2
2016,300000,66693,2,2,0,799.0,53.3
2010,225000,59549,2,2,0,998.0,67.1
2010,200000,73730,2,2,0,998.0,67.1
2013,500000,116104,1,2,0,1498.0,98.6
2015,500000,150546,2,2,0,1197.0,81.8
2015,555000,20000,2,2,1,1499.0,110.0
2018,580000,30000,2,1,0,1197.0,81.86
2011,337000,142000,1,2,2,2179.0,138.1
2011,175000,20000,1,2,0,1948.0,68.0
2009,180000,120000,1,2,1,1248.0,90.0
2011,200000,80000,2,2,0,1086.0,68.05
2016,260000,60000,1,2,0,1405.0,69.01
2016,350000,25000,2,2,0,999.0,67.0
2011,409999,50000,1,2,1,2523.0,63.0
2017,655000,126000,1,2,0,1493.0,100.0
2015,370000,170000,1,2,0,1248.0,74.0
2013,200000,24000,2,2,0,796.0,47.3
2017,800000,100000,1,2,1,1248.0,88.5
2019,550000,10000,2,2,0,1199.0,83.81
2012,300000,70000,1,2,1,1399.0,68.0
2017,220000,40000,2,2,0,796.0,34.2
2011,196000,110000,2,2,0,998.0,67.1
2008,135000,80000,2,2,1,1086.0,68.05
2015,299000,16500,2,2,0,1193.0,88.7
2017,300000,30000,2,2,0,998.0,67.05
2017,720000,80000,1,2,0,1248.0,88.5
2016,650000,50000,1,2,2,2179.0,147.94
2016,300000,25000,2,2,0,998.0,67.05
2019,750000,20000,1,2,0,1186.0,73.97
2016,260000,60000,2,2,0,799.0,53.3
2011,300000,70000,1,2,1,1248.0,74.0
2014,600000,50000,1,2,1,2523.0,62.1
2015,250000,52000,2,2,0,998.0,67.05
2014,420000,80000,1,2,0,1248.0,74.0
2015,235000,50000,2,2,0,814.0,55.2
2019,360000,25000,2,2,0,998.0,67.05
2014,380000,50000,1,2,1,1120.0,70.0
2016,650000,125000,1,2,0,1498.0,98.59
2016,350000,80000,2,2,0,998.0,67.04
2017,700000,70000,1,2,0,2523.0,63.0
2010,270000,90000,1,2,2,1396.0,90.0
2017,450000,50000,1,2,0,1248.0,74.0
2016,630000,101000,1,2,0,2498.0,105.0
2010,229999,168000,1,2,0,2498.0,112.0
2010,229999,168000,1,2,0,2498.0,112.0
2011,270000,40000,2,2,0,998.0,67.1
2009,135000,28900,2,2,1,1172.0,65.0
2012,275000,20000,2,2,0,998.0,67.1
2015,503000,110000,1,2,0,2179.0,147.94
2013,225000,58343,2,2,0,998.0,67.05
2018,740000,38817,1,2,0,1248.0,74.0
2016,550000,56494,2,2,0,1199.0,88.7
2013,750000,79328,1,2,1,2494.0,100.6
2019,650000,5621,2,1,0,1197.0,81.8
2017,625000,25538,2,2,0,1496.0,88.73
2018,600000,69779,2,1,0,1197.0,81.8
2017,450000,56290,1,2,0,1186.0,73.97
2019,779000,7032,2,1,0,1199.0,88.76
2016,645000,11000,2,1,0,1598.0,103.5
2015,634000,165000,1,2,0,1493.0,100.0
2012,235000,98500,2,2,1,998.0,66.1
2008,275000,98000,2,2,2,1197.0,78.9
2014,700000,40000,1,2,1,2498.0,105.0
2013,400000,90000,1,2,0,1248.0,92.0
2012,215000,90000,2,2,2,796.0,46.3
2009,150000,110000,1,2,1,1493.0,110.0
2018,950000,77800,1,2,0,1248.0,88.5
2015,730000,100000,1,2,0,1493.0,100.0
2012,135000,120000,1,2,1,1405.0,71.0
2016,350000,80000,2,2,1,1197.0,82.0
2018,535000,21000,2,2,1,1198.0,82.0
2018,455000,100000,2,2,1,1197.0,85.8
2019,655000,25000,2,2,0,1197.0,81.8
2019,800000,30000,1,2,2,1498.0,98.96
2018,340000,51492,2,2,0,1198.0,82.0
2011,300000,72000,1,2,1,1598.0,103.6
2016,370000,60000,2,2,0,1196.0,86.8
2013,330000,136000,1,2,1,2523.0,62.1
2014,238000,60000,2,2,0,1086.0,62.1
2006,72000,110000,2,2,1,1458.625015808777,91.51791898382203
2013,200000,90000,2,2,0,1086.0,62.1
2014,320000,91000,1,2,2,1461.0,84.8
2009,114999,90000,2,2,2,1086.0,62.1
2015,320000,50000,2,2,1,998.0,67.04
2010,210000,20000,2,2,0,1086.0,68.05
2011,200000,120000,1,2,0,2489.0,95.0
2009,135000,150000,2,2,1,1061.0,67.0
2015,350000,52000,1,2,0,1405.0,69.01
2014,350000,167000,1,2,1,2523.0,63.0
2017,680000,40000,1,2,0,1248.0,74.02
2010,200000,190000,1,2,1,1248.0,75.0
2016,300000,50000,2,2,0,999.0,67.0
2011,270000,70000,1,2,1,2498.0,112.0
2012,225000,80000,2,2,1,998.0,67.1
2008,250000,120000,1,2,0,2523.0,63.0
2015,590000,40000,1,2,1,1493.0,100.0
2015,290000,17000,2,2,0,814.0,55.2
2010,100000,180000,2,2,1,998.0,67.1
2016,395000,50000,2,2,0,998.0,67.04
2014,195000,65000,2,2,1,814.0,55.2
2011,45000,10000,2,2,2,624.0,35.0
2009,270000,70000,1,2,1,2523.0,63.0
2014,600000,90000,1,2,1,2499.0,72.4
2015,715000,50000,1,2,0,1396.0,88.73
2019,600000,10000,2,2,0,1197.0,81.86
2019,875000,25000,1,2,0,1493.0,100.0
2011,420000,100000,1,2,1,2179.0,115.0
2007,325000,70000,2,1,1,2354.0,152.0
2017,385000,30000,2,2,0,1198.0,67.06
2016,300000,40000,2,2,0,1198.0,82.0
2012,335000,135000,1,2,0,1396.0,88.76
2014,300000,35000,2,2,0,998.0,67.04
2012,400000,120000,1,2,0,2523.0,62.1
2012,168000,190000,1,2,1,1396.0,69.0
2016,550000,120000,1,2,0,2523.0,62.1
2012,300000,120000,1,2,1,1458.625015808777,91.51791898382203
2011,320000,175000,1,2,2,2523.0,63.0
2011,320000,175000,1,2,2,2523.0,63.0
2011,350000,25000,2,2,1,1498.0,97.7
2013,280000,80000,1,2,0,1248.0,88.76
2017,550000,70000,1,2,1,1120.0,71.0
2018,500000,10000,2,2,0,1197.0,81.86
2019,700000,6000,2,2,0,1194.0,94.68
2013,380000,90000,1,2,1,1598.0,103.5
2012,340000,110000,1,2,1,2523.0,63.0
2007,160000,120000,1,2,2,2523.0,63.0
2014,750000,50000,1,2,0,2494.0,100.6
2018,531000,20000,2,1,0,1197.0,81.86
2017,300000,35000,2,2,0,999.0,67.0
2014,350000,60000,1,2,1,1498.0,88.8
2010,150000,68000,2,2,2,1199.0,79.4
2015,450000,30000,2,2,0,1197.0,81.8
2006,140000,65000,2,2,2,1458.625015808777,91.51791898382203
2006,85000,120000,1,2,2,1405.0,68.0
2018,450000,30000,2,2,0,1197.0,81.86
2011,170000,55113,2,2,0,1458.625015808777,91.51791898382203
2017,360000,50000,1,2,0,1047.0,69.0
2020,390000,6000,2,2,0,998.0,67.05
2011,145000,50000,2,2,1,1196.0,73.0
2012,540000,90000,1,2,2,2179.0,120.0
2008,290000,126000,1,2,2,2494.0,102.0
2013,300000,90000,1,2,0,1396.0,69.0
2017,565000,80000,2,2,0,1196.0,86.8
2011,441000,70000,1,2,1,2609.0,120.0
2011,180000,80000,2,2,1,814.0,55.2
2013,200000,80000,2,2,1,814.0,55.2
2006,67500,110000,1,2,2,1396.0,52.8
2016,700000,110000,1,2,1,1248.0,88.5
2010,275000,80000,1,2,2,1199.0,73.9
2019,600000,20000,2,2,0,1197.0,81.86
2011,250000,120000,1,2,0,2489.0,95.0
2016,600000,120000,1,2,0,2523.0,63.0
2010,200000,80000,1,2,1,1248.0,91.2
2015,425000,91500,1,2,1,1120.0,70.0
2012,420000,120000,1,2,1,1248.0,73.9
2012,321000,100000,1,2,1,1396.0,90.0
2012,350000,120000,1,2,2,2498.0,112.0
2017,490000,80000,2,2,0,1198.0,86.7
2015,680000,90000,1,2,0,2523.0,75.0
2016,298000,70000,2,2,0,998.0,67.05
2011,450000,150000,1,2,2,2179.0,115.0
2010,400000,60000,2,1,1,1458.625015808777,91.51791898382203
2012,250000,40000,1,2,0,1248.0,74.0
2017,500000,20000,2,2,0,1197.0,82.0
2019,681000,10000,2,2,0,1194.0,94.68
2014,650000,90000,1,2,1,2179.0,140.0
2008,80000,70000,2,2,1,1150.0,74.9
2009,290000,120000,1,2,0,2523.0,63.0
2006,220000,120000,1,2,1,2179.0,120.0
2009,120000,90000,2,2,1,1086.0,62.0
2017,229999,80000,2,2,0,799.0,53.0
2014,500000,45000,2,2,0,1197.0,85.8
2013,175000,120000,1,2,0,1396.0,69.0
2019,720000,10000,2,2,0,1194.0,94.68
2012,100000,51000,2,2,0,796.0,37.0
2009,250000,105000,2,1,1,1799.0,130.0
2014,810000,100000,1,2,0,2179.0,140.0
2010,165000,30000,2,2,2,796.0,46.3
2016,409999,60000,1,2,1,1994.0,105.3
2013,430000,86000,1,2,1,1248.0,74.0
2015,300000,15000,2,2,0,1198.0,67.0
2011,350000,137500,1,2,2,1248.0,73.9
2018,400000,60000,2,2,0,999.0,67.0
2016,420000,70000,1,2,0,1248.0,73.74
2015,430000,5000,2,2,0,998.0,67.04
2017,573000,30000,2,2,0,1197.0,81.8
2015,210000,40000,2,2,0,814.0,55.2
2015,600000,60000,1,2,0,1461.0,108.45
2008,150000,70000,2,2,2,1497.0,78.0
2019,550000,15000,2,2,0,1199.0,84.0
2011,320000,110000,1,2,1,1248.0,73.9
2019,800000,10000,1,2,0,1498.0,98.63
2013,500000,60000,2,2,0,1373.0,93.7
2011,229999,110000,1,2,1,1248.0,90.0
2013,500000,60000,2,2,0,1373.0,93.7
2015,630000,35000,2,2,0,1197.0,81.83
2016,190000,70000,2,2,1,796.0,34.2
2011,229999,110000,1,2,1,1248.0,90.0
2011,450000,100000,1,2,1,2523.0,63.0
2008,95000,120000,2,2,0,796.0,46.3
2009,101000,90000,2,2,2,796.0,35.0
2016,500000,70000,1,2,1,1498.0,98.6
2012,244000,38000,2,2,0,814.0,55.2
2013,250000,90000,2,2,1,998.0,67.04
2016,660000,60000,2,2,0,1197.0,83.1
2010,270000,60000,2,2,0,1197.0,80.0
2012,280000,156060,1,2,0,1248.0,73.94
2017,1050000,60000,1,2,0,1582.0,126.2
2017,525000,70000,2,2,0,1197.0,83.14
2017,850000,35000,1,2,0,1582.0,126.2
2012,345000,50000,2,2,1,1197.0,85.8
2007,95000,100000,2,2,1,1086.0,63.0
2015,241000,15000,2,2,0,796.0,47.3
2015,235000,20000,2,2,0,796.0,47.3
2015,615000,80000,1,2,0,1498.0,98.59
2014,350000,110000,1,2,1,1461.0,64.1
2014,350000,35000,2,2,0,998.0,67.04
2014,380000,35000,2,2,0,998.0,67.04
2017,400000,140000,1,2,0,2956.0,69.01
2010,220000,40000,2,2,0,998.0,67.1
2008,270000,110000,1,2,2,2179.0,120.0
2012,275000,70000,2,2,1,1197.0,85.8
2009,125000,100000,1,2,1,1405.0,71.0
2015,360000,20000,2,2,0,1086.0,68.05
2019,550000,15000,2,2,0,1197.0,81.86
2011,200000,70000,2,2,1,1388.0,68.0
2016,327000,20000,2,2,0,1198.0,82.0
2016,425000,15000,2,2,0,1086.0,68.05
2017,620000,107000,1,2,0,1248.0,74.02
2011,130000,54000,1,2,1,1248.0,75.0
2009,120000,58000,2,2,0,796.0,46.3
2011,400000,110000,1,2,1,2179.0,120.0
2007,185000,90000,1,2,2,1493.0,110.0
2015,204999,43000,2,2,1,998.0,68.05
2017,625000,43000,1,2,0,1248.0,74.02
2013,600000,60000,1,2,0,1248.0,88.8
2011,150000,150000,2,2,0,1396.0,85.0
2017,300000,35000,2,2,0,999.0,67.0
2013,229999,46000,2,2,0,1199.0,84.8
2018,220000,10000,2,2,0,796.0,34.2
2016,576000,35000,2,2,0,1197.0,81.83
2016,265000,50000,2,2,0,799.0,53.3
2011,300000,80000,1,2,0,1582.0,126.32
2017,420000,110000,1,2,0,1047.0,69.0
2015,750000,14000,1,2,0,1248.0,88.76
2012,165000,60000,3,2,1,796.0,47.3
2017,290000,28000,2,2,0,799.0,53.3
2011,160000,57000,2,2,0,814.0,55.2
2017,695000,50000,1,2,0,1248.0,74.0
2012,231000,70000,4,2,0,998.0,58.2
2013,400000,70000,2,2,0,1197.0,82.85
2016,500000,40000,2,2,0,1197.0,81.83
2010,150000,120000,1,2,1,1248.0,88.8
2016,400000,140000,1,2,1,2179.0,118.3
2010,120000,100000,1,2,1,1405.0,70.0
2014,480000,120000,1,2,1,2179.0,118.3
2013,200000,120000,1,2,1,1405.0,69.01
2012,300000,64000,1,2,1,1399.0,67.0
2015,350000,25000,2,2,0,998.0,67.04
2019,580000,12000,2,2,0,999.0,72.0
2012,200000,70000,1,2,1,936.0,57.6
2016,750000,120000,1,2,0,2179.0,120.0
2016,261000,90000,2,2,0,799.0,53.3
2015,371000,40000,2,2,0,1199.0,82.4
2012,204999,120000,1,2,1,1396.0,69.0
2009,150000,100000,1,2,2,1399.0,68.0
2016,625000,90000,1,2,1,2523.0,62.1
2015,900000,168000,1,2,0,1968.0,141.0
2010,180000,110000,1,2,1,1399.0,68.0
2010,421000,120000,1,2,1,2523.0,63.0
2012,204999,120000,1,2,1,1396.0,69.0
2017,900000,40000,1,2,0,1498.0,98.6
2006,165000,110000,2,2,1,1497.0,78.0
2010,270000,100000,1,2,2,1396.0,90.0
2017,750000,40000,1,2,0,1248.0,88.5
2019,750000,30000,2,2,0,1197.0,81.86
2011,190000,90000,1,2,1,1399.0,68.0
2011,315000,80000,2,2,0,1197.0,80.0
2013,409999,90000,1,2,0,1364.0,67.04
2018,580000,32000,2,2,0,1197.0,81.86
2013,340000,70000,2,2,0,1197.0,82.85
2015,270000,43000,2,2,0,814.0,55.2
2017,280000,80000,1,2,0,1248.0,74.0
2012,130000,60000,1,2,0,1248.0,74.0
2014,260000,18945,2,2,0,814.0,55.2
2018,710000,70000,1,2,0,1186.0,73.97
2013,204999,100000,2,2,2,1196.0,73.0
2017,300000,60000,2,2,0,1198.0,67.0
2009,180000,144000,1,2,1,1248.0,73.9
2016,700000,120000,1,2,0,1493.0,100.0
2012,320000,107825,1,2,1,1396.0,90.0
2020,370000,15000,2,2,0,796.0,47.3
2018,340000,10000,2,2,0,799.0,53.3
2019,1040000,1620,2,2,0,1462.0,103.2
2018,750000,30000,1,2,0,1396.0,88.76
2018,600000,70000,1,2,0,2179.0,120.0
2016,550000,70000,1,2,0,2523.0,63.0
2013,600000,95000,1,2,1,2494.0,100.57
2017,550000,50000,1,2,0,1047.0,69.0
2015,750000,160000,1,2,0,1498.0,98.6
2019,450000,10000,2,2,0,1086.0,68.0
2012,400000,100000,1,2,2,1248.0,88.76
2016,520000,50000,1,2,1,1248.0,74.0
2013,199000,60000,2,2,1,998.0,67.1
2012,150000,110000,1,2,0,936.0,57.6
2016,540000,80000,1,2,2,1396.0,88.73
2011,250000,85000,1,2,1,1248.0,88.8
2010,200000,90000,2,2,1,1061.0,67.0
2011,130000,90000,1,2,1,1396.0,69.0
2007,90000,90000,2,2,0,796.0,37.0
2012,450000,120000,1,2,1,1582.0,126.32
2009,280000,120000,1,2,0,1493.0,110.0
2007,280000,160000,1,2,1,2956.0,138.1
2006,120000,141000,2,2,1,993.0,60.0
2008,290000,100000,1,2,1,1248.0,75.0
2019,1000000,15000,1,2,0,1396.0,88.7
2012,415000,108000,1,2,0,1248.0,73.9
2012,415000,108000,1,2,0,1248.0,74.0
2015,240000,55000,1,2,0,936.0,56.3
2010,250000,37944,1,2,0,1248.0,75.0
2011,175000,90400,1,2,0,1399.0,68.0
2008,220000,85000,1,2,1,1493.0,110.0
2019,675000,5000,2,2,0,1197.0,81.8
2016,535000,50000,1,2,0,1461.0,83.8
2019,675000,5000,2,2,0,999.0,72.0
2016,800000,90000,1,2,0,1248.0,88.5
2012,425000,96000,1,2,1,1248.0,88.8
2011,150000,80000,2,2,2,1196.0,73.0
2007,90000,60000,2,2,1,1061.0,64.0
2015,850000,90000,1,2,0,2179.0,140.0
2008,330000,193623,1,2,1,2494.0,102.0
2017,850000,63186,1,2,0,1396.0,88.73
2019,675000,5000,2,1,0,1197.0,83.1
2010,150000,91500,2,2,0,796.0,46.3
2015,550000,23000,1,2,0,1248.0,74.0
2012,350000,40000,1,2,0,1598.0,103.6
2012,300000,70000,1,2,0,1248.0,73.94
2014,611000,90000,1,2,1,2523.0,75.0
2016,400000,68000,2,2,0,1198.0,86.8
2013,700000,120000,1,2,0,1582.0,126.24
2013,300000,65000,1,2,0,1248.0,76.9
2011,200000,94000,2,2,2,998.0,67.1
2015,650000,100000,1,2,0,1396.0,88.73
2015,650000,80000,1,2,0,1396.0,88.73
2013,350000,80000,1,2,2,1199.0,73.9
2011,75000,140500,1,2,2,1396.0,52.8
2010,240000,143000,2,2,0,1298.0,85.8
2013,240000,60000,2,2,0,998.0,67.1
2011,180000,120000,1,2,1,1248.0,75.0
2014,425000,63000,1,2,1,2523.0,63.0
2009,95000,120000,2,2,2,995.0,62.0
2018,811000,100000,1,2,0,1248.0,74.02
2018,1100000,60000,2,2,0,1591.0,121.3
2013,600000,90000,1,2,0,2499.0,72.4
2014,550000,50000,1,2,1,1248.0,88.76
2015,715000,70000,1,2,0,2179.0,120.0
2010,300000,40000,1,2,0,1458.625015808777,91.51791898382203
2006,100000,120000,1,2,2,1405.0,70.0
2013,350000,40000,2,2,0,998.0,67.04
2008,100000,40000,1,2,0,1405.0,62.0
2012,325000,120000,1,2,0,2179.0,138.03
2016,330000,20000,2,2,0,799.0,53.3
2014,480000,37000,1,2,0,2523.0,62.1
2018,950000,57000,1,2,1,1248.0,88.5
2011,300000,110000,1,2,1,1493.0,110.0
2006,170000,110000,2,2,2,1599.0,103.2
2013,850000,120000,1,2,1,2494.0,100.57
2019,900000,8079,1,2,0,1047.0,69.0
2012,350000,79990,1,2,1,1399.0,67.0
2012,425000,81632,1,2,0,1399.0,68.0
2016,600000,155201,1,2,0,1498.0,99.23
2014,750000,101504,1,2,0,1498.0,89.84
2012,450000,90165,1,2,0,1399.0,67.0
2010,325000,86017,1,2,1,1498.0,99.23
2013,350000,160254,1,2,1,1458.625015808777,91.51791898382203
2013,600000,125531,1,2,1,1498.0,98.59
2019,1100000,10000,2,2,0,1591.0,121.3
2017,520000,20000,2,2,0,1199.0,84.0
2015,885000,170000,1,2,0,2179.0,120.0
2018,950000,40000,1,1,0,1497.0,108.5
2008,229999,120000,2,2,1,1497.0,118.0
2013,409999,100000,1,2,2,1248.0,73.94
2011,300000,110000,1,2,2,1399.0,68.0
2008,175000,120000,1,2,2,1405.0,68.0
2017,425000,40000,2,2,1,998.0,67.04
2011,272000,170000,1,2,2,1991.0,123.7
2013,310000,70000,2,2,0,1086.0,68.05
2017,1125000,105000,1,2,0,1396.0,88.7
2014,450000,46000,2,2,1,1197.0,81.86
2011,388000,80000,1,2,1,1199.0,73.9
2011,400000,60000,2,2,0,1599.0,103.2
2015,760000,70000,1,2,2,1498.0,98.6
2009,120000,90000,2,2,0,796.0,46.3
2019,757000,25000,1,2,0,1248.0,74.02
2015,270000,53000,2,2,1,796.0,47.3
2011,250000,90000,1,2,1,2179.0,118.35
2014,700000,24000,1,2,0,2498.0,105.0
2016,450000,100000,1,2,1,1498.0,98.6
2018,650000,6000,2,2,0,1198.0,82.0
2019,600000,10000,2,1,0,1197.0,81.8
2019,290000,21000,2,2,0,799.0,53.3
2013,215000,25000,2,2,0,998.0,67.1
2016,250000,22000,2,2,0,799.0,53.3
2017,750000,50000,1,2,0,1248.0,88.5
2016,250000,20000,2,2,1,998.0,67.05
2017,950000,15000,2,1,0,1497.0,117.3
2018,793000,30000,1,2,0,1498.0,99.0
2015,750000,74000,1,2,0,1582.0,126.2
2017,725000,6550,2,1,0,1199.0,88.7
2016,480000,30000,1,2,0,1120.0,70.0
2018,795000,41779,2,2,0,1197.0,81.8
2016,625000,54000,2,2,0,1199.0,88.7
2017,625000,37000,1,1,0,1248.0,74.0
2011,440000,90000,1,1,1,1991.0,147.9
2017,844999,70000,1,2,0,1248.0,88.5
2016,650000,99000,1,1,0,1498.0,103.52
2018,750000,15000,2,2,0,1197.0,81.8
2015,610000,30000,2,2,0,1199.0,88.7
2018,890000,29000,2,1,0,1197.0,81.86
2015,503000,110000,1,2,0,2179.0,147.94
2013,225000,58343,2,2,0,998.0,67.05
2018,740000,38817,1,2,0,1248.0,74.0
2016,550000,56494,2,2,0,1199.0,88.7
2013,750000,79328,1,2,1,2494.0,100.6
2019,650000,5621,2,1,0,1197.0,81.8
2017,625000,25538,2,2,0,1496.0,88.73
2018,600000,69779,2,1,0,1197.0,81.8
2017,450000,56290,1,2,0,1186.0,73.97
2019,779000,7032,2,1,0,1199.0,88.76
2016,645000,11000,2,1,0,1598.0,103.5
2015,503000,110000,1,2,0,2179.0,147.94
2013,225000,58343,2,2,0,998.0,67.05
2018,740000,38817,1,2,0,1248.0,74.0
2016,550000,56494,2,2,0,1199.0,88.7
2013,750000,79328,1,2,1,2494.0,100.6
2019,650000,5621,2,1,0,1197.0,81.8
2017,625000,25538,2,2,0,1496.0,88.73
2018,600000,69779,2,1,0,1197.0,81.8
2017,450000,56290,1,2,0,1186.0,73.97
2019,779000,7032,2,1,0,1199.0,88.76
2016,645000,11000,2,1,0,1598.0,103.5
2015,503000,110000,1,2,0,2179.0,147.94
2013,225000,58343,2,2,0,998.0,67.05
2018,740000,38817,1,2,0,1248.0,74.0
2016,550000,56494,2,2,0,1199.0,88.7
2013,750000,79328,1,2,1,2494.0,100.6
2019,650000,5621,2,1,0,1197.0,81.8
2017,625000,25538,2,2,0,1496.0,88.73
2018,600000,69779,2,1,0,1197.0,81.8
2017,450000,56290,1,2,0,1186.0,73.97
2019,779000,7032,2,1,0,1199.0,88.76
2016,645000,11000,2,1,0,1598.0,103.5
2015,503000,110000,1,2,0,2179.0,147.94
2013,225000,58343,2,2,0,998.0,67.05
2018,740000,38817,1,2,0,1248.0,74.0
2016,550000,56494,2,2,0,1199.0,88.7
2013,750000,79328,1,2,1,2494.0,100.6
2019,650000,5621,2,1,0,1197.0,81.8
2017,625000,25538,2,2,0,1496.0,88.73
2018,600000,69779,2,1,0,1197.0,81.8
2017,450000,56290,1,2,0,1186.0,73.97
2019,779000,7032,2,1,0,1199.0,88.76
2016,645000,11000,2,1,0,1598.0,103.5
2017,385000,155000,1,2,0,1396.0,69.01
2018,550000,50000,1,2,0,1186.0,73.97
2010,270000,185000,1,2,0,2499.0,80.0
2013,200000,175000,1,2,1,1396.0,69.0
2016,310000,11500,2,2,0,799.0,53.3
2019,700000,3000,1,2,0,1186.0,73.97
2015,480000,80000,1,2,1,1248.0,74.0
2015,350000,90000,1,2,0,1248.0,73.94
2017,600000,100000,1,2,0,1248.0,88.5
2011,350000,120000,1,2,2,2179.0,115.0
2018,770000,50000,1,2,0,1248.0,88.5
2012,350000,25000,1,2,0,1461.0,65.0
2016,750000,71000,1,2,0,1493.0,100.0
2016,340000,40000,2,2,0,998.0,67.04
2018,650000,31800,2,2,0,1197.0,81.86
2014,300000,65000,2,2,0,1197.0,78.9
2014,204999,15000,2,2,1,796.0,47.3
2012,254999,70000,1,2,1,1461.0,65.0
2017,650000,5000,2,2,0,1196.0,86.8
2017,280000,50000,2,2,1,814.0,55.2
2011,100000,80000,1,2,0,1396.0,53.5
2014,575000,70000,1,2,1,2499.0,72.4
2017,780000,40000,1,2,0,1248.0,88.5
2013,467000,157000,1,2,0,2523.0,62.1
2011,225000,80000,2,2,1,1086.0,68.05
2012,300000,80000,1,2,0,1458.625015808777,91.51791898382203
2012,260000,70000,1,2,1,1461.0,65.0
2009,90000,50000,2,2,1,995.0,63.0
2012,280000,60000,1,2,0,1399.0,68.0
2014,350000,106000,1,2,1,1461.0,65.0
2006,229999,80000,1,2,1,2179.0,120.0
2016,550000,80000,1,2,1,2523.0,63.0
2013,850000,110000,1,2,1,2494.0,100.0
2011,370000,120000,1,2,2,2523.0,63.0
2013,250000,27000,2,2,0,998.0,67.1
2007,95000,70000,2,2,1,796.0,46.3
2010,180000,70000,2,2,1,1061.0,67.0
2016,650000,50000,1,1,0,1493.0,100.0
2018,530000,60000,1,2,0,1186.0,73.97
2017,610000,15000,2,2,0,1197.0,81.8
2011,200000,40000,2,2,0,1458.625015808777,91.51791898382203
2010,265000,135000,1,2,0,2498.0,112.0
2018,560000,26300,2,2,0,1199.0,84.0
2014,430000,120000,1,2,0,2523.0,62.1
2017,711000,35000,1,2,0,1248.0,74.02
2015,511000,30000,2,2,0,1197.0,83.14
2012,450000,165000,1,2,0,2523.0,62.1
2015,325000,50000,2,2,0,1193.0,88.7
2013,434999,120000,1,2,0,1461.0,84.8
2010,210000,100000,1,2,1,1399.0,68.0
2009,140000,90000,2,2,2,1458.625015808777,91.51791898382203
2007,160000,120000,2,2,1,1586.0,104.68
2017,650000,70000,2,2,1,1373.0,91.1
2008,250000,90000,1,2,1,1458.625015808777,91.51791898382203
2014,320000,72000,2,2,0,1197.0,81.83
2017,290000,50000,2,2,0,999.0,67.0
2013,80000,30000,2,2,0,624.0,37.48
2017,1100000,20000,1,2,0,2179.0,147.94
2015,600000,110000,1,2,0,1248.0,88.5
2017,340000,25000,2,2,0,799.0,53.3
2014,750000,120000,1,2,0,2494.0,100.6
2006,100000,40000,2,2,0,796.0,46.3
2019,395000,10000,2,2,0,799.0,53.3
2010,200000,65000,2,2,0,1061.0,67.0
2019,450000,10000,3,2,0,1196.0,61.7
2012,180000,110000,2,2,1,1390.0,75.0
2008,190000,120000,1,2,1,2523.0,63.0
2015,310000,72000,2,2,0,1196.0,73.0
2014,351000,89100,1,2,1,1248.0,73.94
2006,190000,94000,2,2,1,1599.0,104.0
2015,225000,120000,2,2,1,814.0,55.2
2012,130000,110000,2,2,0,995.0,62.1
2018,1000000,50000,1,2,0,1248.0,88.5
2014,330000,23000,2,2,0,1199.0,82.4
2013,166000,50000,2,2,0,796.0,34.2
2011,140000,50000,2,2,2,998.0,67.1
2017,370000,140000,3,2,0,1196.0,61.7
2019,720000,16000,2,1,0,1197.0,81.86
2015,500000,126000,1,2,0,1396.0,88.73
2019,570000,15000,2,2,0,1197.0,81.86
2009,120000,120000,2,2,0,796.0,46.3
2010,196000,110000,2,1,2,1197.0,78.9
2016,392000,38000,2,2,0,1196.0,73.0
2010,150000,104000,2,2,0,1368.0,90.0
2017,595000,120000,2,2,0,1497.0,117.3
2018,833000,35000,1,1,0,1248.0,88.5
2009,180000,85000,1,2,2,1248.0,73.9
2012,225000,80000,2,2,0,998.0,67.1
2009,340000,40000,1,2,0,1396.0,90.0
2017,400000,65000,2,2,1,998.0,67.04
2006,90000,100000,2,2,2,1341.0,83.0
2015,650000,84000,1,2,0,1248.0,88.5
2010,125000,60000,2,2,0,1150.0,74.9
2006,81000,100000,2,2,2,1341.0,83.0
2007,170000,78000,2,2,1,1298.0,88.2
2010,55000,50000,2,2,2,624.0,35.0
2017,880000,65000,1,2,0,1461.0,108.5
2015,200000,50000,2,2,0,799.0,53.3
2019,480000,25000,2,2,0,1197.0,81.8
2013,480000,100000,1,2,0,2523.0,62.1
2018,700000,6000,2,2,0,1197.0,81.83
2016,850000,72113,1,2,0,1498.0,98.6
2012,300000,40000,1,2,0,1396.0,70.0
2017,650000,8000,2,2,0,1197.0,81.83
2010,220000,20000,2,2,0,1197.0,85.8
2014,300000,45000,1,2,0,1405.0,69.01
2014,450000,80000,1,2,0,1248.0,74.0
2014,400000,90000,1,2,0,1248.0,74.0
2018,1030000,25000,1,2,0,1248.0,88.5
2010,190000,100000,1,2,1,1248.0,90.0
2006,140000,60000,2,2,1,1388.0,68.0
2018,800000,30000,1,2,0,1396.0,88.76
2007,229999,120000,1,2,2,2609.0,120.0
2011,300000,80000,1,2,1,2179.0,138.03
2011,375000,69000,1,2,1,1598.0,103.6
2010,140000,75000,2,2,0,1199.0,79.4
2014,420000,90000,1,2,1,1120.0,71.01
2012,300000,100000,1,2,2,1461.0,63.12
2012,150000,110000,1,2,0,1248.0,74.0
2015,600000,90000,1,2,0,1498.0,98.59
2011,204999,100000,1,2,1,1399.0,68.0
2017,625000,50000,1,2,0,1186.0,73.97
2009,250000,80000,2,2,1,1598.0,102.5
2009,400000,100000,2,1,1,2354.0,177.6
2019,610000,10000,2,1,0,1197.0,81.8
2014,509999,110000,1,2,0,1248.0,74.0
2014,521000,86000,1,2,1,2179.0,138.1
2014,511000,100000,1,2,0,1248.0,74.0
2014,451000,91000,1,2,0,1396.0,88.73
2009,170000,100000,2,2,0,1197.0,78.9
2013,450000,120000,1,2,1,1248.0,74.0
2011,375000,90000,2,2,1,1497.0,118.0
2016,305000,60000,2,2,1,796.0,47.3
2016,315000,51500,2,2,0,799.0,53.3
2016,250000,60000,1,2,1,1248.0,74.0
2012,200000,104500,1,2,1,1399.0,68.0
2018,950000,30000,1,2,0,1498.0,98.96
2012,400000,120000,1,2,2,1461.0,108.45
2014,509999,100000,1,2,1,1248.0,74.0
2008,375000,90000,2,2,2,1799.0,130.0
2006,75000,60000,2,1,0,998.0,67.1
2015,465000,50000,2,2,1,1396.0,105.5
2019,700000,10000,1,2,0,1186.0,73.97
2017,610000,40000,2,2,0,1197.0,81.83
2014,235000,50000,2,2,0,796.0,47.3
2017,330000,90000,2,2,0,1196.0,73.0
2014,472000,90000,1,2,0,1461.0,83.8
2019,585000,10000,2,2,0,1197.0,81.8
2018,500000,10000,1,2,0,909.0,45.0
2019,360000,27000,2,2,0,998.0,67.05
2016,649000,70000,1,2,0,1248.0,74.0
2017,200000,50000,2,2,0,796.0,34.2
2008,240000,60000,2,2,0,1458.625015808777,91.51791898382203
2014,400000,110000,1,2,0,1120.0,70.0
2015,250000,100000,1,2,1,793.0,47.0
2018,1200000,50000,1,2,0,1497.0,121.0
2009,250000,105000,1,2,1,1248.0,75.0
2013,819999,110000,1,2,0,2494.0,100.6
2014,800000,60000,1,2,1,2179.0,140.0
2013,429000,49102,2,2,1,999.0,123.37
2010,150000,60000,2,2,2,1086.0,62.1
2010,315000,120000,1,2,1,1458.625015808777,91.51791898382203
2012,170000,90000,1,2,0,936.0,57.6
2014,335000,33033,2,2,0,1198.0,86.8
2015,465000,63063,2,1,0,1197.0,82.0
2013,360000,81000,1,2,1,1461.0,108.45
2018,570000,80000,1,2,0,1186.0,73.97
2012,350000,105000,1,2,1,1461.0,108.45
2017,600000,60000,1,2,0,1458.625015808777,91.51791898382203
2012,375000,100000,1,2,1,1461.0,108.45
2019,450000,60000,3,2,0,1196.0,61.7
2013,325000,70000,1,2,2,1396.0,88.76
2011,260000,120000,1,2,2,1598.0,103.6
2009,130000,80000,2,2,2,796.0,46.3
2008,150000,120000,1,2,2,2179.0,138.1
2014,220000,40000,2,2,0,1086.0,62.1
2014,275000,53000,2,2,0,1197.0,78.9
2017,455000,60000,1,2,0,1248.0,74.0
2017,570000,30000,2,2,0,1197.0,81.83
2013,330000,100000,1,2,2,1598.0,103.6
2012,450000,98000,1,2,2,1248.0,88.8
2014,250000,60000,2,2,0,814.0,55.2
2010,165000,80000,2,2,2,1197.0,78.9
2013,800000,117000,1,1,0,2696.0,184.0
2018,680000,8576,2,2,0,1199.0,88.7
2017,525000,19723,2,1,0,1199.0,84.0
2016,825000,21446,2,2,0,1497.0,116.3
2017,750000,52289,1,2,0,1248.0,88.5
2017,950000,52236,1,2,0,2179.0,120.0
2017,950000,54470,1,2,0,2179.0,120.0
2017,675000,25471,1,2,0,1396.0,90.0
2019,490000,33928,2,2,0,1199.0,84.48
2018,775000,59736,1,2,0,1493.0,100.0
2009,350000,54290,2,2,0,1497.0,118.0
2016,475000,2118,2,2,0,1198.0,86.8
2017,950000,61379,1,2,0,2179.0,120.0
2010,350000,58544,2,2,1,1497.0,117.3
2016,400000,74381,2,2,0,998.0,67.05
2017,850000,63982,1,2,0,1498.0,89.84
2008,175000,65000,2,2,1,998.0,67.1
2014,570000,74000,1,2,0,2523.0,62.1
2013,525000,56429,1,2,1,1461.0,108.45
2012,270000,56000,2,2,0,1197.0,78.9
2019,434999,19500,2,2,0,1086.0,68.07
2015,495000,30000,2,2,0,1197.0,81.83
2016,575000,53000,1,2,0,1396.0,88.73
2017,600000,5000,2,2,0,1197.0,81.86
2015,700000,25000,2,2,0,1591.0,121.4
2014,560000,72000,1,2,0,1498.0,98.6
2016,565000,72000,1,2,0,1458.625015808777,91.51791898382203
2013,409999,29000,2,2,1,1598.0,103.5
2016,495000,56832,1,2,0,1461.0,83.14
2014,470000,30528,2,2,0,1197.0,81.86
2013,350000,65285,1,2,0,1498.0,98.63
2015,480000,43000,2,2,0,1199.0,88.7
2013,270000,52380,1,2,0,1364.0,67.04
2018,660000,74250,1,2,0,1498.0,74.96
2017,490000,57247,2,1,0,1197.0,81.8
2017,800000,52000,1,2,0,1248.0,88.5
2011,350000,47000,2,2,1,1498.0,97.7
2011,170000,80000,1,2,2,1399.0,68.0
2011,125000,85000,1,2,1,1248.0,75.0
2012,400000,100000,1,2,0,1248.0,73.9
2011,250000,110000,2,2,0,1498.0,97.7
2010,190000,178000,1,2,1,1248.0,91.7
2010,125000,120000,2,2,2,796.0,46.3
2015,335000,30000,2,2,0,998.0,67.04
2009,114999,60000,2,2,2,1061.0,67.0
2012,229999,70000,1,2,2,1199.0,73.9
2017,731000,40000,1,2,0,1396.0,88.73
2012,395000,120000,1,2,0,1582.0,126.32
2015,500000,120000,1,2,0,1248.0,74.0
2014,220000,50000,2,2,2,814.0,55.2
2013,240000,100000,1,2,0,1399.0,68.1
2010,215000,120000,1,2,2,1396.0,90.0
2012,400000,90000,1,2,1,1248.0,74.0
2012,191000,90000,2,2,0,998.0,67.1
2013,351000,100000,1,2,1,2498.0,112.0
2015,250000,20000,2,1,0,624.0,37.48
2009,210000,90000,1,2,1,1493.0,110.0
2011,300000,120000,2,2,2,1496.0,88.7
2017,700000,35000,1,2,0,1498.0,99.0
2010,500000,120000,1,2,1,1991.0,150.0
2019,850000,10000,1,2,0,1396.0,88.76
2017,770000,65000,1,2,1,1498.0,98.6
2007,245000,90000,2,2,2,1799.0,130.0
2012,250000,90000,2,2,0,998.0,67.1
2016,651000,42323,1,2,0,1396.0,88.76
2013,480000,42462,2,2,0,1497.0,116.3
2015,470000,54723,1,2,0,1248.0,74.0
2016,500000,30000,1,2,0,1498.0,98.6
2016,690000,32000,1,2,0,1248.0,88.5
2017,589000,41232,1,2,0,1458.625015808777,0.0
2017,589000,41232,1,2,0,1458.625015808777,0.0
2018,480000,20375,2,2,0,1197.0,81.8
2013,450000,43978,1,2,1,1248.0,74.0
2018,770000,50000,1,2,0,1248.0,88.5
2015,445000,40200,1,2,0,1498.0,74.96
2018,700000,30000,2,2,0,1197.0,81.83
2014,560000,90000,1,2,0,1248.0,88.8
2013,475000,48000,1,2,1,1498.0,98.96
2014,465000,27233,1,2,0,1498.0,98.63
2017,520000,28832,1,2,0,1248.0,74.0
2011,225000,35000,2,2,0,1368.0,90.0
2015,700000,35000,2,2,0,1373.0,93.7
2017,780000,40000,1,2,0,1248.0,88.5
2006,93150,80000,2,2,1,1497.0,78.0
2016,403000,30000,1,2,1,1493.0,100.0
2009,229999,50000,2,2,1,1086.0,68.05
2016,525000,40000,1,2,1,1248.0,74.0
2014,560000,25000,2,2,0,1373.0,93.7
2020,830000,120000,1,2,0,2179.0,152.87
2011,250000,60000,1,2,1,1248.0,73.9
2014,450000,110000,1,2,0,2523.0,63.0
2016,745000,67000,1,2,0,1997.0,120.0
2010,144000,50000,1,2,1,1399.0,68.0
2008,120000,40000,2,2,0,1061.0,64.0
2008,300000,120000,1,2,1,2179.0,138.1
2009,270000,150000,1,2,1,2523.0,63.0
2014,260000,38000,1,2,0,1248.0,74.0
2015,475000,120000,1,2,0,1364.0,67.05
2011,302000,103000,1,2,2,1399.0,68.0
2017,775000,80000,1,2,0,1248.0,88.5
2015,700000,50000,1,2,0,1248.0,88.76
2014,530000,90000,1,2,0,1248.0,74.0
2017,869999,70000,1,2,0,1497.0,108.5
2006,155000,110000,1,2,2,1991.0,112.2
2019,550000,30000,2,1,0,1199.0,83.83
2016,600000,80000,1,2,1,1248.0,74.0
2012,430000,110000,1,2,1,1248.0,73.9
2010,246000,120000,1,2,0,1248.0,90.0
2014,565000,70000,2,2,1,1197.0,81.83
2018,850000,60000,1,2,0,1396.0,88.76
2006,160000,90000,2,2,0,796.0,46.3
2014,325000,142500,1,2,0,1248.0,75.0
2011,450000,90000,1,2,2,2179.0,120.0
2015,310000,50000,2,2,0,1086.0,68.05
2013,250000,90000,1,2,2,1498.0,98.6
2015,420000,115000,1,2,1,1248.0,74.0
2013,330000,150000,2,1,1,1396.0,98.6
2015,405000,68000,2,2,1,1197.0,81.8
2013,400000,90000,1,2,1,2523.0,62.1
2010,409999,110000,2,1,2,1497.0,116.3
2013,500000,70000,1,2,1,2523.0,62.1
2006,80000,118000,2,2,0,1458.625015808777,91.51791898382203
2007,135000,100000,2,2,1,1086.0,68.05
2018,650000,35500,1,2,0,1248.0,74.02
2018,400000,17500,2,2,0,998.0,67.04
2017,350000,27000,2,2,0,998.0,67.05
2017,550000,60000,1,2,0,1186.0,73.97
2016,350000,25000,2,2,0,998.0,67.04
2015,459999,80000,1,2,0,1248.0,74.0
2012,185000,60000,2,2,1,796.0,46.3
2013,550000,38000,1,2,0,1199.0,73.9
2012,300000,100000,4,2,1,998.0,58.2
2012,175000,60000,2,2,2,1458.625015808777,91.51791898382203
2016,900000,92000,1,2,0,1498.0,98.6
2012,550000,180000,1,2,2,2523.0,62.1
2018,625000,10000,2,2,0,1197.0,83.1
2017,310000,35000,2,2,1,796.0,47.3
2017,500000,35000,1,2,0,1248.0,74.0
2016,610000,23000,1,2,0,1120.0,70.0
2012,150000,150000,1,2,2,1396.0,69.0
2015,480000,70000,1,2,0,1120.0,71.0
2017,650000,40000,2,2,0,1197.0,81.83
2012,290000,100000,1,2,1,1396.0,90.0
2017,300000,50000,2,2,1,796.0,47.3
2010,270000,120000,1,2,2,1248.0,73.9
2015,400000,60000,1,2,1,1120.0,71.0
2015,280000,28000,2,2,1,796.0,47.3
2009,250000,60000,2,2,2,1298.0,85.8
2012,495000,80000,1,2,1,1248.0,73.9
2019,700000,4500,2,2,0,1199.0,88.76
2013,310000,70000,1,2,0,1396.0,69.0
2017,650000,120000,1,2,0,1461.0,83.8
2015,600000,80000,2,1,0,1199.0,88.7
2009,150000,150000,1,2,2,2179.0,138.1
2009,135000,120000,2,2,0,1390.0,75.0
2014,650000,50000,1,2,0,1248.0,74.0
2012,550000,83000,2,2,0,1497.0,116.3
2017,650000,20000,1,2,0,1248.0,74.02
2017,450000,6750,2,2,0,1198.0,86.8
2015,650000,26000,2,2,0,1373.0,91.1
2017,430000,52000,2,2,0,1197.0,81.86
2019,700000,20000,2,1,0,1197.0,81.8
2011,229999,18500,2,2,0,1197.0,85.8
2017,509999,142000,1,2,0,1493.0,100.0
2016,670000,50478,2,2,0,1499.0,110.4
2019,525000,9200,2,1,0,1199.0,83.83
2016,515000,40000,1,2,0,1461.0,83.8
2020,630000,5000,2,2,0,1197.0,81.8
2019,270000,2300,2,2,0,799.0,53.64
2016,300000,40000,2,2,0,796.0,47.3
2012,250000,119000,1,2,0,2489.0,95.0
2017,750000,100000,1,2,0,1248.0,88.5
2009,135000,50000,2,2,1,1061.0,67.0
2013,275000,80000,2,2,1,1196.0,73.0
2018,740000,15000,2,2,0,1198.0,108.5
2019,690000,1303,2,2,0,1198.0,86.7
2018,1000000,4295,2,2,0,1496.0,105.5
2018,1000000,5229,2,2,0,1496.0,105.5
2019,550000,4701,2,2,0,1197.0,81.86
2016,600000,6757,2,2,0,1197.0,81.8
2016,675000,28182,2,1,0,1598.0,103.52
2019,950000,11533,2,2,0,1498.0,104.55
2017,850000,11688,2,2,0,1497.0,117.3
2012,550000,57728,2,1,0,1794.0,138.1
2018,925000,23712,1,2,0,1248.0,88.5
2015,625000,70670,2,1,0,1499.0,110.0
2014,200000,43381,2,2,1,796.0,47.3
2014,635000,79011,2,1,0,1497.0,117.3
2016,550000,56494,2,2,0,1199.0,88.7
2014,425000,50000,1,2,1,1248.0,88.73
2011,220000,40000,2,2,0,998.0,67.1
2018,590000,10000,2,2,0,1197.0,81.86
2017,775000,35000,1,2,0,2498.0,105.0
2015,350000,58500,2,2,0,1197.0,85.8
2018,575000,20000,2,2,0,1197.0,83.1
2011,200000,43500,2,2,1,1198.0,75.0
2015,600000,63000,1,2,0,1498.0,98.59
2016,720000,35000,1,2,0,2523.0,62.1
2012,158000,110000,1,2,1,1396.0,69.0
2017,580000,30000,2,1,0,1197.0,81.86
2012,420000,50000,1,2,0,2523.0,62.1
2018,1200000,35000,1,2,0,1497.0,121.0
2018,350000,30000,2,2,0,999.0,67.0
2014,650000,56000,2,2,0,1497.0,117.3
2017,400000,12700,2,2,0,998.0,67.04
2018,700000,35000,1,2,0,1497.0,108.5
2017,520000,30000,2,2,0,1197.0,82.0
2012,450000,120000,1,2,0,2179.0,120.0
2017,850000,100000,1,2,0,2179.0,147.94
2017,350000,34000,2,2,0,799.0,53.3
2011,450000,56000,1,2,0,2489.0,95.0
2008,165000,90000,2,2,0,1086.0,68.05
2010,160000,65000,2,2,1,1086.0,62.1
2011,300000,80000,1,2,0,2179.0,138.0
2012,550000,90000,1,2,2,2179.0,120.0
2015,285000,40000,2,2,0,998.0,67.05
2016,850000,58000,1,2,0,1582.0,126.2
2018,700000,19100,2,2,0,1194.0,94.68
2018,900000,25000,2,2,0,1462.0,103.0
2016,220000,100000,2,2,0,814.0,55.2
2013,120000,120000,1,2,0,1248.0,74.0
2010,220000,90000,2,2,2,1197.0,80.0
2013,420000,46815,1,2,1,1248.0,76.9
2013,160000,110000,1,2,0,1405.0,70.0
2015,250000,80000,2,2,0,814.0,55.2
2013,385000,100000,1,2,2,1248.0,88.8
2014,318000,80000,2,2,0,998.0,67.06
2018,480000,40000,2,2,0,1197.0,81.86
2015,330000,70000,2,2,2,998.0,67.04
2011,152000,80000,1,2,0,1405.0,71.0
2014,250000,40000,2,2,0,796.0,47.3
2011,248000,80000,1,2,0,1405.0,71.0
2011,300000,60000,2,2,1,1198.0,75.0
2017,550000,50000,2,2,0,1197.0,81.83
2016,650000,30000,1,2,0,1396.0,88.73
2017,445000,25000,2,2,0,1197.0,82.0
2016,600000,100000,1,2,0,1493.0,100.0
2014,495000,175000,1,2,0,1461.0,108.45
2011,220000,65000,2,1,2,1586.0,103.3
2011,260000,65000,2,1,2,1586.0,103.3
2009,150000,90000,2,2,0,1086.0,62.1
2011,200000,80000,1,2,1,1399.0,68.0
2012,285000,80000,1,2,1,1458.625015808777,91.51791898382203
2008,250000,60000,2,1,2,1339.0,108.5
2014,310000,160000,1,2,0,2489.0,93.7
2018,560000,20000,2,2,0,1197.0,83.1
2016,500000,30000,2,2,0,1197.0,83.14
2013,270000,118000,1,2,0,1120.0,70.0
2013,420000,69000,1,2,2,1582.0,126.32
2015,434999,25000,2,2,1,1197.0,83.14
2015,400000,100000,2,1,0,1197.0,81.86
2015,470000,110000,1,2,0,1248.0,74.0
2015,480000,60000,1,2,2,1461.0,83.8
2008,105000,128000,2,2,0,1086.0,62.0
2017,325000,120000,1,2,0,1047.0,69.0
2012,280000,80000,1,2,1,1458.625015808777,91.51791898382203
2020,675000,5000,2,1,0,1197.0,81.86
2009,170000,90000,2,2,1,1197.0,78.9
2012,600000,144030,2,2,0,2354.0,177.6
2016,650000,29000,2,2,0,1197.0,81.83
2007,105000,90000,4,2,1,1061.0,57.5
2009,200000,176000,1,2,1,1461.0,66.0
2013,200000,150000,1,2,0,1396.0,69.0
2016,220000,90000,2,2,0,796.0,34.2
2014,500000,70000,2,2,1,1598.0,103.2
2007,175000,99000,1,2,1,1461.0,65.0
2018,450000,5000,2,2,0,1199.0,84.0
2008,210000,90000,1,2,2,1991.0,123.7
2011,270000,89000,1,2,1,1248.0,73.9
2006,110000,88000,1,2,1,1405.0,62.0
2015,480000,30000,1,2,0,1248.0,74.0
2016,650000,50000,1,1,1,1248.0,74.0
2013,480000,80000,1,2,0,1248.0,74.0
2016,700000,40000,1,2,0,1396.0,88.73
2015,650000,110000,1,2,2,1248.0,88.76
2018,1080000,12800,2,1,0,1496.0,105.5
2012,170000,40000,2,2,0,814.0,55.2
2017,610000,49000,1,2,0,1248.0,74.0
2014,350000,25000,2,2,0,1197.0,85.8
2016,260000,65000,2,2,1,796.0,47.3
2015,700000,20000,1,2,0,1248.0,91.7
2018,678000,17000,2,2,0,999.0,75.0
2015,800000,15000,1,2,0,1248.0,88.5
2014,400000,120000,1,2,1,1364.0,67.04
2010,300000,49000,2,2,0,1197.0,80.0
2016,520000,29000,2,2,0,1197.0,81.83
2017,850000,55000,1,1,0,1461.0,108.5
2017,830000,35000,1,2,0,1497.0,108.5
2018,430000,5000,2,2,1,1198.0,67.0
2017,850000,60000,1,2,0,1498.0,98.59
2017,650000,70000,2,2,0,1197.0,83.14
2008,120000,120000,1,2,1,1493.0,110.0
2016,730000,65100,1,2,1,1493.0,100.0
2019,525000,20000,2,1,0,1197.0,81.8
2015,600000,108000,1,2,0,1396.0,88.73
2019,500000,15000,2,2,0,1197.0,81.8
2009,150000,77000,2,2,0,1086.0,62.1
2015,409999,18500,2,2,0,998.0,67.04
2016,625000,120000,1,2,0,1493.0,100.0
2015,290000,15200,2,2,0,799.0,53.3
2015,500000,35000,2,2,0,1497.0,117.3
2011,475000,80000,1,2,0,1582.0,126.32
2013,190000,70000,2,2,0,814.0,55.2
2014,750000,80000,1,2,1,2179.0,140.0
2014,525000,120000,1,2,1,1461.0,108.5
2012,495000,82000,1,2,2,1998.0,163.7
2015,503000,110000,1,2,0,2179.0,147.94
2013,225000,58343,2,2,0,998.0,67.05
2018,740000,38817,1,2,0,1248.0,74.0
2016,550000,56494,2,2,0,1199.0,88.7
2013,750000,79328,1,2,1,2494.0,100.6
2019,650000,5621,2,1,0,1197.0,81.8
2017,625000,25538,2,2,0,1496.0,88.73
2018,600000,69779,2,1,0,1197.0,81.8
2017,450000,56290,1,2,0,1186.0,73.97
2019,779000,7032,2,1,0,1199.0,88.76
2016,645000,11000,2,1,0,1598.0,103.5
2010,321000,60000,2,1,1,1497.0,118.0
2017,585000,50000,2,2,0,1197.0,78.9
2011,225000,70000,1,2,0,1399.0,68.0
2017,500000,70000,1,2,0,1498.0,98.6
2011,350000,90000,1,2,2,1396.0,90.0
2016,756000,70000,1,2,1,1248.0,88.5
2014,240000,50000,2,2,0,796.0,47.3
2012,80000,120000,2,2,1,796.0,35.0
2019,800000,5000,2,2,0,1197.0,81.86
2009,320000,80000,1,2,2,2179.0,120.0
2017,509999,25000,2,2,0,1197.0,82.0
2019,650000,15000,1,2,0,1248.0,74.0
2011,210000,35000,2,2,1,998.0,67.1
2008,110000,80000,2,2,1,796.0,46.3
2017,665000,25000,1,2,0,1497.0,108.5
2017,555000,52000,1,2,0,1498.0,108.62
2017,560000,52000,1,2,0,1498.0,108.62
2016,375000,80000,1,2,0,1198.0,77.0
2011,290000,77000,1,2,1,1458.625015808777,91.51791898382203
2017,605000,127000,1,2,0,1248.0,74.02
2017,720000,30000,2,2,0,1199.0,88.7
2017,800000,70000,1,2,0,1248.0,88.5
2011,350000,116500,1,2,0,1396.0,90.0
2012,600000,145000,1,2,1,2494.0,100.0
2012,300000,120000,2,2,0,1197.0,82.85
2011,240000,120000,1,2,0,2179.0,138.1
2016,377000,80000,1,2,0,1498.0,99.0
2013,450000,140000,2,2,0,1373.0,93.7
2008,160000,100000,2,2,2,1599.0,103.2
2019,525000,100000,2,2,0,1197.0,81.86
2011,550000,168000,1,2,1,2494.0,102.0
2010,270000,120000,1,2,2,1991.0,147.9
2016,570000,145000,1,2,1,1364.0,67.05
2011,225000,90000,1,2,1,1399.0,68.0
2019,590000,90000,2,2,0,1197.0,81.86
2019,800000,33000,2,2,0,1194.0,94.93
2014,450000,13500,2,2,0,1199.0,82.4
2012,300000,80000,1,2,0,1405.0,70.0
2017,645000,20000,2,2,0,1197.0,81.83
2013,520000,58000,1,2,0,1248.0,74.0
2013,200000,40000,2,2,0,814.0,55.2
2015,700000,30000,2,2,0,1497.0,117.3
2016,459999,73000,1,2,0,1498.0,99.0
2014,325000,90000,1,2,1,1248.0,73.94
2015,350000,50000,2,2,1,998.0,67.04
2011,440000,80000,1,2,2,1582.0,126.3
2011,320000,70000,1,2,1,1396.0,90.0
2011,169000,41000,2,2,0,995.0,62.0
2013,350000,50000,2,2,2,1198.0,73.9
2014,350000,113226,1,2,0,1399.0,67.0
2013,310000,90000,1,2,1,1399.0,68.1
2007,150000,70000,2,2,2,1458.625015808777,91.51791898382203
2010,420000,160500,1,2,2,2179.0,115.0
2015,685000,30000,2,1,0,1373.0,91.1
2014,560000,132000,1,2,1,1461.0,108.45
2013,470000,120000,1,2,2,1248.0,74.0
2011,380000,80000,2,2,1,1599.0,103.2
2015,670000,57000,1,2,1,1997.0,120.0
2018,550000,5000,2,2,0,1197.0,81.8
2016,749000,25000,2,2,0,1591.0,121.3
2015,899000,80000,1,2,1,1582.0,126.2
2011,290000,88000,1,2,2,1991.0,123.7
2015,350000,60000,2,2,0,1198.0,67.0
2017,500000,43000,2,2,0,1197.0,83.14
2014,400000,77000,1,1,1,1498.0,103.6
2016,260000,30000,2,2,0,799.0,53.3
2015,220000,40000,2,2,1,796.0,47.3
2014,190000,139000,1,2,1,1248.0,73.8
2016,400000,80000,2,2,0,1197.0,82.0
2014,170000,76000,1,2,1,936.0,56.3
2019,650000,3500,2,2,0,1197.0,81.86
2007,60000,62000,2,2,1,796.0,37.0
2007,300000,110000,2,2,1,2092.0,127.0
2012,125000,40000,2,2,1,995.0,62.1
2013,130000,120000,1,2,1,1458.625015808777,91.51791898382203
2011,170000,70000,2,2,2,796.0,46.3
2012,310000,77000,1,2,1,1248.0,73.9
2011,130000,110000,2,2,1,995.0,62.0
2016,465000,20000,2,2,0,998.0,67.04
2012,260000,16830,2,2,0,998.0,67.1
2013,500000,70000,1,2,0,2523.0,63.0
2017,325000,38000,2,2,0,999.0,67.0
2013,400000,80000,1,2,0,2523.0,63.0
2007,200000,50000,1,2,0,1396.0,52.8
2013,450000,52000,1,2,0,1493.0,100.0
2012,229999,50000,1,2,0,1405.0,70.0
2016,340000,30000,2,2,0,814.0,55.2
2014,550000,103000,1,2,0,2523.0,62.1
2010,225000,80000,2,2,1,1595.0,102.0
2013,280000,70000,1,2,0,1396.0,69.0
2019,700000,4500,2,2,0,1199.0,88.76
2012,259000,35000,1,2,0,1396.0,69.0
2015,416000,40000,2,1,0,1499.0,110.4
2011,250000,70000,1,2,0,1248.0,90.0
2010,210000,120000,1,2,0,1248.0,88.8
2008,290000,120000,1,2,1,2179.0,120.0
2012,220000,90000,1,2,0,1396.0,69.0
2012,246000,35000,1,2,1,1396.0,69.0
2018,260000,30000,2,2,0,796.0,34.2
2018,1050000,70000,1,2,0,1396.0,88.7
2012,290000,60000,1,2,0,1248.0,88.76
2013,310000,70000,1,2,0,1396.0,69.0
2018,700000,6000,2,2,0,1197.0,81.83
2016,550000,20000,2,2,0,1197.0,81.8
2017,450000,70000,1,2,0,1405.0,69.01
2016,773000,65000,2,2,0,1497.0,117.3
2017,450000,25000,2,2,0,1199.0,84.0
2019,409999,10000,2,2,0,1196.0,73.0
2014,600000,80000,2,1,1,2496.0,179.5
2010,250000,63000,2,2,0,1199.0,79.4
2008,70000,100000,1,2,0,1405.0,62.0
2019,690000,1303,2,2,0,1198.0,86.7
2018,1000000,4295,2,2,0,1496.0,105.5
2018,1000000,5229,2,2,0,1496.0,105.5
2018,925000,23712,1,2,0,1248.0,88.5
2016,550000,56494,2,2,0,1199.0,88.7
2018,430000,16589,2,2,0,998.0,67.04
2013,750000,79328,1,2,1,2494.0,100.6
2016,675000,53201,2,2,1,1497.0,117.3
2017,570000,25272,2,2,0,1197.0,81.8
2017,850000,53619,1,2,0,1248.0,88.5
2019,779000,7032,2,1,0,1199.0,88.76
2018,640000,6001,2,2,0,1496.0,120.69
2013,250000,80000,1,2,0,1405.0,69.01
2017,889000,25000,2,2,0,1497.0,121.31
2017,750000,40000,1,2,1,1396.0,88.73
2010,320000,130000,1,2,2,1248.0,75.0
2018,1000000,40000,1,2,0,1248.0,88.5
2008,250000,120000,2,2,1,1497.0,78.0
2015,600000,60000,1,2,0,1248.0,74.0
2009,165000,60000,2,2,0,998.0,67.1
2016,700000,78000,1,2,0,1248.0,74.0
2013,585000,80000,1,2,1,1461.0,83.8
2006,120000,120000,2,2,2,796.0,46.3
2006,150000,100000,2,2,1,796.0,46.3
2009,150000,70000,2,2,2,796.0,46.3
2006,250000,120000,1,2,2,2179.0,120.0
2013,599000,60000,1,2,1,1248.0,88.76
2010,250000,135000,1,2,2,1991.0,147.9
2016,570000,90000,2,2,0,1197.0,81.8
2013,440000,75000,1,2,1,1199.0,73.9
2015,300000,71717,2,1,1,1198.0,76.0
2011,500000,150000,1,1,1,2179.0,120.0
2016,660000,55000,1,2,0,1248.0,74.0
2012,256000,90000,2,2,1,1596.0,99.6
2018,409999,35000,2,2,0,999.0,67.0
2011,250000,100000,4,2,1,1086.0,62.1
2009,280000,40000,2,1,2,1799.0,130.0
2010,300000,100000,1,2,0,2489.0,95.0
2016,900000,120000,1,2,0,2179.0,147.94
2014,190000,60000,2,2,0,998.0,67.1
2019,800000,2000,1,2,0,2523.0,63.0
2012,450000,100000,1,2,0,2523.0,75.0
2015,400000,110000,1,2,0,2489.0,93.7
2009,150000,90000,1,2,1,2179.0,138.1
2011,200000,84321,1,2,0,1396.0,70.0
2013,600000,177000,1,2,0,2179.0,140.0
2010,175000,60000,1,2,0,1248.0,75.0
2008,215000,70000,2,2,1,1197.0,78.9
2011,190000,70000,2,2,2,1458.625015808777,91.51791898382203
2013,520000,126000,1,2,1,1461.0,108.45
2015,285000,70000,1,2,0,1405.0,70.0
2017,660000,82000,1,2,0,1493.0,100.0
2015,515000,45000,2,2,1,1197.0,83.14
2012,295000,70000,1,2,1,1461.0,84.8
2015,700000,80000,1,2,1,1461.0,83.8
2017,1100000,45000,1,2,0,2179.0,120.0
2017,300000,60000,2,2,0,998.0,68.05
2013,450000,41800,2,2,0,1197.0,85.8
2010,135000,132000,2,2,1,1458.625015808777,91.51791898382203
2017,700000,50000,1,2,1,1248.0,74.02
2012,250000,40000,1,2,0,1399.0,68.0
2009,140000,96000,2,2,1,1061.0,67.0
2012,250000,117000,1,2,0,2498.0,112.0
2011,210000,110000,2,2,1,1086.0,68.05
2014,420000,100000,1,2,1,1498.0,98.6
2007,130000,88700,2,2,2,796.0,46.3
2012,320000,70000,2,2,1,1498.0,97.7
2010,200000,110000,2,2,1,1061.0,64.0
2016,310000,15000,2,2,0,796.0,47.3
2012,200000,80000,1,2,1,1461.0,65.0
2014,350000,50000,2,2,0,1197.0,85.8
2018,444000,15000,2,2,0,814.0,55.2
2017,300000,25000,2,2,0,799.0,53.64
2011,225000,57000,1,2,1,1461.0,64.1
2012,600000,75000,1,2,0,2523.0,62.1
2013,260000,26000,2,2,0,1196.0,73.0
2015,375000,160000,1,2,0,1120.0,71.01
2013,260000,26000,2,2,0,1196.0,73.0
2010,150000,120000,2,2,1,796.0,46.3
2014,110000,50000,2,2,1,796.0,46.3
2012,225000,40000,2,2,0,796.0,46.3
2011,400000,90000,1,2,2,1458.625015808777,91.51791898382203
2017,860000,28000,2,2,0,1497.0,117.3
2018,650000,50000,1,2,0,1248.0,74.02
2014,650000,90000,1,2,0,1248.0,88.8
2016,710000,40000,1,2,0,1396.0,88.7
2017,430000,113000,1,2,0,1498.0,99.0
2011,305000,188000,1,2,1,1248.0,75.0
2011,220000,100000,1,2,0,1399.0,68.0
2017,660000,67000,1,2,1,1493.0,100.0
2011,140000,70000,1,2,2,936.0,57.6
2017,625000,34000,1,1,0,1498.0,108.495
2012,540000,100000,2,2,1,1497.0,116.3
2017,550000,10000,2,1,0,1197.0,81.86
2018,475000,30000,2,2,0,998.0,67.04
2018,540000,7000,2,2,0,1086.0,68.0
2018,910000,20000,1,2,0,2596.0,80.8
2019,484999,4875,2,2,0,998.0,67.04
2018,950000,58511,1,2,0,1248.0,88.5
2015,365000,105000,1,2,0,1498.0,99.0
2018,900000,26235,1,2,0,2498.0,105.0
2017,919999,26766,1,2,0,1497.0,108.5
2019,1075000,23000,1,2,0,1497.0,121.0
2017,600000,24522,2,2,0,1197.0,81.8
2016,839000,63000,1,2,0,1248.0,88.5
2019,635000,2000,2,2,0,1199.0,74.0
2011,180000,190000,1,2,2,1461.0,65.0
2015,650000,80000,1,2,0,1498.0,98.6
2011,350000,80000,2,2,1,1198.0,90.0
2015,265000,54000,2,2,0,998.0,67.05
2018,330000,30000,2,2,0,999.0,67.0
2019,395000,5000,2,2,0,1196.0,73.0
2015,700000,58945,1,2,0,1493.0,100.0
2012,300000,90000,1,2,0,1399.0,68.0
2013,625000,160000,1,2,2,1248.0,88.76
2014,425000,80000,1,2,1,1598.0,103.6
2015,250000,80000,1,2,1,1405.0,69.01
2015,459999,156975,1,2,0,2523.0,62.1
2014,300000,50000,2,2,0,1199.0,82.4
2018,950000,27620,1,2,0,1498.0,98.59
2013,484999,120000,1,2,0,2179.0,120.0
2009,161000,120000,1,2,2,2498.0,112.0
2015,500000,58000,2,2,0,1197.0,81.86
2012,350000,50000,2,2,0,1498.0,97.7
2017,550000,40000,2,1,0,1197.0,81.8
2018,850000,7800,2,2,0,1199.0,88.7
2016,240000,50000,2,2,0,796.0,47.3
2015,423000,60000,2,2,1,1373.0,93.7
2011,350000,58000,1,2,1,2179.0,138.1
2011,170000,70000,2,2,2,998.0,66.1
2015,450000,70000,2,2,0,1196.0,86.8
2009,150000,110000,2,2,1,1197.0,78.9
2016,511000,80000,1,2,0,1396.0,88.73
2018,850000,59000,1,2,0,1498.0,93.87
2018,250000,110000,1,2,0,1396.0,69.0
2020,420000,25000,2,2,0,998.0,67.04
2014,180000,55000,2,2,0,796.0,47.3
2015,400000,25000,1,2,0,793.0,47.0
2016,500000,143200,1,2,0,1498.0,99.0
2012,204999,120000,1,2,0,1461.0,63.1
2014,459999,145000,1,2,1,1248.0,88.5
2017,600000,30000,2,2,0,1197.0,81.83
2019,585000,8000,2,2,0,1197.0,81.86
2012,551000,170000,1,2,0,2499.0,141.0
2013,525000,100000,1,2,0,1248.0,74.0
2012,160000,62000,2,2,0,796.0,35.0
2014,825000,110000,1,2,0,2179.0,140.0
2007,127000,137000,3,2,0,1458.625015808777,91.51791898382203
2015,600000,80000,1,2,1,2499.0,72.4
2013,550000,100000,1,2,0,1248.0,74.0
2015,650000,120000,1,2,0,2523.0,63.0
2019,750000,24000,1,2,0,1248.0,74.02
2017,380000,80000,1,2,0,1198.0,77.0
2012,400000,138000,1,2,0,1582.0,126.32
2017,750000,60000,1,2,0,1493.0,100.0
2011,150000,80000,2,2,0,995.0,62.0
2016,245000,50000,2,2,0,796.0,47.3
2013,260000,189000,1,2,0,1248.0,88.76
2014,411000,90000,1,1,1,1498.0,103.2
2014,450000,56000,1,2,0,1396.0,88.76
2016,351000,60000,2,2,0,998.0,67.04
2012,550000,130000,1,2,0,2179.0,140.0
2013,260000,189000,1,2,0,1248.0,88.76
2014,411000,90000,1,1,1,1498.0,103.2
2014,450000,56000,1,2,0,1396.0,88.76
2016,351000,60000,2,2,0,998.0,67.04
2012,550000,130000,1,2,0,2179.0,140.0
2016,750000,35000,1,2,0,1461.0,83.8
2015,800000,35000,1,2,0,1461.0,83.8
2011,350000,156000,1,2,0,2179.0,138.1
2013,200000,90000,2,2,0,796.0,47.3
2008,150000,60000,1,2,2,1405.0,70.0
2016,800000,36000,1,2,0,1461.0,108.5
2017,350000,20000,2,2,1,814.0,55.2
2011,350000,160000,1,2,0,2179.0,138.0
2006,250000,185000,1,2,0,2609.0,116.6
2010,170000,110000,1,2,1,1405.0,71.0
2018,395000,10800,2,2,0,799.0,53.3
2012,450000,120000,1,2,0,2523.0,62.1
2019,500000,15000,2,2,0,1197.0,81.8
2012,200000,67500,1,2,0,1948.0,68.0
2016,400000,50000,1,2,0,1198.0,77.0
2016,650000,100000,1,2,0,1493.0,100.0
2016,550000,150000,1,2,0,2523.0,63.0
2012,254999,30000,2,2,0,796.0,47.3
2011,180000,60000,2,2,0,796.0,46.3
2008,225000,120000,1,2,1,1991.0,123.7
2015,270000,49900,2,2,1,796.0,47.3
2012,310000,86000,1,2,0,1248.0,88.8
2015,225000,71850,2,2,0,1198.0,67.0
2015,300000,95000,1,2,2,1248.0,75.0
2008,250000,70000,2,2,2,1298.0,85.8
2011,180000,35000,2,2,0,814.0,55.2
2015,550000,50000,2,2,0,1197.0,83.14
2007,300000,120000,1,2,2,2523.0,63.0
2015,900000,145000,1,2,0,1582.0,126.2
2012,254999,190000,1,2,2,1458.625015808777,91.51791898382203
2015,590000,110000,1,2,0,1248.0,74.0
2008,170000,112000,4,2,1,1061.0,57.5
2016,475000,110000,1,2,0,1248.0,73.94
2018,700000,29000,1,2,0,1186.0,73.97
2011,376000,60000,2,2,0,998.0,67.1
2012,440000,120000,1,1,2,2179.0,120.0
2016,390000,80000,2,2,0,998.0,67.04
2012,325000,110000,1,2,1,2523.0,62.1
2010,170000,75000,2,2,1,796.0,46.3
2010,215000,120000,1,2,2,1248.0,73.9
2010,350000,110000,2,2,2,1497.0,118.0
2009,80000,80000,2,2,2,995.0,62.0
2012,195000,80000,2,2,1,814.0,55.2
2011,280000,85000,1,2,0,1458.625015808777,91.51791898382203
2014,335000,71000,1,2,0,1461.0,84.8
2011,475000,108000,1,2,0,2179.0,140.0
2015,484999,75000,1,2,0,1461.0,83.8
2018,650000,22000,2,2,1,1462.0,103.25
2018,700000,30000,2,2,1,1197.0,81.83
2018,900000,60000,1,2,0,2523.0,75.0
2013,350000,80000,1,2,0,1199.0,73.9
2017,750000,51777,1,2,0,1248.0,88.5
2018,600000,20000,2,2,0,1199.0,88.76
2018,565000,19000,2,2,0,999.0,75.0
2016,329000,19000,2,2,0,1198.0,67.0
2016,650000,50000,1,2,0,1498.0,98.59
2015,822000,60000,1,2,0,1582.0,126.2
2013,345000,100000,1,2,1,1461.0,108.45
2012,330000,50000,1,2,1,1248.0,74.0
2014,300000,74537,2,2,1,998.0,67.04
2009,200000,90000,2,1,1,1586.0,103.3
2012,200000,80000,1,2,1,1458.625015808777,91.51791898382203
2010,90000,70000,2,2,1,995.0,62.0
2010,200000,80000,2,2,1,1061.0,67.0
2016,550000,35000,1,2,0,1120.0,71.0
2015,250000,23500,2,2,0,1199.0,76.8
2017,975000,82000,1,2,0,1498.0,97.9
2018,610000,15000,2,2,0,1197.0,81.83
2017,620000,30000,1,2,0,1248.0,74.0
2016,400000,30000,2,2,0,1197.0,82.0
2019,500000,11000,2,2,0,998.0,67.0
2017,200000,140000,2,2,0,1198.0,67.05
2016,360000,110000,1,2,0,1248.0,88.7
2012,252000,48000,2,2,0,998.0,67.1
2012,280000,70000,1,2,1,1248.0,74.0
2018,509999,70000,2,2,1,1197.0,81.8
2016,1050000,58000,1,2,0,1997.0,120.0
2010,200000,40000,4,2,2,1061.0,57.5
2010,320000,40000,1,2,1,2498.0,112.0
2013,520000,110000,1,2,0,2179.0,120.0
2007,250000,80000,1,2,1,2179.0,138.1
2017,725000,60000,1,2,0,1248.0,88.5
2015,585000,50000,1,2,0,2523.0,62.1
2017,430000,25000,2,2,0,1199.0,84.0
2011,235000,100000,1,2,1,1248.0,74.0
2012,350000,52000,1,2,2,1248.0,73.9
2010,131000,80000,2,2,2,1086.0,68.05
2016,450000,85000,1,2,0,1498.0,98.6
2016,750000,83000,1,2,0,1248.0,88.5
2013,200000,50000,2,2,0,796.0,47.3
2009,125000,120000,2,2,2,1061.0,67.0
2014,500000,100000,1,2,0,2523.0,62.1
2012,380000,70000,1,2,2,1248.0,74.0
2008,128000,19000,2,2,0,796.0,46.3
2009,250000,68600,2,2,2,1497.0,118.0
2017,690000,60000,1,2,0,1493.0,70.0
2014,650000,65000,1,2,1,2523.0,62.1
2012,560000,40000,2,2,1,1497.0,116.3
2012,120000,160000,1,2,1,1458.625015808777,91.51791898382203
2016,400000,25000,2,2,0,998.0,67.04
2012,200000,29500,2,2,0,998.0,67.1
2018,950000,13887,2,2,0,1591.0,121.3
2016,300000,50000,2,2,1,796.0,47.3
2016,315000,30000,2,2,1,799.0,53.3
2012,220000,100000,2,2,0,796.0,47.3
2011,130000,60000,2,2,1,1399.0,92.7
2016,595000,60000,1,2,1,1396.0,88.73
2011,110000,120000,1,2,0,1405.0,70.0
2017,680000,13500,2,2,0,1497.0,121.36
2013,280000,52000,1,2,0,1248.0,75.0
2017,530000,30000,2,2,1,1197.0,83.1
2017,610000,14000,2,2,0,1197.0,82.0
2014,500000,90000,1,2,1,2179.0,147.9
2018,500000,50000,1,2,0,1047.0,69.0
2010,250000,120000,1,2,1,2489.0,95.0
2018,325000,10000,2,2,0,814.0,55.2
2018,550000,10000,2,2,0,1197.0,83.1
2018,720000,25000,2,2,0,1373.0,91.1
2017,950000,20000,2,2,0,1591.0,121.3
2013,350000,60000,1,2,0,1248.0,74.0
2018,500000,40000,2,2,0,1197.0,81.86
2012,380000,60000,1,2,0,1248.0,73.9
2015,380000,50000,2,1,0,1197.0,82.0
2017,900000,20000,2,2,0,1591.0,121.3
2017,295000,35000,2,2,0,796.0,47.3
2016,640000,40000,1,2,0,1248.0,88.5
2018,790000,60000,1,2,0,1497.0,108.5
2015,625000,20000,2,2,0,1591.0,121.4
2017,604000,30000,2,2,1,1497.0,121.36
2015,315000,29000,2,2,0,998.0,67.05
2019,950000,17000,1,2,0,1497.0,115.0
2017,400000,50000,2,2,0,998.0,67.04
2018,700000,42000,2,1,0,1368.0,98.63
2012,260000,110000,1,2,0,1461.0,65.0
2012,200000,90000,1,2,0,1396.0,70.0
2020,580000,70000,2,2,0,1197.0,88.5
2011,330000,66000,1,2,1,1598.0,105.0
2011,400000,70000,1,2,2,1493.0,110.0
2014,250000,50000,1,2,1,1461.0,65.0
2019,725000,25000,2,2,0,1598.0,103.2
2013,300000,70000,1,2,0,1248.0,74.0
2006,120000,40000,2,2,1,796.0,37.0
2009,380000,150000,1,2,0,2179.0,138.0
2014,400000,45000,1,2,0,1405.0,70.0
2011,229999,140000,1,2,1,2179.0,138.1
2011,550000,106000,1,1,1,1968.0,138.1
2008,150000,60000,2,2,2,1150.0,74.9
2017,265000,40000,2,2,1,796.0,34.2
2011,300000,138000,2,2,2,1197.0,80.0
2015,280000,80000,2,2,0,796.0,47.3
2015,350000,50000,2,2,0,1199.0,82.4
2009,200000,120000,2,2,0,1197.0,85.8
2018,550000,24400,2,2,0,1197.0,81.8
2013,400000,60000,1,2,1,2523.0,62.1
2010,170000,120000,2,2,1,1197.0,85.8
2015,600000,60000,1,2,1,1396.0,88.7
2011,130000,100000,2,2,1,796.0,46.3
2007,120000,60000,3,2,1,1458.625015808777,91.51791898382203
2011,100000,120000,2,2,1,796.0,37.0
2016,310000,27500,2,2,0,799.0,53.3
2007,35000,10000,2,2,0,796.0,37.0
2010,200000,120000,2,2,2,1197.0,80.0
2009,270000,70000,1,2,1,1458.625015808777,91.51791898382203
2015,650000,80000,1,2,0,1396.0,88.73
2013,210000,120000,2,2,0,1193.0,64.1
2015,509999,90000,1,2,0,1120.0,71.01
2013,229999,70000,1,2,0,1399.0,68.1
2014,409999,188000,1,2,1,1461.0,108.45
2011,130000,67840,2,2,0,995.0,62.0
2013,95000,30000,2,2,0,624.0,37.48
2016,225000,35000,2,2,1,796.0,47.3
2010,256999,150000,1,2,1,1458.625015808777,91.51791898382203
2017,775000,100000,1,2,0,1248.0,88.5
2017,420000,30000,2,2,0,998.0,67.04
2016,480000,70000,2,2,0,1197.0,82.0
2011,210000,84050,2,2,0,1458.625015808777,91.51791898382203
2018,600000,15000,2,2,0,1199.0,74.0
2009,140000,140000,1,2,1,1399.0,68.0
2010,130000,120000,2,2,2,796.0,35.0
2007,195000,112880,1,2,0,1248.0,74.0
2013,210000,135000,1,2,1,1405.0,70.0
2006,130000,80000,2,2,2,998.0,67.1
2012,141000,128000,2,2,2,1199.0,79.4
2011,280000,120000,1,2,0,2523.0,63.0
2010,350000,30000,2,1,0,1586.0,103.2
2018,575000,70000,2,2,0,1198.0,108.5
2015,550000,41000,2,2,0,1197.0,81.83
2011,420000,28100,2,2,0,1458.625015808777,91.51791898382203
2006,120000,30000,2,2,1,796.0,46.3
2015,320000,30000,2,2,0,998.0,67.05
2011,250000,35000,2,2,0,1495.0,93.7
2010,300000,22000,2,2,0,1586.0,104.68
2006,250000,70000,2,2,0,998.0,67.1
2018,750000,70000,1,2,0,1493.0,70.0
2011,300000,120000,1,2,0,2179.0,138.03
2019,577000,3000,2,2,0,1197.0,81.8
2012,229999,50000,2,2,0,998.0,67.1
2013,500000,50000,1,2,0,2523.0,62.1
2019,840000,1500,2,1,0,1199.0,88.7
2017,900000,74000,1,2,0,1498.0,108.6
2017,650000,25000,2,2,0,1199.0,88.7
2016,650000,61915,1,2,0,1498.0,98.6
2016,250000,110000,2,2,0,814.0,55.2
2016,550000,70000,1,2,0,1498.0,88.0
2007,250000,150000,1,2,2,1248.0,75.0
2013,350000,110000,1,2,1,1493.0,100.0
2014,185000,90000,1,2,1,936.0,56.3
2010,229999,120000,2,2,2,1196.0,70.0
2016,1000000,65000,1,2,0,2494.0,100.6
2019,490000,10000,2,2,0,1197.0,81.8
2009,150000,80000,2,2,1,1197.0,78.9
2013,600000,184000,1,2,0,1248.0,88.76
2013,270000,80000,3,2,1,998.0,58.33
2008,150000,89000,2,2,1,1586.0,104.68
2014,335000,33033,2,2,0,1198.0,86.8
2013,525000,69000,1,2,1,1248.0,74.0
2015,465000,63063,2,1,0,1197.0,82.0
2012,83000,90000,1,2,1,1396.0,69.0
2017,300000,8000,2,2,0,814.0,55.2
2012,350000,35000,2,2,0,1197.0,80.0
2011,300000,45000,2,2,0,1197.0,80.0
2011,250000,30000,1,2,0,1248.0,91.2
2006,114999,59000,2,2,1,796.0,37.0
2018,700000,6200,2,2,0,1462.0,103.0
2020,250000,120000,2,2,1,998.0,67.0
2016,350000,70000,2,2,0,998.0,67.04
2017,850000,110000,1,2,0,2523.0,75.0
2007,90000,93000,2,2,2,995.0,62.0
2014,600000,110000,1,2,0,2499.0,72.4
2007,135000,57000,2,2,0,796.0,46.3
2012,259000,35000,1,2,0,1396.0,69.0
2012,220000,90000,1,2,0,1396.0,69.0
2012,246000,35000,1,2,1,1396.0,69.0
2009,240000,120000,2,2,0,1298.0,85.8
2018,946000,60000,1,2,0,1396.0,88.7
2011,215000,70000,1,2,0,1396.0,69.0
2013,310000,100000,1,2,0,1498.0,98.6
2008,220000,35000,2,2,0,1197.0,78.9
2008,195000,90000,1,2,2,1248.0,75.0
2015,650000,50000,2,2,0,1197.0,81.86
2011,350000,98000,2,2,0,1197.0,80.0
2013,360000,30000,2,2,0,1197.0,82.85
2013,550000,50000,2,2,1,1797.0,147.5
2016,490000,26000,2,2,0,1197.0,82.0
2011,195000,46000,2,2,1,796.0,46.3
2010,125000,80000,2,2,2,796.0,46.3
2019,459999,10000,2,2,0,1199.0,84.0
2015,275000,16700,2,2,0,796.0,47.3
2018,680000,70000,1,2,0,1248.0,74.02
2015,600000,7967,2,2,0,1197.0,83.14
2018,720000,20000,2,2,0,1197.0,81.8
2011,295000,50000,1,2,0,1458.625015808777,91.51791898382203
2016,356000,9656,2,2,0,799.0,53.3
2011,225000,50000,2,2,0,1086.0,68.05
2019,725000,17000,1,2,0,1498.0,98.63
2010,130000,50000,2,2,0,995.0,62.0
2015,300000,10000,2,2,0,799.0,53.3
2013,400000,43000,2,2,1,1197.0,82.85
2013,550000,50000,1,2,0,1396.0,88.7
2006,120000,90000,2,2,1,998.0,67.0
2012,409999,100000,1,2,1,2498.0,112.0
2010,110000,80000,2,2,1,1086.0,62.1
2012,450000,120000,1,2,0,2523.0,62.1
2019,610000,5000,2,2,0,1197.0,81.8
2016,515000,68609,1,2,0,1498.0,89.84
2018,925000,33360,1,2,0,1498.0,98.59
2019,860000,14317,2,2,0,1498.0,104.55
2012,225000,87237,1,2,1,1399.0,68.05
2017,500000,62960,1,2,0,1498.0,99.0
2017,600000,26634,2,1,0,1197.0,81.8
2012,195000,163720,1,2,0,1399.0,68.0
2012,265000,67998,2,2,0,998.0,67.1
2018,650000,20706,1,2,0,1499.0,98.63
2015,415000,100581,1,2,0,1498.0,99.0
2015,600000,67303,1,2,0,1461.0,83.8
2013,340000,79139,2,2,0,1197.0,85.8
2014,350000,84784,1,2,0,1120.0,70.0
2012,265000,130376,1,2,1,1248.0,73.94
2017,625000,72000,1,2,0,2179.0,138.03
2008,245000,127000,1,2,1,1493.0,110.0
2014,395000,120000,1,2,0,1248.0,74.0
2010,190000,120000,1,2,1,1458.625015808777,91.51791898382203
2014,490000,100000,1,2,0,1120.0,71.0
2012,450000,148000,1,2,1,1458.625015808777,91.51791898382203
2018,955000,40000,1,2,0,1248.0,88.5
2013,525000,110000,1,2,0,1248.0,74.0
2017,550000,30000,2,2,0,1199.0,84.0
2014,200000,120000,1,2,1,1405.0,70.0
2017,500000,15000,2,2,0,1196.0,86.8
2016,825000,33500,1,2,0,1248.0,88.5
2012,250000,70000,1,2,0,1493.0,100.0
2015,600000,10000,2,2,0,1197.0,78.8
2016,770000,50000,1,2,0,1493.0,100.0
2011,415000,78432,1,2,0,1991.0,123.7
2018,530000,80000,1,2,0,1498.0,99.23
2012,310000,50000,2,2,1,1198.0,86.8
2017,390000,20000,2,2,0,1199.0,84.0
2016,700000,30000,2,2,0,1591.0,121.3
2010,200000,70000,2,2,1,1086.0,68.05
2014,580000,97000,1,2,0,1498.0,98.6
2014,200000,60000,2,2,1,814.0,55.2
2013,245000,25000,2,2,0,1199.0,84.8
2010,210000,94000,2,2,1,1197.0,78.9
2019,660000,35000,1,2,0,1248.0,74.0
2015,630000,117500,2,2,1,1497.0,117.3
2018,740000,8000,2,2,0,1197.0,81.83
2017,570000,25000,2,2,0,1196.0,86.8
2012,450000,60000,1,2,2,1582.0,126.32
2019,390000,10000,2,2,0,999.0,67.0
2009,180000,70000,2,2,1,1597.0,92.0
2015,130000,60000,2,2,0,624.0,37.48
2006,170000,90000,2,2,2,1599.0,103.2
2018,490000,25000,2,2,0,1199.0,84.0
2012,280000,60000,1,2,1,1498.0,88.7
2018,390000,25000,2,2,0,1199.0,84.0
2013,170000,60000,2,2,2,796.0,47.3
2008,45000,70000,2,2,0,995.0,62.0
2016,640000,80000,1,2,1,1248.0,88.5
2015,650000,110000,1,2,1,2523.0,75.0
2013,500000,115717,1,2,0,2179.0,120.0
2008,90000,110000,1,2,1,1399.0,68.0
2014,480000,70000,1,2,1,2179.0,147.9
2019,630000,4000,2,2,0,1197.0,81.8
2011,250000,50000,2,2,0,1197.0,78.9
2016,330000,70000,2,2,2,1197.0,82.0
2009,180000,70000,2,2,1,1197.0,78.9
2010,210000,50000,2,2,1,1197.0,80.0
2016,550000,55000,1,2,0,1248.0,74.0
2020,950000,5000,2,1,0,1198.0,108.5
2013,430000,100000,1,2,1,2523.0,62.1
2014,348000,23000,2,2,1,1197.0,78.9
2014,196000,60000,2,2,1,796.0,47.3
2010,150000,70000,2,2,1,1061.0,67.0
2009,150000,60000,2,2,1,1061.0,67.0
2015,600000,90000,1,2,2,1248.0,88.76
2010,65000,26432,2,2,0,624.0,37.48
2016,220000,46702,2,2,0,796.0,34.2
2016,220000,46706,2,2,0,796.0,34.2
2006,110000,53523,2,2,0,1193.0,64.4
2012,175000,56365,1,2,0,936.0,56.3
2011,160000,49563,2,2,0,995.0,62.1
2007,120000,53512,2,2,1,796.0,46.3
2010,220000,46533,2,2,0,998.0,67.1
2008,114999,58632,2,2,1,796.0,35.0
2008,110000,58632,4,2,1,1458.625015808777,91.51791898382203
2016,850000,80000,1,1,1,2179.0,140.0
2016,750000,70000,1,2,0,1248.0,88.5
2017,265000,90000,2,2,0,999.0,67.0
2014,450000,110000,2,2,1,1596.0,99.6
2013,225000,90000,1,2,0,1493.0,100.0
2009,270000,80000,2,2,0,1197.0,85.0
2007,130000,78000,2,2,0,796.0,46.3
2017,660000,45000,1,2,0,1493.0,70.0
2015,240000,50000,2,2,1,998.0,67.05
2017,275000,58000,2,2,0,796.0,47.3
2007,65000,30000,2,2,1,1150.0,76.0
2017,850000,162000,1,2,0,2179.0,147.94
2016,300000,50000,3,2,1,998.0,58.16
2018,555000,25000,2,2,1,1197.0,81.83
2015,825000,60000,1,2,0,1997.0,120.0
2010,150000,70000,4,2,2,1086.0,62.1
2009,185000,138000,1,2,1,1248.0,73.9
2010,180000,70000,2,2,1,1197.0,78.9
2010,160000,48000,2,2,1,796.0,46.3
2012,500000,110000,1,1,0,2953.0,153.86
2014,375000,88000,1,2,1,1248.0,74.0
2015,900000,68000,1,2,0,2494.0,100.6
2017,459999,70000,2,2,0,1197.0,82.0
2014,480000,80000,1,2,0,1461.0,83.8
2013,320000,100000,1,2,2,1248.0,74.0
2013,370000,96000,1,2,1,1248.0,74.0
2016,400000,60000,1,2,2,1248.0,73.94
2014,425000,65000,1,2,0,1248.0,74.0
2014,325000,48000,2,2,0,998.0,67.04
2016,350000,65300,2,2,1,1197.0,82.0
2018,600000,40000,2,2,0,1197.0,81.83
2012,120000,60000,1,2,1,936.0,57.6
2012,200000,70000,2,2,1,998.0,67.1
2008,100000,70000,2,2,2,796.0,46.3
2014,350000,70000,1,2,1,1120.0,70.0
2006,85000,150000,2,2,1,796.0,46.3
2019,399000,10000,2,2,0,998.0,67.05
2014,580000,56000,1,2,0,1582.0,126.3
2017,290000,30000,2,2,0,799.0,53.64
2014,380000,50000,2,2,1,1197.0,82.0
2010,200000,120000,1,2,0,1399.0,68.0
2018,390000,40000,3,2,0,998.0,58.16
2017,500000,27500,2,2,0,1197.0,81.86
2012,520000,73000,1,2,0,1248.0,88.76
2017,650000,75000,1,2,0,1248.0,74.0
2018,380000,5000,2,2,0,999.0,67.0
2010,275000,50000,4,2,0,998.0,58.2
2015,520000,70000,1,2,0,1248.0,74.0
2015,610000,60000,1,2,0,1248.0,74.0
2013,490000,95000,1,2,0,1461.0,83.8
2015,229999,34000,2,2,1,814.0,55.2
2015,411000,25000,2,2,0,1197.0,82.0
2019,362000,120000,3,2,1,1196.0,61.7
2014,550000,31000,1,2,0,1364.0,67.06
2018,459999,70000,3,2,0,998.0,58.16
2011,190000,47000,2,2,0,1197.0,85.8
2019,499000,5000,2,1,0,1086.0,68.0
2018,358000,44000,2,2,0,1196.0,73.0
2012,278000,120000,1,2,1,1364.0,67.1
2014,320000,39395,1,2,0,1248.0,75.0
2013,580000,67000,1,2,1,1461.0,108.5
2018,825000,40000,1,2,0,1498.0,98.6
2018,490000,7000,2,2,0,1086.0,68.0
2018,1050000,15000,1,2,0,2179.0,140.0
2016,210000,50000,2,2,0,1199.0,76.8
2012,320000,120000,1,2,1,1248.0,74.0
2012,400000,64000,1,2,0,1991.0,123.7
2013,320000,120000,1,2,0,1248.0,73.94
2012,600000,85000,1,2,0,1364.0,87.2
2012,275000,50000,2,2,0,998.0,67.1
2009,170000,59000,2,2,1,796.0,46.3
2012,155000,98000,1,2,0,936.0,57.6
2012,240000,70000,1,2,0,1458.625015808777,0.0
2012,240000,70000,1,2,0,1458.625015808777,0.0
2011,320000,120000,1,2,1,1458.625015808777,91.51791898382203
2015,620000,140000,1,2,1,1461.0,83.8
2017,530000,50000,2,2,0,1197.0,81.86
2015,550000,40000,1,2,0,1364.0,67.04
2014,600000,90000,1,2,0,1498.0,98.6
2014,649000,117000,1,2,2,2179.0,140.0
2014,625000,90000,1,2,0,1498.0,98.6
2010,125000,70000,2,2,0,995.0,63.0
2010,285000,155000,2,2,1,1586.0,103.3
2015,600000,60000,1,2,1,2179.0,138.03
2016,426000,110000,2,2,0,1198.0,82.0
2010,180000,120000,1,2,0,1405.0,71.0
2011,400000,100000,1,2,1,1582.0,126.32
2010,120000,40000,2,2,1,1199.0,79.4
2012,300000,110000,1,2,1,1248.0,88.8
2011,190000,92500,2,2,1,998.0,67.1
2017,310000,20000,2,2,0,796.0,47.3
2019,380000,15000,2,2,0,799.0,53.3
2019,740000,14000,1,2,0,1493.0,70.0
2016,260000,35000,2,2,0,799.0,53.64
2017,320000,32000,2,2,1,998.0,67.05
2013,211000,90000,3,2,0,998.0,58.16
2018,650000,35000,2,2,0,1197.0,81.8
2017,651000,32500,1,2,1,1248.0,74.02
2014,160000,70000,1,2,2,936.0,56.3
2015,405000,100000,1,2,0,1248.0,74.0
2015,850000,64800,1,2,0,2179.0,140.0
2017,680000,90000,1,2,0,1493.0,70.0
2014,426999,80000,2,2,0,1197.0,82.0
2015,869999,120000,1,2,0,1582.0,126.2
2010,160000,66444,4,2,0,998.0,58.2
2016,700000,86000,1,2,0,1248.0,88.5
2012,300000,90000,1,2,0,1461.0,84.8
2014,525000,70000,1,2,1,2498.0,105.0
2015,345000,60000,1,2,0,1120.0,70.0
2015,390000,50000,2,2,0,1198.0,86.7
2015,275000,20000,2,2,0,1198.0,67.0
2014,310000,35000,2,2,0,1199.0,82.4
2017,500000,20000,2,2,0,1197.0,81.86
2013,200000,70000,1,2,0,1248.0,76.9
2018,650000,53000,1,2,0,1498.0,88.0
2018,1031000,60000,1,2,0,1498.0,97.9
2018,330000,70000,2,2,0,998.0,68.05
2019,399000,4000,2,2,0,1086.0,68.0
2012,250000,103000,2,2,0,1197.0,78.9
2017,600000,20000,1,2,0,1186.0,73.97
2013,375000,77000,1,2,0,1248.0,74.0
2012,375000,90000,1,2,0,1598.0,103.6
2013,445000,87185,1,2,1,1582.0,126.3
2016,611000,77000,1,2,0,1396.0,88.73
2014,459999,110000,1,2,1,1396.0,88.7
2011,275000,120000,1,2,1,1399.0,68.0
2011,185000,170000,3,2,0,1086.0,62.1
2012,390000,100000,1,2,1,1582.0,126.32
2007,72000,40000,2,2,1,995.0,62.0
2007,90000,50000,1,2,0,1396.0,52.8
2015,500000,125000,1,2,0,1364.0,67.05
2011,200000,137000,3,2,0,998.0,58.2
2015,511000,30000,2,2,0,1197.0,82.0
2009,150000,55000,2,2,0,1368.0,88.7
2013,185000,80000,2,2,1,796.0,47.3
2018,550000,30000,2,2,0,1197.0,83.1
2017,325000,3564,2,2,0,998.0,67.05
2015,525000,80000,1,2,0,1248.0,74.0
2018,1050000,13000,1,2,0,2200.0,139.01
2012,300000,120000,1,2,0,1396.0,69.0
2011,120000,90000,2,2,0,1199.0,79.4
2015,503000,110000,1,2,0,2179.0,147.94
2013,225000,58343,2,2,0,998.0,67.05
2018,740000,38817,1,2,0,1248.0,74.0
2016,550000,56494,2,2,0,1199.0,88.7
2013,750000,79328,1,2,1,2494.0,100.6
2019,650000,5621,2,1,0,1197.0,81.8
2017,625000,25538,2,2,0,1496.0,88.73
2018,600000,69779,2,1,0,1197.0,81.8
2017,450000,56290,1,2,0,1186.0,73.97
2019,779000,7032,2,1,0,1199.0,88.76
2016,645000,11000,2,1,0,1598.0,103.5
2011,170000,50000,2,2,2,1086.0,62.1
2010,320000,42000,1,2,0,1396.0,69.0
2018,500000,40000,2,1,0,1197.0,81.8
2009,135000,137000,1,2,1,1405.0,70.0
2018,340000,20000,2,2,0,799.0,53.3
2020,330000,70000,2,2,1,1197.0,81.86
2011,350000,48756,2,2,1,1586.0,103.3
2016,400000,110000,1,2,0,1120.0,71.0
2014,325000,80322,1,2,0,1399.0,67.0
2017,850000,110000,1,2,0,2523.0,75.0
2012,350000,70000,1,2,1,1248.0,88.8
2015,503000,110000,1,2,0,2179.0,147.94
2013,225000,58343,2,2,0,998.0,67.05
2018,740000,38817,1,2,0,1248.0,74.0
2016,550000,56494,2,2,0,1199.0,88.7
2013,750000,79328,1,2,1,2494.0,100.6
2019,650000,5621,2,1,0,1197.0,81.8
2017,625000,25538,2,2,0,1496.0,88.73
2018,600000,69779,2,1,0,1197.0,81.8
2017,450000,56290,1,2,0,1186.0,73.97
2019,779000,7032,2,1,0,1199.0,88.76
2016,645000,11000,2,1,0,1598.0,103.5
2012,500000,90000,1,2,0,1458.625015808777,91.51791898382203
2015,550000,120000,1,2,1,1498.0,98.6
2010,509999,97000,1,1,1,2179.0,120.0
2011,250000,100000,1,2,1,2489.0,95.0
2015,500000,36000,2,2,0,1197.0,81.86
2019,1050000,27000,1,2,0,1396.0,88.7
2014,490000,50000,1,2,0,1248.0,74.0
2020,415000,15000,2,2,0,1196.0,73.0
2013,190000,60000,2,2,1,796.0,47.3
2018,680000,120000,1,2,0,1248.0,74.02
2013,190000,60000,2,2,1,796.0,47.3
2013,479000,173000,1,2,0,2179.0,120.0
2016,270000,60000,2,2,1,796.0,47.3
2008,170000,70000,2,2,2,1086.0,68.05
2018,764000,25000,2,2,0,1373.0,91.1
2019,710000,30000,1,2,0,2523.0,62.1
2017,310000,35000,2,2,0,796.0,47.3
2017,620000,100000,1,2,1,1493.0,70.0
2017,280000,31000,2,2,1,814.0,55.2
2016,450000,40000,2,2,0,1197.0,82.0
2008,285000,60000,2,2,1,1596.0,99.6
2011,350000,110000,1,2,1,1598.0,103.6
2017,600000,35000,2,2,0,1373.0,91.1
2017,570000,35000,2,2,0,1197.0,83.1
2016,325000,20000,2,2,0,998.0,67.05
2015,480000,60000,2,2,0,1197.0,81.83
2014,185000,10300,2,2,0,796.0,47.3
2019,760000,3000,2,2,0,1197.0,81.8
2019,570000,5000,2,2,0,999.0,75.0
2006,130000,145000,2,2,0,1458.625015808777,91.51791898382203
2018,700000,13000,2,2,0,1197.0,83.1
2015,775000,30000,2,1,0,1499.0,110.4
2010,140000,100000,2,2,1,995.0,62.0
2016,220000,40000,2,2,0,796.0,47.3
2013,184000,15000,2,2,0,1086.0,62.1
2017,440000,50000,2,2,1,1197.0,81.83
2017,650000,80000,1,2,0,1396.0,88.73
2017,660000,50000,1,1,0,1493.0,100.0
2017,380000,30000,3,2,0,1196.0,61.7
2012,415000,125000,1,2,1,1364.0,87.2
2012,225000,110000,2,2,0,1086.0,68.05
2013,600000,30000,1,2,1,1248.0,88.76
2014,620000,148000,1,2,1,1248.0,88.8
2016,750000,35000,1,2,0,1493.0,100.0
2016,400000,80000,2,2,1,1197.0,82.0
2012,119000,95000,1,2,1,1405.0,70.0
2015,600000,25000,1,2,0,1498.0,98.6
2011,200000,80000,3,2,0,998.0,67.1
2014,280000,60000,1,2,1,1248.0,88.7
2013,375000,100000,2,2,0,1598.0,105.0
2016,350000,50000,2,2,0,1198.0,67.0
2017,620000,31000,1,2,0,1186.0,73.97
2017,570000,120000,1,2,0,1248.0,74.0
2012,290000,105000,1,2,1,1248.0,73.9
2016,711000,120000,1,2,0,1248.0,88.5
2012,370000,60000,1,2,0,1248.0,74.0
2020,550000,15000,2,2,0,1197.0,88.5
2013,325000,150000,2,2,1,1197.0,85.8
2018,670000,93000,1,2,0,1498.0,98.63
2017,385000,42000,2,2,1,1086.0,68.05
2008,114999,80000,2,2,1,1086.0,62.1
2010,200000,90000,2,2,0,1086.0,62.1
2019,860000,6500,1,1,0,1248.0,88.5
2018,600000,60000,1,2,0,1248.0,74.0
2016,265000,110000,2,2,0,998.0,67.05
2015,155000,60000,3,2,1,1193.0,55.23
2019,900000,60000,1,2,0,1248.0,88.5
2013,650000,170000,1,2,2,1248.0,88.76
2012,180000,80000,2,2,0,796.0,47.3
2013,200000,57000,2,2,0,814.0,55.2
2014,300000,100000,2,2,0,1086.0,68.05
2015,650000,40000,2,2,0,1591.0,121.3
2014,267000,40000,2,2,0,796.0,47.3
2018,450000,50000,3,2,0,998.0,58.16
2014,400000,90000,2,2,1,1197.0,82.0
2012,310000,86000,1,2,0,2498.0,112.0
2009,70000,15000,2,2,0,624.0,35.0
2017,675000,70000,1,2,1,2523.0,62.1
2013,350000,120000,2,2,0,1596.0,99.6
2014,240000,80000,2,2,1,998.0,67.05
2014,185000,80000,1,2,1,1405.0,69.01
2017,250000,50000,2,2,0,814.0,55.2
2009,135000,100000,2,2,0,796.0,46.3
2011,500000,80000,1,2,0,1582.0,126.32
2010,300000,108957,1,2,0,2179.0,138.0
2017,328000,68000,2,2,1,1199.0,84.0
2015,509999,65000,1,2,0,2523.0,62.1
2015,575000,110000,1,2,1,2179.0,118.3
2008,105000,100000,2,2,2,1061.0,67.0
2008,60000,80000,2,2,1,796.0,37.0
2008,112999,80000,2,2,2,796.0,46.3
2015,229999,120000,1,2,1,1405.0,70.0
2012,325000,150000,1,2,0,1399.0,68.0
2017,650000,20000,2,2,0,1197.0,81.83
2009,85000,80000,1,2,1,1405.0,70.0
2015,570000,93000,1,2,1,1498.0,98.6
2015,525000,134000,1,2,0,1248.0,74.0
2013,350000,90000,2,2,1,1197.0,82.85
2007,250000,60000,2,2,0,1197.0,85.0
2010,300000,120000,1,2,1,2489.0,95.0
2017,650000,22200,1,2,0,1396.0,88.73
2018,520000,6000,2,2,0,1197.0,81.86
2016,500000,32000,2,2,0,1197.0,81.8
2016,220000,90000,2,2,0,799.0,53.3
2017,650000,78000,1,2,2,1248.0,88.5
2017,819999,12000,2,2,0,1199.0,88.7
2016,645000,120000,1,2,0,1461.0,83.8
2015,780000,40000,1,2,0,1248.0,88.5
2008,215000,110000,2,2,1,1497.0,78.0
2011,114999,10000,2,2,0,796.0,46.3
2012,75000,12000,2,2,0,1193.0,64.4
2011,120000,60000,2,2,0,1199.0,79.4
2016,250000,41000,2,2,0,799.0,53.3
2018,200000,25000,2,2,0,796.0,34.2
2015,380000,30000,2,2,0,1197.0,82.0
2018,560000,50000,1,2,0,1498.0,98.6
2018,575000,10000,2,2,0,1197.0,81.8
2017,620000,40000,1,2,0,1493.0,70.0
2012,525000,120000,1,2,0,2179.0,120.0
2017,635000,40000,1,2,0,1248.0,74.0
2016,650000,80000,1,2,0,1461.0,108.45
2017,550000,70000,1,2,1,1498.0,99.0
2009,145000,150000,1,2,2,1248.0,73.9
2007,130000,100000,1,2,2,1405.0,70.0
2017,825000,79000,1,2,0,1248.0,88.5
2018,875000,50000,1,2,0,1248.0,88.5
2016,650000,81000,1,2,1,1248.0,88.5
2013,246000,56000,1,2,0,1248.0,74.0
2013,325000,60000,1,2,1,1498.0,98.63
2017,850000,30000,2,1,0,1497.0,117.3
2015,560000,43001,1,2,0,1498.0,108.6
2015,575000,60000,1,2,0,1248.0,88.5
2019,470000,9000,2,1,0,998.0,67.04
2014,221000,65000,1,2,0,1405.0,69.01
2014,680000,95000,1,2,0,2494.0,100.6
2013,700000,62000,1,2,0,2499.0,141.0
2015,875000,72000,1,1,0,1582.0,126.2
2017,850000,35000,1,2,2,1582.0,126.2
2013,550000,100600,1,2,2,1461.0,83.8
2013,480000,105000,1,2,2,1248.0,74.0
2017,1050000,90000,1,2,0,2179.0,120.0
2016,631000,92385,1,2,0,2523.0,62.1
2015,165000,25000,2,2,0,624.0,37.5
2010,320000,60000,2,2,1,1197.0,85.8
2012,360000,100000,2,2,1,1197.0,85.8
2006,175000,25000,2,2,2,1795.0,127.0
2016,725000,120000,1,2,0,1396.0,88.73
2014,280000,185000,1,2,2,1248.0,75.0
2011,325000,134000,1,2,1,1199.0,73.9
2014,320000,120000,1,2,2,1399.0,68.05
2018,500000,120000,2,2,0,1197.0,81.86
2014,825000,165000,1,2,1,2179.0,140.0
2016,350000,120000,1,2,2,1248.0,73.94
2011,470000,89000,1,2,0,1396.0,90.0
2009,125000,120000,1,2,2,1461.0,65.0
2006,140000,120000,2,1,0,1795.0,127.0
2013,484999,50000,1,2,0,1498.0,98.6
2018,308000,15000,2,2,0,796.0,47.3
2019,570000,13000,2,2,0,1197.0,81.86
2018,680000,28000,2,1,0,1197.0,81.8
2017,700000,70000,1,2,0,1248.0,74.02
2011,240000,116000,1,2,0,2498.0,112.0
2014,280000,90000,2,2,0,814.0,55.2
2010,125000,120000,1,2,1,1405.0,71.0
2009,130000,100000,1,2,2,1458.625015808777,91.51791898382203
2015,434999,50000,2,2,1,1197.0,83.11
2013,400000,120000,1,2,1,1598.0,103.6
2014,850000,120000,1,2,0,2179.0,140.0
2014,475000,83000,1,2,1,1396.0,88.73
2017,285000,25000,2,2,1,796.0,47.3
2018,650000,50000,1,2,0,1186.0,73.97
2012,275000,60000,2,2,0,998.0,66.1
2011,229999,105000,1,2,1,1461.0,65.0
2015,300000,20000,2,2,0,998.0,67.05
2016,940000,50000,1,2,0,1248.0,88.5
2015,600000,120000,1,2,1,1248.0,88.5
2017,800000,70000,1,2,0,1248.0,74.0
2017,580000,90000,1,2,1,1461.0,84.8
2018,450000,75000,2,2,0,1199.0,84.0
2011,290000,82500,1,2,1,1991.0,123.7
2014,530000,110000,1,2,0,1498.0,98.6
2019,960000,20000,1,2,0,1396.0,88.76
2009,290000,110000,2,2,2,1497.0,118.0
2008,160000,100000,1,2,0,1998.0,68.0
2017,400000,52000,2,2,0,998.0,67.0
2017,700000,90000,1,2,0,1248.0,88.5
2012,361000,90000,1,2,0,1598.0,103.6
2013,390000,53000,1,2,1,1396.0,88.76
2012,200000,180000,1,2,0,1248.0,75.0
2013,390000,53000,1,2,1,1396.0,88.76
2013,500000,53000,1,2,0,1248.0,74.0
2011,200000,50600,2,2,0,796.0,46.3
2015,503000,110000,1,2,0,2179.0,147.94
2017,775000,32000,1,2,0,1248.0,88.5
2018,750000,5000,1,2,0,1248.0,88.5
2018,570000,25000,2,2,0,1197.0,81.83
2016,484999,30000,2,2,0,1199.0,88.7
2017,700000,43000,2,2,0,1497.0,117.3
2012,415000,60000,2,2,0,1497.0,113.42
2014,484999,54000,1,2,0,1498.0,98.96
2016,675000,52000,1,2,0,1248.0,88.5
2015,680000,50000,2,2,0,1499.0,110.4
2013,235000,52000,2,2,0,796.0,47.3
2014,630000,56000,1,2,1,1498.0,98.6
2018,640000,82000,1,2,0,1498.0,99.0
2014,355000,121000,2,2,0,1197.0,82.0
2012,560000,101903,1,2,1,2179.0,120.0
2018,580000,120000,1,2,0,1248.0,74.0
2010,185000,85568,1,2,0,1399.0,68.0
2019,660000,10000,2,1,0,1197.0,83.1
2014,220000,10000,2,2,0,998.0,68.05
2007,150000,60000,2,2,2,1086.0,62.1
2011,484999,80000,1,2,1,2179.0,115.0
2019,509999,10000,2,2,0,1197.0,81.8
2014,515000,60000,1,2,0,2523.0,62.1
2014,350000,50000,1,2,2,1248.0,73.8
2018,375000,11500,2,2,0,998.0,67.05
2019,950000,15000,1,2,0,1396.0,88.7
2015,615000,32000,1,2,0,1248.0,74.0
2011,275000,50000,2,2,0,1197.0,85.8
2017,400000,10000,2,2,0,1196.0,73.0
2019,930000,15000,1,2,0,1248.0,88.5
2012,310000,100000,2,2,0,1197.0,85.8
2012,320000,120000,1,2,0,1458.625015808777,91.51791898382203
2013,356000,70000,1,2,1,1248.0,74.0
2013,500000,32000,2,2,0,1497.0,116.3
2018,409999,35000,2,2,1,1199.0,84.0
2019,980000,50000,1,2,0,1248.0,88.5
2019,750000,3100,2,1,0,1199.0,88.7
2013,500000,60000,2,1,0,1798.0,157.75
2013,355000,170000,1,2,0,1248.0,74.0
2011,200000,50000,1,2,1,1405.0,71.0
2008,370000,120000,1,2,1,2494.0,102.0
2015,450000,20000,2,2,0,1197.0,82.0
2015,486000,10000,2,2,0,1197.0,82.0
2011,242000,120000,1,2,0,1248.0,88.8
2018,580000,25000,2,2,0,1197.0,81.86
2014,500000,130000,1,2,1,1498.0,98.59
2013,300000,40000,1,2,0,1493.0,100.0
2016,710000,60000,1,2,0,2523.0,63.0
2012,220000,70000,1,2,2,1199.0,75.0
2020,654000,1000,2,1,0,1197.0,81.8
2019,835000,10000,2,1,0,1598.0,103.2
2010,250000,47000,2,2,0,1596.0,101.0
2019,600000,18000,2,2,0,1197.0,81.8
2016,459999,60000,2,2,0,1197.0,83.14
2018,275000,20000,2,2,0,999.0,67.0
2017,408000,60000,2,2,0,1196.0,86.8
2018,1200000,25000,1,2,0,2179.0,152.87
2014,375000,52000,2,2,0,1197.0,81.86
2006,94500,44000,2,2,0,796.0,46.3
2011,300000,17000,2,2,0,1198.0,73.9
2009,350000,35000,2,2,0,1497.0,118.0
2015,600000,100000,2,2,0,1197.0,81.83
2017,640000,90000,1,2,0,1493.0,70.0
2017,1110000,186000,1,2,0,1582.0,126.2
2014,570000,79000,1,2,1,1248.0,88.76
2010,451999,120000,1,2,0,2494.0,102.0
2016,240000,59300,2,2,0,799.0,53.3
2014,680000,120000,1,2,0,2523.0,75.0
2015,350000,60000,1,2,0,1248.0,74.0
2012,360000,60000,2,2,2,1598.0,103.6
2010,250000,80000,2,2,1,1196.0,70.0
2019,550000,11500,2,2,0,1197.0,81.8
2012,180000,56000,2,2,0,814.0,55.2
2016,425000,68000,1,2,0,1498.0,98.6
2019,409999,25000,2,2,0,1199.0,84.0
2018,438999,25000,2,2,0,1199.0,84.0
2014,225000,100000,2,2,0,1198.0,67.04
2017,580000,95000,1,2,0,2523.0,63.0
2008,200000,100000,2,2,0,1298.0,85.8
2006,75000,90000,2,2,1,1458.625015808777,91.51791898382203
2013,250000,47000,1,2,0,1248.0,75.0
2011,170000,175000,1,2,1,1248.0,73.9
2010,300000,60000,2,2,1,1197.0,85.8
2014,409999,150000,1,2,2,1248.0,74.0
2012,350000,110000,1,2,2,1396.0,90.0
2019,310000,25000,2,2,0,799.0,53.3
2010,135000,95000,2,2,2,796.0,46.3
2010,220000,100000,1,2,0,1248.0,73.9
2017,570000,20000,2,2,0,1197.0,81.86
2014,500000,84000,1,2,0,1248.0,74.0
2016,875000,40000,1,2,0,1396.0,88.73
2011,210000,100000,1,2,0,1405.0,70.0
2011,210000,120000,1,2,0,1405.0,70.0
2010,200000,80000,4,2,1,1086.0,62.1
2011,175000,175000,2,2,1,796.0,46.3
2017,700000,30000,2,2,0,1197.0,81.83
2017,700000,30000,2,2,0,1197.0,81.83
2019,550000,28000,2,1,0,1197.0,81.86
2019,420000,20000,2,2,1,1086.0,68.0
2009,210000,89322,2,2,1,1197.0,80.0
2013,175000,76000,1,2,0,936.0,57.6
2012,180000,70000,2,2,1,796.0,46.3
2007,118000,110000,2,2,1,796.0,46.3
2007,170000,120000,1,2,1,1493.0,110.0
2009,120000,110000,2,2,1,1061.0,64.0
2009,170000,90000,2,2,2,796.0,46.3
2018,700000,60000,1,2,0,1248.0,74.0
2014,500000,48300,1,2,1,2523.0,62.1
2008,105000,110000,2,2,1,1497.0,78.0
2016,425000,120000,1,2,2,1248.0,74.0
2017,625000,23511,2,2,0,1197.0,81.83
2017,640000,22512,2,2,0,1197.0,81.83
2010,180000,120000,2,2,0,1197.0,78.9
2009,155000,120000,1,2,0,1248.0,73.9
2007,85000,100000,2,2,2,1061.0,67.0
2011,250000,70000,2,2,0,1197.0,78.9
2017,1000000,15000,2,1,0,1591.0,121.3
2016,350000,16500,2,2,0,1198.0,67.0
2018,740000,50000,1,2,0,1248.0,74.02
2018,300000,19000,2,2,0,999.0,67.0
2017,550000,50000,1,2,0,1498.0,108.62
2017,710000,70000,1,2,0,2523.0,62.1
2017,700000,70000,1,2,0,2523.0,62.1
2016,550000,120000,1,2,0,2523.0,62.1
2015,375000,60000,4,2,0,1086.0,68.05
2015,600000,60000,1,2,0,2179.0,138.03
2013,380000,76000,1,2,1,1248.0,74.0
2012,300000,70000,1,2,0,1248.0,73.94
2015,475000,128000,1,2,2,2523.0,63.0
2019,650000,5000,2,2,0,999.0,72.0
2011,200000,70000,4,2,0,998.0,58.2
2013,350000,85000,1,2,0,1248.0,74.0
2018,911999,25000,1,1,0,1248.0,88.5
2018,650000,15000,2,2,0,1197.0,81.8
2012,350000,30000,2,2,0,1298.0,85.8
2016,190000,80000,2,2,1,796.0,34.2
2013,305000,160000,1,2,0,2523.0,62.1
2015,850000,108000,1,2,0,1582.0,126.2
2011,350000,120000,1,2,1,1896.0,105.0
2010,180000,55000,2,2,2,1086.0,62.1
2008,200000,110000,1,2,0,2179.0,138.1
2011,375000,80000,1,2,0,1458.625015808777,91.51791898382203
2012,229999,110000,2,2,0,1198.0,86.8
2006,135000,62900,2,2,0,998.0,67.1
2011,425000,120000,1,2,1,1968.0,138.1
2017,455000,60000,1,2,0,1248.0,74.02
2015,320000,60000,2,2,0,998.0,67.04
2019,693000,4000,2,2,0,1197.0,81.86
2017,830000,35000,1,2,0,1248.0,88.5
2016,470000,13500,2,2,0,1197.0,82.0
2017,1100000,26000,2,1,0,1497.0,117.3
2016,325000,50000,1,2,0,1248.0,88.7
2014,215000,50000,2,2,0,814.0,55.2
2018,560000,25000,2,2,0,1197.0,81.8
2017,400000,30000,2,1,1,998.0,67.04
2015,503000,110000,1,2,0,2179.0,147.94
2013,225000,58343,2,2,0,998.0,67.05
2018,740000,38817,1,2,0,1248.0,74.0
2016,550000,56494,2,2,0,1199.0,88.7
2013,750000,79328,1,2,1,2494.0,100.6
2019,650000,5621,2,1,0,1197.0,81.8
2017,625000,25538,2,2,0,1496.0,88.73
2018,600000,69779,2,1,0,1197.0,81.8
2017,450000,56290,1,2,0,1186.0,73.97
2019,779000,7032,2,1,0,1199.0,88.76
2016,645000,11000,2,1,0,1598.0,103.5
2017,725000,45000,1,2,0,1498.0,98.96
2013,225000,58343,2,2,0,998.0,67.05
2018,740000,38817,1,2,0,1248.0,74.0
2019,650000,5621,2,1,0,1197.0,81.8
2017,625000,25538,2,2,0,1496.0,88.73
2018,600000,69779,2,1,0,1197.0,81.8
2017,450000,56290,1,2,0,1186.0,73.97
2014,325000,52442,2,2,1,1198.0,86.8
2013,229999,39000,2,2,0,1197.0,78.9
2015,449000,34156,2,2,0,1198.0,74.0
2017,455000,34152,2,2,0,1197.0,81.86
2018,650000,62841,2,2,0,1197.0,81.83
2016,950000,38600,1,2,0,1582.0,126.2
2018,698000,27654,1,1,0,1248.0,74.02
2017,975000,48698,1,2,0,1582.0,126.2
2018,445000,32995,2,1,0,1197.0,81.8
2018,539000,60000,1,2,0,1248.0,74.0
2010,350000,110000,1,2,2,1248.0,75.0
2015,550000,130000,1,2,1,1461.0,83.8
2011,330000,120000,1,2,0,1199.0,73.9
2014,220000,80000,2,2,2,814.0,55.2
2013,415000,60000,2,2,1,1197.0,85.8
2007,150000,75000,2,2,0,796.0,46.3
2007,240000,110000,1,2,0,1493.0,110.0
2009,170000,90000,2,2,1,796.0,46.3
2015,550000,40000,1,2,2,1248.0,88.5
2017,500000,26000,2,1,0,1198.0,76.0
2011,180000,120000,1,2,1,2489.0,95.0
2017,360000,29000,2,2,0,1198.0,82.0
2014,400000,120000,2,2,0,1197.0,85.8
2009,120000,70000,2,2,1,1495.0,94.0
2016,765000,100000,1,2,1,1248.0,88.5
2016,919999,90150,1,2,0,1248.0,88.5
2018,730000,90000,1,2,0,1364.0,67.05
2016,320000,120000,1,2,0,1248.0,74.0
2015,455000,90000,1,2,1,1498.0,98.6
2015,350000,50000,2,2,0,1198.0,67.0
2016,509999,110000,1,2,0,1493.0,100.0
2011,175000,85700,1,2,1,1405.0,70.0
2013,325000,178000,1,2,0,2523.0,63.0
2011,120000,70000,2,2,1,1193.0,65.0
2014,300000,30000,2,2,1,1197.0,78.9
2015,500000,100000,1,2,0,1498.0,98.6
2016,562000,25339,2,2,0,1197.0,83.1
2014,250000,10000,2,2,0,814.0,55.2
2017,484999,35000,1,2,0,1248.0,88.7
2013,280000,35000,2,2,1,1197.0,78.9
2015,571000,68000,1,2,1,1248.0,88.76
2013,400000,40000,2,2,0,1197.0,85.8
2015,295000,120000,1,2,1,1405.0,69.01
2006,210000,120000,1,2,0,1458.625015808777,91.51791898382203
2011,250000,25000,2,2,0,1196.0,70.0
2015,610000,40000,1,2,1,2523.0,62.1
2012,175000,60000,1,2,0,1248.0,74.0
2011,204999,70000,1,2,1,1399.0,68.0
2013,750000,80000,1,2,1,2179.0,140.0
2016,651000,42323,1,2,0,1396.0,88.76
2016,690000,32000,1,2,0,1248.0,88.5
2017,589000,41232,1,2,0,1248.0,74.0
2015,445000,40200,1,2,0,1498.0,74.96
2013,475000,48000,1,2,1,1498.0,98.96
2014,465000,27233,1,2,0,1498.0,98.63
2011,225000,35000,2,2,0,1368.0,90.0
2016,445000,63000,1,2,0,2956.0,83.8
2015,445000,62000,1,2,0,1498.0,74.96
2012,450000,68240,1,2,0,2956.0,138.1
2017,525000,38000,1,2,1,1458.625015808777,91.51791898382203
2010,200000,35000,2,2,0,998.0,67.1
2018,611000,9000,2,2,0,1197.0,85.8
2016,819999,39000,1,2,0,1582.0,126.2
2016,825000,39000,1,2,0,1396.0,88.7
2015,599000,92651,1,2,0,1498.0,98.96
2018,490000,28000,2,2,0,1197.0,85.0
2020,500000,40000,2,2,0,1193.0,88.7
2020,500000,40000,2,2,0,1193.0,88.7
2017,1100000,88754,1,2,0,2179.0,140.0
2019,675000,7000,2,2,0,1194.0,94.93
2018,570000,20000,2,2,0,1197.0,81.86
2017,455000,50000,1,2,0,1186.0,73.97
2013,165000,45000,2,2,1,814.0,55.2
2016,925000,22000,2,2,0,1497.0,117.3
2014,215000,100000,1,2,1,1396.0,69.01
2016,470000,23700,2,2,0,1197.0,81.8
2016,470000,23700,2,2,0,1197.0,81.8
2017,650000,60000,1,2,0,1248.0,88.5
2017,900000,50000,1,2,0,1461.0,108.45
2011,325000,53287,2,2,0,1458.625015808777,91.51791898382203
2009,190000,100000,1,2,1,1399.0,67.0
2017,715000,60000,1,2,0,1396.0,88.73
2013,227999,60000,1,2,1,1396.0,69.01
2017,450000,50000,1,2,0,1248.0,74.0
2015,200000,40000,1,2,0,936.0,56.3
2017,400000,110000,3,2,0,998.0,58.16
2016,725000,110000,1,2,0,1248.0,88.5
2014,300000,80000,1,2,0,1399.0,68.05
2014,225000,33000,2,2,0,1198.0,67.0
2016,380000,80000,2,2,0,1086.0,68.05
2019,630000,5000,2,2,0,1197.0,81.86
2014,351000,25000,2,2,0,1197.0,78.9
2012,199000,50000,1,2,1,1199.0,75.0
2017,850000,50000,1,2,0,2179.0,147.94
2010,105000,120000,1,2,1,1248.0,75.0
2010,300000,120000,1,2,2,1248.0,90.0
2016,950000,80000,1,2,0,2494.0,100.6
2015,430000,110000,1,2,1,1493.0,100.0
2018,540000,30000,1,2,0,1186.0,73.97
2012,175000,60000,4,2,1,1086.0,63.0
2020,350000,5000,2,2,0,796.0,47.3
2019,690000,18000,2,2,0,1197.0,81.86
2015,535000,80000,1,2,0,1396.0,88.73
2016,730000,100000,1,2,0,1248.0,88.5
2016,280000,19000,2,2,0,814.0,55.2
2019,650000,33000,2,1,0,1197.0,81.8
2012,520000,162000,1,2,2,2494.0,102.0
2020,360000,65000,2,2,1,1197.0,81.86
2011,250000,170000,1,2,0,1248.0,73.9
2017,575000,40000,1,2,0,1498.0,108.62
2012,170000,120000,1,2,2,1396.0,69.0
2017,711000,53000,1,2,0,1248.0,88.5
2013,250000,90000,2,2,0,998.0,67.1
2017,675000,35000,1,2,0,1248.0,74.0
2016,325000,50000,2,2,0,998.0,67.04
2016,250000,20000,2,2,0,796.0,47.3
2019,740000,38000,1,1,0,1248.0,74.0
2019,690000,1303,2,2,0,1198.0,86.7
2017,800000,28050,1,2,0,1248.0,88.5
2014,425000,69000,1,2,0,1461.0,83.8
2015,910000,40000,1,1,0,1582.0,126.2
2013,625000,39000,2,1,0,1798.0,138.03
2015,535000,40000,1,2,0,1248.0,88.5
2011,325000,142000,1,2,0,2523.0,62.1
2016,500000,22947,2,2,0,1197.0,81.8
2013,300000,30000,2,2,1,1197.0,78.9
2016,270000,7672,2,2,0,814.0,55.2
2010,160000,36659,2,2,0,796.0,46.3
2016,210000,60000,2,2,0,796.0,34.2
2014,850000,120000,1,2,0,2179.0,140.0
2014,880000,120000,1,2,0,2179.0,140.0
2010,150000,39000,2,2,0,1061.0,64.9
2015,775000,45000,1,1,0,1493.0,100.0
2009,160000,70000,2,2,2,796.0,46.3
2012,220000,100000,1,2,1,1399.0,68.0
2017,670000,48000,1,2,0,1396.0,88.73
2018,780000,35000,1,2,0,1396.0,88.73
2017,515000,23000,2,2,0,1197.0,83.1
2017,800000,14000,1,2,0,1396.0,88.73
2017,800000,14000,1,2,0,1396.0,88.73
2014,850000,60000,1,2,0,2179.0,140.0
2013,200000,60000,2,2,1,814.0,55.2
2008,140000,150000,1,2,2,1422.0,70.0
2016,800000,80000,2,1,1,1591.0,121.3
2013,250000,35000,2,2,0,998.0,67.1
2017,800000,44500,1,2,0,1248.0,88.5
2015,600000,60000,1,2,2,1248.0,88.5
2012,250000,120000,1,2,2,1461.0,78.0
2016,500000,80000,1,2,1,1498.0,98.6
2019,750000,9900,2,2,0,1298.0,80.0
2014,650000,68000,1,2,0,1248.0,74.0
2012,350000,40000,2,2,2,1458.625015808777,91.51791898382203
2016,950000,60000,1,2,0,1498.0,98.6
2015,580000,110000,1,2,1,2499.0,72.4
2019,640000,10000,2,2,0,1197.0,81.86
2014,800000,80000,1,1,0,2179.0,120.0
2011,347000,30000,2,2,0,998.0,66.1
2016,300000,35000,2,2,0,814.0,55.2
2017,493000,40000,2,2,0,1199.0,84.0
2014,370000,60000,2,2,0,1197.0,82.0
2008,250000,90000,1,2,2,1248.0,73.9
2017,300000,20000,2,2,0,999.0,67.0
2017,450000,40000,2,1,0,999.0,67.0
2010,185000,124316,1,2,1,1399.0,68.0
2016,600000,10000,2,2,0,1197.0,81.83
2018,1100000,50000,1,2,0,2179.0,152.87
2015,360000,30000,2,2,1,1197.0,81.86
2012,285000,69000,2,2,0,1298.0,85.8
2016,350000,49600,1,2,1,1198.0,77.0
2008,130000,30000,2,2,1,1086.0,68.05
2010,350000,80000,2,2,0,1197.0,80.0
2019,685000,19000,2,1,0,1197.0,83.1
2020,399000,5000,3,2,0,1196.0,61.7
2017,525000,10000,2,2,0,1197.0,81.86
2017,765000,40000,2,2,0,1373.0,91.1
2012,450000,97000,1,2,2,1248.0,74.0
2014,390000,30000,2,2,0,1198.0,67.04
2017,940000,120000,1,2,0,1248.0,88.5
2013,650000,120000,1,2,1,1461.0,108.45
2012,320000,103994,1,2,2,1399.0,68.0
2017,670000,70000,1,2,0,1498.0,99.0
2011,350000,115000,1,2,2,1248.0,88.8
2012,285000,178000,1,2,1,1248.0,74.0
2011,300000,40000,2,2,2,998.0,67.1
2011,300000,80000,1,2,0,1399.0,68.0
2009,90000,118000,1,2,1,1405.0,62.0
2009,90000,120000,1,2,1,1396.0,52.8
2013,459999,120000,1,2,1,2609.0,115.0
2011,250000,65000,2,2,1,998.0,67.1
2012,300000,41000,2,2,1,1197.0,78.9
2011,199000,70000,2,2,2,998.0,67.1
2012,545000,90000,1,2,1,1461.0,83.8
2014,570000,80000,1,2,1,1248.0,88.8
2006,150000,120000,2,2,1,1497.0,100.0
2009,114999,100000,2,2,0,796.0,46.3
2018,450000,35000,2,2,0,1199.0,84.0
2019,600000,5000,2,2,0,999.0,72.0
2016,610000,110000,1,2,0,1248.0,88.5
2017,690000,20000,2,2,0,1197.0,81.83
2018,790000,15000,2,2,0,1198.0,108.5
2014,254999,40000,2,2,1,998.0,67.1
2016,500000,41000,2,2,0,1199.0,88.7
2011,340000,100000,1,2,1,2523.0,63.0
2007,245000,110000,1,2,2,2523.0,63.0
2012,340000,120000,1,2,2,1399.0,67.0
2008,221000,35008,2,2,0,998.0,67.05
2017,270000,31100,2,2,0,799.0,53.64
2014,455000,42312,1,2,0,1120.0,71.0
2011,300000,72000,2,2,0,1496.0,88.7
2014,480000,54891,1,2,0,1364.0,67.04
2018,1000000,30000,1,1,0,1582.0,126.2
2012,245000,100000,1,2,0,1461.0,63.1
2019,625000,4337,2,1,0,1197.0,82.0
2018,560000,14495,2,2,0,999.0,75.0
2010,425000,83585,1,2,0,1364.0,87.2
2014,550000,31000,2,1,1,1197.0,103.6
2017,750000,48406,1,2,0,1461.0,83.8
2016,570000,56239,1,2,0,1396.0,88.73
2015,585000,33243,2,2,0,1197.0,83.1
2016,600000,26000,2,1,0,1199.0,88.7
2012,415000,90000,1,2,0,1458.625015808777,91.51791898382203
2016,530000,120000,2,2,1,1197.0,81.86
2016,540000,38000,2,2,0,1197.0,81.83
2013,180000,60000,2,2,0,814.0,55.2
2014,450000,30000,2,2,0,1197.0,85.8
2015,200000,50000,2,2,0,1199.0,76.8
2017,425000,42000,2,2,0,1199.0,84.0
2016,400000,30000,2,2,0,1199.0,82.4
2017,310000,15000,2,2,0,796.0,47.3
2014,500000,50000,1,2,0,2499.0,72.4
2013,200000,60000,1,2,1,936.0,57.6
2018,900000,35000,1,2,0,1461.0,83.8
2015,400000,50000,2,2,0,1197.0,83.11
2015,650000,110000,1,2,0,1498.0,98.6
2015,480000,87847,1,2,0,1248.0,74.0
2009,140000,35000,2,2,0,796.0,46.3
2018,550000,5000,2,2,0,1197.0,81.8
2017,380000,29000,2,1,0,998.0,67.0
2016,440000,20000,1,2,0,1405.0,69.01
2018,630000,15000,2,2,0,1197.0,81.8
2017,250000,40000,2,2,0,799.0,53.3
2009,120000,17000,2,2,0,796.0,46.3
2012,287000,120000,1,2,0,1248.0,88.8
2016,550000,45000,2,2,0,1197.0,83.1
2016,950000,60000,1,2,2,1997.0,120.0
2015,501000,80000,1,2,1,1498.0,89.75
2014,550000,70000,1,2,0,2523.0,62.1
2016,300000,25000,2,2,0,796.0,47.3
2015,300000,50000,2,2,2,998.0,67.04
2012,280000,100000,1,2,1,1458.625015808777,91.51791898382203
2015,416000,40000,2,1,0,1499.0,110.4
2018,260000,30000,2,2,0,796.0,34.2
2016,550000,15000,2,2,0,1199.0,82.4
2011,181000,70000,2,2,0,1193.0,64.1
2009,365000,110000,1,1,1,2179.0,120.0
2006,150000,9558,2,2,0,1458.625015808777,91.51791898382203
2017,400000,10000,2,1,0,998.0,67.1
2010,210000,110000,2,2,0,1197.0,78.9
2013,500000,87000,1,2,1,1582.0,126.32
2015,503000,110000,1,2,0,2179.0,147.94
2013,225000,58343,2,2,0,998.0,67.05
2018,740000,38817,1,2,0,1248.0,74.0
2016,550000,56494,2,2,0,1199.0,88.7
2013,750000,79328,1,2,1,2494.0,100.6
2019,650000,5621,2,1,0,1197.0,81.8
2017,625000,25538,2,2,0,1496.0,88.73
2018,600000,69779,2,1,0,1197.0,81.8
2017,450000,56290,1,2,0,1186.0,73.97
2019,779000,7032,2,1,0,1199.0,88.76
2016,645000,11000,2,1,0,1598.0,103.5
2017,735000,70000,1,2,0,1248.0,74.0
2017,550000,120000,2,2,0,1193.0,88.7
2013,509999,148000,1,2,0,1248.0,88.8
2013,459999,60000,1,2,1,1396.0,88.76
2015,310000,18000,2,2,0,796.0,47.3
2018,775000,80000,1,2,0,1248.0,74.0
2015,430000,97000,1,2,1,1498.0,98.6
2012,400000,60000,1,2,2,1598.0,105.0
2014,600000,90000,1,2,0,1248.0,74.0
2019,580000,35000,2,2,0,1199.0,88.7
2012,140000,120000,1,2,1,1461.0,65.0
2008,210000,100000,1,2,0,1405.0,70.0
2017,550000,20000,2,2,0,1197.0,82.0
2013,120000,110000,2,2,1,1199.0,84.8
2013,400000,35000,1,2,0,2494.0,100.6
2018,1035000,15000,1,2,0,1498.0,98.6
2015,625000,90000,1,2,0,1248.0,88.5
2008,200000,40000,2,2,0,1197.0,78.9
2013,316000,140000,1,2,0,1248.0,88.76
2017,813000,110000,1,2,0,1248.0,88.5
2015,650000,100000,1,2,0,1248.0,88.76
2015,459999,32000,1,2,1,1498.0,99.0
2012,290000,112072,1,2,0,1461.0,84.8
2014,400000,30000,1,2,0,1399.0,68.05
2016,565000,70000,1,2,1,1248.0,74.0
2009,150000,80000,2,2,1,995.0,62.0
2007,70000,80000,2,2,1,1061.0,64.0
2007,70000,80000,2,2,1,1061.0,64.0
2006,140000,100000,2,2,1,1458.625015808777,91.51791898382203
2018,900000,19000,1,2,0,1498.0,98.96
2015,600000,40000,1,2,0,1396.0,88.73
2010,120000,170000,4,2,1,796.0,32.8
2009,120000,140000,2,2,0,1458.625015808777,91.51791898382203
2010,120000,170000,2,2,1,1458.625015808777,91.51791898382203
2009,229999,60000,2,2,2,1197.0,80.0
2017,570000,15780,2,2,0,1198.0,86.7
2014,575000,106000,1,2,0,1582.0,126.32
2012,280000,80000,1,2,2,1598.0,103.6
2015,580000,74000,1,2,1,1396.0,88.73
2018,875000,35000,1,2,1,1248.0,88.5
2013,500000,70000,1,2,2,1582.0,126.32
2015,700000,60000,1,2,0,1248.0,88.5
2016,388000,50000,2,2,1,1196.0,86.8
2011,225000,80000,2,2,1,1197.0,78.9
2011,90000,90000,2,2,1,1193.0,64.08
2014,600000,114000,1,2,0,1461.0,108.45
2009,235000,100000,2,2,0,1197.0,80.0
2011,350000,100000,1,2,1,1396.0,90.0
2011,235000,80000,2,2,1,1197.0,78.9
2010,190000,35000,2,2,0,796.0,46.3
2011,325000,79000,1,2,0,1248.0,88.8
2011,300000,120000,1,2,2,1598.0,103.6
2017,550000,10000,2,2,0,1199.0,84.0
2013,720000,150000,1,2,1,2179.0,140.0
2011,110000,110000,2,2,0,1198.0,75.0
2018,310000,10000,2,2,0,796.0,47.3
2010,150000,70000,4,2,1,998.0,58.2
2012,260000,46000,1,2,0,1405.0,70.0
2013,450000,108800,1,2,2,1248.0,74.0
2009,199000,70000,2,2,1,1197.0,78.9
2018,1000000,35000,1,2,0,2523.0,75.0
2011,240000,72000,1,2,0,1399.0,68.0
2018,350000,40000,2,2,0,799.0,53.3
2014,530000,120000,1,2,2,2523.0,62.1
2011,150000,35000,2,2,0,995.0,62.0
2019,625000,12500,2,2,0,1197.0,81.86
2014,378000,80000,2,2,0,1197.0,82.0
2018,700000,100000,1,2,1,1248.0,74.02
2011,156000,110000,2,2,1,1086.0,62.1
2016,700000,103000,1,2,0,1493.0,70.0
2006,120000,100000,2,2,1,796.0,46.3
2015,415000,45000,2,1,0,1198.0,86.7
2015,450000,45000,2,1,0,1198.0,86.7
2014,325000,40000,2,2,2,1198.0,86.8
2017,265000,100000,2,2,0,814.0,55.2
2008,100000,120000,2,2,1,796.0,35.0
2015,503000,110000,1,2,0,2179.0,147.94
2013,225000,58343,2,2,0,998.0,67.05
2018,740000,38817,1,2,0,1248.0,74.0
2016,550000,56494,2,2,0,1199.0,88.7
2013,750000,79328,1,2,1,2494.0,100.6
2019,650000,5621,2,1,0,1197.0,81.8
2017,625000,25538,2,2,0,1496.0,88.73
2018,600000,69779,2,1,0,1197.0,81.8
2017,450000,56290,1,2,0,1186.0,73.97
2019,779000,7032,2,1,0,1199.0,88.76
2016,645000,11000,2,1,0,1598.0,103.5
2015,400000,100000,1,2,0,1248.0,88.7
2013,345000,40000,1,2,0,1396.0,88.8
2018,850000,15000,1,2,1,2498.0,105.0
2018,620000,15000,2,1,0,1197.0,81.8
2018,700000,10000,2,2,1,1197.0,83.1
2012,200000,90000,1,2,0,1248.0,74.0
2017,660000,80000,1,2,0,1493.0,70.0
2009,90000,60000,1,2,1,1396.0,52.8
2010,160000,90000,2,2,1,1196.0,70.0
2006,150000,80000,2,2,2,1799.0,130.0
2010,200000,35000,2,2,0,998.0,67.1
2011,365000,185000,1,2,1,1364.0,87.2
2009,140000,110000,2,2,1,1172.0,67.0
2016,360000,100000,1,2,0,1248.0,91.72
2008,200000,110000,2,2,1,1497.0,78.0
2010,250000,100000,1,2,1,1896.0,106.0
2008,229999,110000,1,2,1,1896.0,106.0
2011,320000,130000,1,2,1,1399.0,68.0
2018,1200000,27000,2,2,0,1591.0,121.3
2018,740000,9000,2,1,0,1197.0,83.1
2013,345000,40000,1,2,0,1396.0,88.8
2019,570000,19000,2,1,1,1197.0,81.8
2019,490000,10000,2,2,0,1197.0,81.8
2013,250000,100000,1,2,0,1396.0,70.0
2017,430000,20000,2,1,0,998.0,67.0
2014,225000,35000,2,2,0,814.0,55.2
2018,850000,15000,1,2,1,2498.0,105.0
2018,620000,15000,2,1,0,1197.0,81.8
2014,440000,70000,1,2,1,1396.0,88.73
2016,800000,70000,1,2,0,1248.0,88.5
2018,700000,10000,2,2,1,1197.0,83.1
2016,600000,47000,1,2,0,1248.0,74.0
2012,200000,90000,1,2,0,1248.0,74.0
2017,660000,80000,1,2,0,1493.0,70.0
2015,450000,53000,1,2,0,1120.0,70.0
2013,420000,105000,1,2,1,1248.0,74.0
2011,500000,121941,1,2,0,2494.0,102.0
2016,350000,15000,2,2,0,1199.0,84.0
2014,280000,100000,1,2,0,2489.0,95.0
2013,425000,152186,1,2,1,1461.0,83.8
2013,295000,82246,2,2,0,1197.0,78.9
2016,540000,20000,2,2,0,1197.0,81.8
2017,754000,40000,1,2,0,1248.0,74.02
2019,675000,2789,2,2,0,1196.0,86.8
2018,700000,35278,1,2,0,1499.0,98.97
2018,795000,2860,1,2,0,1499.0,98.97
2018,450000,20000,2,2,0,1198.0,82.0
2008,155000,60000,2,2,2,1086.0,66.6
2011,350000,100000,1,2,1,1364.0,67.1
2011,250000,78562,1,2,0,1399.0,68.0
2011,450000,96000,1,2,2,1582.0,126.32
2011,450000,96000,1,2,2,1582.0,126.32
2014,420000,50000,1,2,0,1396.0,88.73
2012,315000,100000,1,2,0,1458.625015808777,91.51791898382203
2018,750000,40000,1,2,0,1248.0,88.5
2020,450000,10000,2,2,0,1198.0,67.05
2008,175000,60000,1,2,1,1248.0,75.0
2019,650000,10000,2,2,0,1197.0,81.86
2018,1050000,10000,1,2,0,1248.0,88.5
2011,375000,35000,1,2,1,1582.0,126.32
2017,620000,35000,1,2,0,1498.0,99.0
2011,375000,35000,1,2,1,1582.0,126.32
2019,320000,10000,2,2,0,799.0,53.3
2016,320000,50000,2,2,0,998.0,67.05
2012,400000,129000,1,2,0,1248.0,73.9
2015,900000,100000,1,1,1,2179.0,140.0
2018,310000,30000,2,2,0,796.0,47.3
2018,595000,28000,2,2,1,1198.0,108.5
2017,800000,60000,1,2,0,1248.0,88.5
2013,350000,70000,2,2,0,1598.0,86.0
2013,275000,110000,1,2,0,1405.0,70.0
2019,420000,10000,2,2,0,1196.0,73.0
2008,250000,110000,1,2,1,1493.0,110.0
2007,250000,100000,1,2,1,1248.0,75.0
2008,290000,120000,1,2,1,2179.0,120.0
2016,525000,60000,2,1,0,1197.0,82.0
2008,250000,110000,1,2,2,2609.0,120.0
2007,90000,64000,2,2,0,1458.625015808777,91.51791898382203
2017,430000,10000,2,2,0,998.0,67.04
2017,630000,35000,2,2,0,1197.0,83.1
2018,550000,23000,2,2,0,1199.0,84.0
2019,630000,15000,1,2,1,1248.0,74.0
2018,850000,20000,1,2,0,2179.0,120.0
2011,455000,90000,1,2,0,2523.0,63.0
2011,445000,90000,1,2,0,2523.0,63.0
2013,370000,80000,1,2,0,1396.0,88.76
2016,500000,50000,2,2,0,1197.0,82.0
2012,140000,185000,1,2,1,1405.0,70.0
2019,550000,40000,2,2,0,1197.0,81.8
2017,300000,30000,2,2,0,999.0,67.0
2011,150000,120000,1,2,0,1396.0,69.0
2017,880000,46000,1,2,0,2179.0,120.0
2015,720000,80000,1,2,0,2523.0,75.0
2016,550000,90000,1,2,1,1396.0,88.73
2015,720000,90000,1,2,0,2523.0,75.0
2006,70000,80000,2,2,1,1458.625015808777,91.51791898382203
2016,535000,70000,1,2,0,1248.0,74.0
2015,320000,91000,1,2,2,1120.0,71.0
2015,500000,90000,1,2,0,1396.0,88.73
2014,525000,110000,1,2,1,1248.0,88.76
2019,220000,90000,2,2,0,999.0,67.0
2018,350000,50000,2,2,0,1199.0,84.0
2016,530000,60000,1,2,0,1493.0,100.0
2013,215000,35000,2,2,0,796.0,47.3
2012,335000,100000,1,2,0,1598.0,103.6
2015,320000,90000,1,2,1,1120.0,71.0
2011,135000,120000,1,2,1,1399.0,68.0
2009,175000,95000,2,2,1,998.0,66.1
2017,800000,35000,1,2,0,2523.0,62.1
2007,78000,38000,2,2,1,1193.0,65.3
2014,565000,56000,2,2,1,1497.0,117.3
2017,575000,50000,1,2,0,1396.0,88.73
2014,170000,70000,2,2,1,814.0,55.2
2014,250999,30000,2,2,0,796.0,47.3
2014,650000,60000,2,2,0,1497.0,117.3
2013,550000,133000,1,2,0,2179.0,138.1
2013,800000,150000,1,2,1,2179.0,140.0
2020,250999,30000,2,2,0,796.0,47.3
2013,170000,60000,2,2,1,796.0,47.3
2013,250000,30000,1,2,0,1396.0,69.0
2014,312000,80000,2,2,0,1399.0,98.82
2014,250000,20000,2,2,0,796.0,47.3
2013,200000,80000,2,2,0,814.0,55.2
2016,670000,73000,1,2,0,2523.0,75.0
2017,270000,50000,2,2,0,814.0,55.2
2018,630000,46000,1,2,0,1248.0,74.0
2018,400000,50000,1,2,0,909.0,45.0
2014,420000,50000,1,2,0,1396.0,88.73
2018,764000,25000,2,2,0,1373.0,91.1
2019,710000,30000,1,2,0,2523.0,62.1
2018,1050000,13000,1,2,0,2200.0,139.01
2019,1000000,15000,2,2,0,1462.0,103.2
2017,650000,44000,1,2,0,1248.0,88.5
2015,600000,63000,1,2,0,1498.0,98.59
2016,509999,110000,1,2,0,1493.0,100.0
2017,610000,14000,2,2,0,1197.0,82.0
2017,310000,35000,2,2,0,796.0,47.3
2016,720000,35000,1,2,0,2523.0,62.1
2012,158000,110000,1,2,1,1396.0,69.0
2011,175000,85700,1,2,1,1405.0,70.0
2010,217000,120000,1,2,0,1248.0,73.9
2013,484999,50000,1,2,0,1498.0,98.6
2012,315000,100000,1,2,0,1458.625015808777,91.51791898382203
2016,550000,35000,1,2,0,1120.0,71.0
2012,280000,70000,2,2,1,1197.0,85.8
2013,350000,90000,2,2,0,1596.0,99.6
2016,420000,30000,2,2,1,1197.0,82.0
2017,810000,80000,2,2,0,1373.0,91.1
2011,290000,90000,2,2,2,1197.0,80.0
2012,180000,60000,2,2,0,1199.0,79.4
2010,160000,162000,2,2,0,1196.0,73.0
2017,66000,70000,2,2,2,624.0,37.48
2015,369000,20000,2,2,1,998.0,67.04
2012,300000,80000,1,2,1,2179.0,138.1
2008,350000,90000,1,2,0,2523.0,63.0
2008,220000,120000,2,1,1,1197.0,80.0
2009,221000,100000,1,2,1,1248.0,75.0
2017,400000,35000,2,2,0,1193.0,88.7
2011,390000,120000,1,2,2,2523.0,63.0
2012,190000,110000,2,2,0,1196.0,73.0
2017,300000,60000,2,2,0,799.0,53.3
2017,750000,27000,1,2,0,1396.0,88.73
2016,650000,50000,1,2,0,1248.0,74.0
2018,635000,40000,2,2,0,1198.0,86.7
2013,520000,88000,1,2,1,1582.0,126.32
2012,415000,80000,1,2,1,1582.0,126.32
2019,700000,60000,1,2,0,1396.0,88.76
2017,484999,26000,2,2,1,1197.0,81.8
2007,120000,80000,2,2,1,1388.0,68.0
2014,220000,60000,2,2,1,814.0,55.2
2014,320000,80000,2,2,1,1197.0,78.9
2011,375000,90000,1,2,1,1248.0,74.0
2012,440000,80000,1,2,1,1582.0,126.32
2019,550000,15000,2,1,0,1197.0,81.86
2017,640000,35000,1,2,1,1248.0,74.0
2014,420000,120000,1,2,0,1364.0,67.04
2016,330000,63000,1,2,2,1120.0,70.0
2019,800000,25000,1,2,0,1498.0,108.62
2011,240000,64500,2,2,0,998.0,67.1
2016,360000,100000,1,2,1,1198.0,77.0
2017,750000,40000,1,2,0,1582.0,126.2
2017,570000,15000,2,2,1,1197.0,81.83
2015,450000,25000,1,2,0,1364.0,67.04
2016,270000,82000,2,2,2,1197.0,85.8
2012,459999,87000,1,2,0,1248.0,88.76
2015,240000,80000,2,2,1,998.0,67.05
2012,320000,110000,1,2,2,1461.0,108.45
2011,149000,148000,1,2,1,1248.0,88.8
2011,180000,70000,2,2,0,1495.0,93.7
2012,185000,70000,4,2,1,1086.0,62.1
2008,65000,40000,2,2,1,796.0,37.0
2010,130000,120000,1,2,0,1405.0,70.0
2012,330000,60000,1,2,0,1399.0,67.0
2011,190000,90000,1,2,0,1248.0,90.0
2014,501000,68000,1,2,0,1248.0,74.0
2017,600000,24500,1,2,0,1498.0,98.6
2012,570000,77000,1,2,1,2179.0,140.0
2015,450000,85000,1,2,0,1498.0,98.6
2011,285000,45500,2,2,0,1496.0,88.73
2014,490000,67000,1,2,0,1248.0,74.0
2014,500000,77000,1,2,0,1248.0,74.0
2016,275000,47000,2,2,0,814.0,55.2
2017,440000,57000,2,2,0,1199.0,84.48
2018,825000,71500,1,2,0,1396.0,88.73
2012,411000,110000,1,2,0,1364.0,67.04
2013,470000,82000,1,2,1,1248.0,74.0
2013,445000,70000,1,2,1,1248.0,74.0
2017,752000,28000,1,2,0,1248.0,74.0
2016,650000,125000,1,2,1,1498.0,103.52
2013,450000,67000,1,2,1,1248.0,74.0
2011,350000,93500,2,2,2,1497.0,118.0
2012,511000,8500,2,2,0,1197.0,81.8
2016,700000,80000,1,2,0,1248.0,74.0
2018,550000,14200,2,2,0,1196.0,86.8
2007,142000,97000,2,2,0,1388.0,68.0
2017,630000,30000,2,2,0,1197.0,81.83
2015,480000,50000,2,2,0,1197.0,81.83
2016,330000,30000,2,2,0,998.0,67.05
2017,500000,20000,2,2,0,1298.0,80.0
2012,300000,60300,1,2,0,1199.0,73.9
2015,400000,35000,1,2,0,1248.0,88.7
2011,320000,80000,1,2,0,2179.0,138.03
2008,180000,44391,2,2,1,1086.0,68.05
2016,530000,58000,1,2,0,1248.0,74.0
2015,600000,40000,1,2,0,2523.0,62.1
2017,780000,66000,1,2,1,1248.0,88.5
2016,700000,110000,1,2,0,1498.0,98.6
2013,175000,56315,1,2,0,936.0,57.6
2017,735000,70000,1,2,0,1493.0,70.0
2013,325000,120000,1,2,0,1364.0,67.06
2006,225000,100000,1,2,0,2499.0,80.0
2015,350000,90000,1,2,1,1248.0,88.7
2006,110000,120000,4,2,2,1061.0,57.5
2007,85000,160000,2,2,2,998.0,67.1
2006,150000,100000,2,2,2,1794.0,125.0
2009,225000,120000,1,2,2,1248.0,73.9
2010,111000,100000,1,2,1,1248.0,75.0
2007,150000,70000,2,2,2,1061.0,67.0
2017,300000,15151,2,2,1,814.0,55.2
2015,630000,60000,1,2,0,1997.0,120.0
2011,206000,100000,2,2,0,1086.0,68.05
2006,70000,110000,2,2,2,998.0,67.1
2019,567000,7000,2,1,0,1197.0,81.86
2016,550000,60000,1,2,1,1248.0,74.0
2010,140000,70000,2,2,2,1197.0,78.9
2016,300000,30000,2,2,0,799.0,53.3
2013,500000,70000,2,2,1,1499.0,110.4
2015,400000,128000,2,2,0,1197.0,82.0
2011,340000,160000,1,2,1,1458.625015808777,91.51791898382203
2014,570000,15000,1,2,0,1248.0,74.0
2017,699000,60000,1,2,0,1248.0,74.02
2013,355000,80000,2,2,0,1198.0,86.8
2016,690000,80000,1,2,0,1248.0,74.0
2006,180000,114321,1,2,1,1399.0,68.0
2013,200000,120000,1,2,0,1405.0,70.0
2012,575000,120000,1,2,1,2179.0,120.0
2014,415000,146000,1,2,0,1364.0,67.06
2012,350000,30000,4,2,0,1086.0,68.05
2017,350000,20000,2,2,0,814.0,55.2
2017,632000,150000,1,2,0,1364.0,67.05
2014,325000,70000,3,2,1,1196.0,61.7
2013,511000,90000,2,2,1,1797.0,147.5
2010,300000,100000,2,2,2,1497.0,118.0
2008,180000,100000,2,2,2,1086.0,68.05
2015,503000,110000,1,2,0,2179.0,147.94
2013,225000,58343,2,2,0,998.0,67.05
2018,740000,38817,1,2,0,1248.0,74.0
2016,550000,56494,2,2,0,1199.0,88.7
2013,750000,79328,1,2,1,2494.0,100.6
2019,650000,5621,2,1,0,1197.0,81.8
2017,625000,25538,2,2,0,1496.0,88.73
2018,600000,69779,2,1,0,1197.0,81.8
2017,450000,56290,1,2,0,1186.0,73.97
2019,779000,7032,2,1,0,1199.0,88.76
2016,645000,11000,2,1,0,1598.0,103.5
2017,730000,37333,2,2,0,1197.0,81.83
2014,450000,15000,1,2,1,1248.0,88.76
2017,420000,60000,3,2,0,998.0,58.16
2016,509999,80000,1,2,1,1364.0,67.05
2015,905000,110000,1,2,0,2494.0,100.6
2010,240000,134000,1,2,1,1458.625015808777,91.51791898382203
2011,140000,72000,2,2,1,796.0,46.3
2015,300000,80000,2,2,1,1197.0,85.8
2010,225000,120000,1,2,1,1248.0,73.9
2015,860000,90000,1,2,1,2494.0,100.6
2012,400000,100000,1,2,1,1461.0,83.8
2009,190000,90000,2,2,2,1298.0,85.8
2013,350000,140000,1,2,2,1498.0,98.6
2010,75000,120000,2,2,0,995.0,62.0
2019,860000,35000,1,1,0,1248.0,88.5
2014,250000,50000,2,2,1,998.0,67.05
2017,700000,82000,1,2,0,1396.0,88.7
2014,399000,70000,1,2,2,1248.0,74.0
2016,320000,90000,2,2,0,1197.0,85.8
2018,530000,20000,1,2,0,2523.0,63.0
2017,750000,53000,1,2,0,1248.0,88.5
2017,560000,21500,2,1,0,1198.0,76.0
2017,450000,89000,1,2,0,1047.0,69.0
2013,459999,35000,2,2,1,1197.0,85.8
2013,235000,43000,2,2,1,998.0,67.1
2009,180000,80000,2,2,1,1086.0,62.1
2007,140000,80000,2,2,1,1086.0,63.0
2014,620000,110000,1,2,0,1396.0,88.73
2012,190000,100000,2,2,0,814.0,55.2
2018,380000,25000,2,2,0,814.0,55.2
2017,540000,70000,1,2,0,1248.0,74.0
2006,150000,100000,2,2,1,1061.0,64.0
2008,75000,86000,2,2,1,1458.625015808777,91.51791898382203
2009,135000,50000,2,2,0,796.0,46.3
2017,340000,40300,2,2,0,1199.0,84.0
2016,411000,25000,2,2,1,998.0,67.04
2010,150000,155000,2,2,2,998.0,67.1
2015,575000,50000,2,1,0,1199.0,88.7
2017,595000,30030,2,2,0,1197.0,81.83
2017,525000,29029,2,2,0,1197.0,82.0
2012,335000,72072,1,2,0,1248.0,73.9
2012,300000,54000,1,2,0,1399.0,68.0
2012,415000,82082,1,2,0,1396.0,88.73
2016,925000,48000,1,2,1,2179.0,140.0
2016,750000,20000,2,2,0,1373.0,91.1
2015,260000,35000,2,2,2,1198.0,67.0
2017,260000,67000,3,2,0,796.0,40.3
2011,347000,80600,1,2,0,1248.0,73.9
2013,195000,58609,2,2,1,814.0,55.2
2016,265000,33003,2,2,0,1172.0,67.0
2016,320000,43000,3,2,1,998.0,58.16
2016,590000,16500,2,2,0,1197.0,81.83
2012,650000,138000,1,2,1,2494.0,102.0
2013,509999,165500,1,2,1,2523.0,75.0
2011,350000,120000,1,2,1,1248.0,73.9
2018,749000,30000,1,2,0,1497.0,108.5
2010,150000,70000,1,2,1,1396.0,69.0
2011,200000,120000,1,2,2,1461.0,64.1
2014,240000,168000,1,2,1,1248.0,74.0
2017,515000,60000,1,2,1,1498.0,98.6
2008,145000,120000,2,2,1,796.0,46.3
2016,450000,5800,2,2,1,998.0,67.04
2010,179000,68700,2,2,2,998.0,66.1
2007,220000,108000,2,2,2,1599.0,103.2
2020,500000,40000,2,2,0,1193.0,88.7
2009,190000,100000,1,2,1,1399.0,67.0
2015,200000,40000,1,2,0,936.0,56.3
2018,850000,90000,2,2,0,1497.0,121.36
2011,270000,60000,2,2,1,1198.0,73.9
2016,335000,17000,2,2,0,814.0,55.2
2018,459999,5000,2,2,0,998.0,67.04
2017,710000,60000,1,2,0,1248.0,88.5
2015,330000,140000,1,2,1,1248.0,74.0
2018,750000,25000,2,2,0,1198.0,108.5
2016,160000,50000,2,2,1,995.0,62.1
2016,215000,60000,1,2,1,936.0,56.3
2012,60000,40000,2,2,1,624.0,38.0
2014,480000,72000,2,2,0,1197.0,85.8
2012,200000,70000,2,2,0,814.0,55.2
2013,400000,83000,1,2,0,1461.0,63.1
2012,180000,100000,2,2,1,814.0,55.2
2015,550000,25000,2,2,0,1197.0,81.8
2016,550000,50000,1,2,0,1248.0,74.0
2012,550000,67000,1,2,0,1248.0,88.76
2011,270000,30000,2,2,0,998.0,67.1
2013,315000,85000,1,2,0,1461.0,63.12
2018,875000,25000,1,2,0,2498.0,105.0
2014,540000,110000,1,2,0,2523.0,75.0
2017,350000,60000,3,2,0,998.0,58.16
2011,360000,80000,1,2,1,1582.0,126.32
2014,300000,31000,2,2,0,998.0,67.04
2014,350000,100000,1,2,0,1120.0,70.0
2016,650000,130000,1,2,0,1493.0,100.0
2016,350000,20000,2,2,0,998.0,67.04
2017,700000,60000,1,2,0,1498.0,98.59
2013,415000,102996,1,2,1,1248.0,74.0
2017,830000,35000,1,2,0,1497.0,108.5
2018,430000,5000,2,2,1,1198.0,67.0
2017,850000,60000,1,2,0,1498.0,98.59
2017,650000,70000,2,2,0,1197.0,83.14
2008,120000,120000,1,2,1,1493.0,110.0
2016,730000,65100,1,2,1,1493.0,100.0
2019,525000,20000,2,1,0,1197.0,81.8
2015,600000,108000,1,2,0,1396.0,88.73
2019,500000,15000,2,2,0,1197.0,81.8
2009,150000,77000,2,2,0,1086.0,62.1
2015,409999,18500,2,2,0,998.0,67.04
2016,625000,120000,1,2,0,1493.0,100.0
2015,290000,15200,2,2,0,799.0,53.3
2015,500000,35000,2,2,0,1497.0,117.3
2011,475000,80000,1,2,0,1582.0,126.32
2013,190000,70000,2,2,0,814.0,55.2
2014,750000,80000,1,2,1,2179.0,140.0
2014,525000,120000,1,2,1,1461.0,108.5
2012,495000,82000,1,2,2,1998.0,163.7
2015,550000,60000,1,2,0,1396.0,88.73
2012,595000,129000,1,2,2,2179.0,140.0
2015,550000,67000,1,2,0,1248.0,75.0
2010,400000,120000,1,2,2,2179.0,138.03
2015,500000,96500,1,2,0,1248.0,91.72
2017,340000,52412,2,2,0,998.0,67.1
2012,480000,85472,1,2,0,2179.0,120.0
2013,480000,87452,1,2,1,1498.0,98.59
2018,750000,17000,1,2,0,1498.0,98.96
2008,100000,66530,2,2,1,1061.0,67.0
2013,290000,40000,2,2,0,1197.0,82.85
2015,425000,96500,1,2,0,1248.0,91.72
2010,285000,79000,2,2,0,1497.0,116.3
2016,625000,50000,1,2,0,1493.0,100.0
2012,170000,60000,1,2,1,1248.0,75.0
2018,459999,35000,2,2,0,1193.0,88.7
2015,450000,120000,1,2,0,1248.0,91.72
2019,650000,10000,2,1,0,1197.0,81.8
2017,600000,15000,2,2,0,1197.0,81.86
2013,178000,70000,3,2,1,796.0,47.3
2016,300000,5000,2,2,0,796.0,47.3
2009,150000,40000,2,2,0,796.0,46.3
2019,590000,10000,2,2,0,1197.0,81.86
2016,310000,25000,2,2,0,814.0,55.2
2017,400000,53000,2,2,0,1193.0,88.7
2014,520000,110000,1,2,1,2179.0,120.0
2019,1000000,22000,2,2,0,1197.0,110.0
2015,509999,75000,1,2,1,1498.0,98.6
2012,221000,70000,2,2,0,998.0,67.1
2014,390000,64000,2,2,2,1598.0,103.2
2009,195000,40000,2,2,0,796.0,46.3
2013,600000,60000,1,2,0,2179.0,120.0
2015,615000,72000,1,2,0,1396.0,88.73
2013,350000,70000,1,2,1,1396.0,88.76
2012,140000,75000,1,2,0,936.0,57.6
2017,650000,32331,1,2,1,1396.0,88.73
2010,285000,80000,1,2,1,1396.0,90.0
2011,190000,20000,2,2,1,995.0,62.0
2012,350000,110000,2,2,0,1498.0,97.7
2014,400000,40000,2,2,1,1197.0,82.0
2015,434999,90000,2,2,1,1197.0,81.83
2014,450000,50000,2,2,1,1197.0,85.8
2015,450000,60000,2,2,0,1197.0,81.83
2017,580000,30000,1,2,0,1248.0,74.0
2016,900000,98000,1,2,0,1582.0,126.2
2016,750000,50000,1,2,0,1248.0,88.5
2009,140000,120000,1,2,2,1396.0,69.0
2017,525000,30000,2,2,0,1197.0,81.86
2009,114999,120000,1,2,2,1396.0,69.0
2016,399000,40000,2,2,0,1199.0,84.0
2006,150000,100000,2,2,1,1458.625015808777,91.51791898382203
2012,275000,90000,1,2,1,1405.0,71.0
2011,340000,80000,1,2,1,1396.0,90.0
2012,222000,120000,4,2,0,814.0,55.2
2007,70000,110000,1,2,1,1396.0,53.5
2017,430000,38000,2,2,1,1199.0,84.0
2017,430000,35000,2,2,1,1199.0,84.0
2014,320000,70000,2,2,0,998.0,67.04
2012,500000,120000,1,2,1,1461.0,78.0
2012,500000,110000,1,2,1,1461.0,108.45
2010,229999,140000,1,2,0,1248.0,75.0
2007,200000,120000,2,2,1,1458.625015808777,91.51791898382203
2017,500000,80000,1,2,1,1461.0,63.1
2010,315000,120000,1,2,1,2523.0,63.0
2011,265000,80000,2,2,0,998.0,67.1
2015,350000,110000,1,2,1,1498.0,99.0
2011,114999,172000,1,2,1,1396.0,52.8
2014,425000,25000,2,2,0,1197.0,81.83
2019,900000,35000,1,2,0,1498.0,98.96
2014,550000,126000,1,2,0,2179.0,120.0
2018,900000,30000,1,2,0,1498.0,98.6
2011,165000,97000,2,2,2,1086.0,68.05
2016,850000,120000,1,1,0,1582.0,126.2
2016,850000,120000,1,2,0,1582.0,126.32
2014,550000,80000,1,2,1,2498.0,105.0
2011,500000,60000,1,2,1,1248.0,73.9
2018,630000,15000,2,2,0,1197.0,81.8
2011,160000,60000,2,2,0,1086.0,68.05
2015,670000,60000,1,2,0,1498.0,98.6
2014,430000,90000,1,2,0,1248.0,74.0
2015,375000,30000,2,2,0,1197.0,82.0
2016,650000,35000,2,2,0,1197.0,81.83
2016,500000,35000,1,2,0,1248.0,74.0
2016,500000,35000,1,2,0,1248.0,74.0
2018,600000,40000,1,2,0,1498.0,108.62
2018,795000,41779,2,2,0,1197.0,81.8
2016,625000,54000,2,2,0,1199.0,88.7
2017,625000,37000,1,1,0,1248.0,74.0
2011,440000,90000,1,1,1,1991.0,147.9
2017,550000,23456,2,2,0,1197.0,82.0
2017,700000,15000,2,2,0,1199.0,88.7
2013,530000,40000,1,2,0,1248.0,74.0
2017,844999,70000,1,2,0,1248.0,88.5
2016,650000,99000,1,1,0,1498.0,103.52
2018,750000,15000,2,2,0,1197.0,81.8
2015,610000,30000,2,2,0,1199.0,88.7
2010,150000,70000,2,2,0,1199.0,79.4
2014,475000,40000,2,2,0,1197.0,85.8
2008,375000,136500,1,2,2,2609.0,120.0
2016,425000,70000,1,2,1,1198.0,77.0
2015,800000,90000,1,2,1,1498.0,98.6
2018,509999,8000,2,1,1,998.0,67.0
2015,387000,170000,1,2,0,1364.0,67.04
2014,235000,25000,2,2,0,796.0,47.3
2010,340000,110000,1,2,2,1248.0,75.0
2016,1000000,100000,1,2,0,2179.0,140.0
2009,160000,115000,1,2,1,1399.0,68.0
2008,365000,120000,1,2,2,2609.0,120.0
2008,260000,90000,1,2,1,1248.0,75.0
2018,860000,40000,2,1,0,1199.0,88.7
2008,114999,55000,2,2,1,1599.0,103.2
2007,100000,90000,2,2,1,796.0,46.3
2014,565000,111000,1,2,0,1498.0,103.2
2013,450000,120000,1,2,1,2498.0,112.0
2017,625000,15000,2,2,0,1197.0,83.1
2016,280000,30000,2,2,1,796.0,47.3
2017,330000,50000,2,2,0,998.0,67.05
2008,65000,50000,2,2,1,1396.0,70.0
2018,480000,45000,2,2,1,1199.0,84.0
2016,400000,35000,1,2,1,1047.0,69.0
2012,320000,120000,1,2,0,2498.0,112.0
2014,750000,90000,1,2,1,2179.0,140.0
2017,620000,100000,1,2,0,1493.0,70.0
2011,300000,120000,1,2,2,1248.0,73.9
2017,282000,15000,2,2,0,796.0,47.3
2017,700000,15000,2,1,0,1197.0,81.8
2017,700000,70000,1,2,0,1498.0,99.0
2015,600000,135000,1,2,0,1498.0,98.59
2012,290000,80000,1,2,1,1598.0,103.5
2011,430000,80000,1,1,1,1991.0,147.9
2017,575000,19000,2,2,0,1197.0,81.83
2017,875000,42000,2,2,0,1591.0,121.3
2010,180000,77000,2,2,0,998.0,67.1
2012,229999,120000,1,2,0,1248.0,73.94
2019,800000,10000,2,1,0,1197.0,81.8
2009,60000,110000,2,2,2,995.0,63.0
2009,150000,110000,2,2,0,1586.0,104.68
2007,100000,90000,1,2,2,1396.0,70.0
2015,900000,90000,2,2,0,1591.0,121.3
2018,850000,50000,1,2,0,1396.0,88.73
2014,220000,50000,1,2,0,936.0,56.3
2014,250000,40000,2,2,1,796.0,47.3
2012,125000,120000,1,2,0,1248.0,74.0
2018,1200000,27000,2,2,0,1591.0,121.3
2013,250000,100000,1,2,0,1396.0,70.0
2014,440000,70000,1,2,1,1396.0,88.73
2017,400000,40000,2,2,0,1199.0,84.0
2018,1000000,10000,2,2,0,1591.0,121.3
2014,600000,160000,1,2,0,1498.0,98.6
2010,250000,60000,2,2,0,1197.0,80.0
2009,310000,110000,1,2,0,2523.0,63.0
2014,390000,78000,1,2,0,2498.0,112.0
2019,458000,30000,2,2,0,1086.0,68.0
2018,950000,20000,1,2,0,1498.0,98.96
2017,650000,21000,2,2,0,1197.0,81.8
2013,400000,70000,1,2,0,1248.0,74.0
2015,400000,70000,2,1,1,1197.0,82.0
2006,100000,42500,2,2,0,796.0,46.3
2012,350000,25000,2,2,0,1197.0,78.9
2013,450000,80000,1,2,1,2197.0,138.1
2010,250000,80000,1,2,2,1199.0,73.9
2013,450000,146000,1,2,1,2523.0,62.1
2013,157000,47200,2,2,2,796.0,37.0
2007,75000,100000,2,2,1,1193.0,65.3
2010,280000,100000,1,2,1,2499.0,80.0
2015,600000,35000,2,2,0,1197.0,81.83
2012,250999,120000,1,2,2,2956.0,83.8
2010,350000,80000,2,2,1,1794.0,132.0
2016,300000,34000,2,2,0,999.0,67.0
2017,819999,50000,1,2,0,1461.0,83.8
2010,409999,100000,1,2,1,1405.0,70.0
2008,275000,52000,2,2,1,1599.0,103.2
2013,497000,110000,1,2,0,1248.0,88.76
2015,500000,70000,2,2,0,1197.0,81.83
2006,170000,120000,1,2,1,2523.0,83.0
2016,515000,68609,1,2,0,1498.0,89.84
2018,925000,33360,1,2,0,1498.0,98.59
2017,830000,35000,1,2,0,1497.0,108.5
2019,975000,30000,1,2,0,1498.0,98.96
2018,620000,15000,2,2,0,1194.0,94.93
2019,860000,14317,2,2,0,1498.0,104.55
2018,430000,5000,2,2,1,1198.0,67.0
2017,860000,28000,2,2,0,1497.0,117.3
2018,950000,40000,1,2,0,1498.0,98.96
2012,225000,87237,1,2,1,1399.0,68.05
2011,500000,99500,1,2,2,1991.0,147.9
2017,500000,62960,1,2,0,1498.0,99.0
2014,545000,110000,1,2,0,1248.0,88.76
2011,400000,72000,1,2,0,1248.0,74.0
2018,650000,50000,1,2,0,1248.0,74.02
2008,114999,55000,2,2,1,1599.0,103.2
2015,562000,60000,1,2,0,1248.0,74.0
2015,503000,110000,1,2,0,2179.0,147.94
2013,225000,58343,2,2,0,998.0,67.05
2018,740000,38817,1,2,0,1248.0,74.0
2016,550000,56494,2,2,0,1199.0,88.7
2013,750000,79328,1,2,1,2494.0,100.6
2019,650000,5621,2,1,0,1197.0,81.8
2017,625000,25538,2,2,0,1496.0,88.73
2018,600000,69779,2,1,0,1197.0,81.8
2017,450000,56290,1,2,0,1186.0,73.97
2019,779000,7032,2,1,0,1199.0,88.76
2016,645000,11000,2,1,0,1598.0,103.5
2015,503000,110000,1,2,0,2179.0,147.94
2013,225000,58343,2,2,0,998.0,67.05
2018,740000,38817,1,2,0,1248.0,74.0
2016,550000,56494,2,2,0,1199.0,88.7
2013,750000,79328,1,2,1,2494.0,100.6
2019,650000,5621,2,1,0,1197.0,81.8
2017,625000,25538,2,2,0,1496.0,88.73
2018,600000,69779,2,1,0,1197.0,81.8
2017,450000,56290,1,2,0,1186.0,73.97
2019,779000,7032,2,1,0,1199.0,88.76
2016,645000,11000,2,1,0,1598.0,103.5
2009,210000,120000,1,2,2,1458.625015808777,91.51791898382203
2015,503000,110000,1,2,0,2179.0,147.94
2013,225000,58343,2,2,0,998.0,67.05
2018,740000,38817,1,2,0,1248.0,74.0
2016,550000,56494,2,2,0,1199.0,88.7
2013,750000,79328,1,2,1,2494.0,100.6
2019,650000,5621,2,1,0,1197.0,81.8
2017,625000,25538,2,2,0,1496.0,88.73
2018,600000,69779,2,1,0,1197.0,81.8
2017,450000,56290,1,2,0,1186.0,73.97
2019,779000,7032,2,1,0,1199.0,88.76
2016,645000,11000,2,1,0,1598.0,103.5
2015,590000,80000,1,2,0,1498.0,89.75
2016,350000,120000,1,2,1,1120.0,71.0
2017,484999,30000,2,2,0,1197.0,81.8
2015,240000,110000,1,2,1,1405.0,70.0
2017,300000,80000,2,2,0,796.0,47.3
2016,750000,80000,1,2,0,1248.0,88.5
2016,574000,35000,2,2,1,1197.0,83.14
2013,200000,167000,1,2,0,1248.0,88.8
2012,350000,80000,2,2,0,1086.0,62.1
2019,500000,10000,2,2,0,1197.0,83.1
2016,370000,90000,1,2,0,1405.0,69.01
2019,600000,5200,2,2,0,1199.0,83.81
2006,100000,120000,2,2,1,993.0,60.0
2013,409999,90000,1,2,1,1248.0,74.0
2016,750000,50000,2,1,0,1497.0,117.3
2017,600000,5000,2,2,0,1197.0,81.86
2018,550000,10500,2,2,0,1198.0,82.0
2018,950000,26000,1,2,0,1461.0,108.45
2014,645000,139000,1,1,0,2179.0,120.0
2014,750000,60000,1,2,1,2179.0,140.0
2015,800000,25000,2,2,0,1499.0,110.4
2010,350000,60000,2,2,1,1798.0,138.0
2015,700000,25000,2,2,0,1499.0,110.4
2011,335000,15000,2,2,0,1298.0,85.8
2012,270000,110000,1,2,0,1248.0,73.9
2010,320000,100000,1,2,1,1248.0,73.9
2007,120000,120000,2,2,0,1086.0,63.0
2007,125000,120000,2,2,2,1586.0,104.68
2007,150000,35000,2,2,0,1061.0,64.0
2018,310000,13000,2,2,0,796.0,47.3
2015,625000,50000,1,2,0,1248.0,74.0
2012,267000,40000,2,2,0,1197.0,78.9
2016,600000,25000,2,2,0,1197.0,81.86
2011,180000,110000,2,2,1,1196.0,73.0
2019,700000,5000,2,2,0,1197.0,88.5
2013,121000,50000,2,2,1,796.0,37.0
2014,350000,80000,2,2,2,1197.0,82.0
2015,503000,110000,1,2,0,2179.0,147.94
2013,225000,58343,2,2,0,998.0,67.05
2018,740000,38817,1,2,0,1248.0,74.0
2016,550000,56494,2,2,0,1199.0,88.7
2013,750000,79328,1,2,1,2494.0,100.6
2019,650000,5621,2,1,0,1197.0,81.8
2017,625000,25538,2,2,0,1496.0,88.73
2018,600000,69779,2,1,0,1197.0,81.8
2017,450000,56290,1,2,0,1186.0,73.97
2019,779000,7032,2,1,0,1199.0,88.76
2016,645000,11000,2,1,0,1598.0,103.5
2008,80000,100000,2,2,2,1061.0,64.0
2008,120000,93331,2,2,1,1086.0,68.05
2012,370000,120000,1,2,1,2179.0,115.0
2015,750000,70000,1,2,0,1461.0,108.5
2015,484999,100000,1,2,0,2523.0,63.0
2006,120000,90000,1,2,1,1493.0,82.0
2017,860000,28000,2,2,0,1497.0,117.3
2018,650000,50000,1,2,0,1248.0,74.02
2014,650000,90000,1,2,0,1248.0,88.8
2016,710000,40000,1,2,0,1396.0,88.7
2017,430000,113000,1,2,0,1498.0,99.0
2011,305000,188000,1,2,1,1248.0,75.0
2011,220000,100000,1,2,0,1399.0,68.0
2017,660000,67000,1,2,1,1493.0,100.0
2011,140000,70000,1,2,2,936.0,57.6
2017,625000,34000,1,1,0,1498.0,108.495
2012,540000,100000,2,2,1,1497.0,116.3
2017,550000,10000,2,1,0,1197.0,81.86
2018,475000,30000,2,2,0,998.0,67.04
2010,217000,120000,1,2,0,1248.0,73.9
2019,750000,6500,2,1,0,1197.0,81.8
2010,350000,80000,2,2,0,1298.0,80.0
2008,400000,100000,1,2,2,2179.0,120.0
2015,570000,120000,1,2,1,1364.0,67.05
2012,180000,120000,2,2,1,814.0,55.2
2018,700000,63000,1,2,0,2956.0,83.83
2015,685000,109000,1,2,0,1498.0,89.84
2015,565000,114000,1,2,0,1248.0,73.94
2014,395000,160000,1,2,2,1120.0,70.0
2013,425000,101000,1,2,0,1396.0,88.76
2018,535000,31000,2,1,0,999.0,67.0
2018,500000,31000,2,2,0,999.0,67.0
2016,434999,55000,2,2,0,1197.0,81.8
2014,700000,117000,1,2,0,1582.0,126.32
2015,425000,75000,2,2,0,1197.0,81.8
2013,325000,158000,1,2,0,1499.0,98.96
2018,950000,40000,1,2,0,1498.0,98.96
2017,980000,53000,1,2,0,2179.0,147.94
2020,808000,5000,2,2,0,999.0,108.6
2014,550000,30000,2,2,0,1197.0,85.8
2010,215000,64000,2,2,0,796.0,46.3
2016,512000,10500,2,2,0,1196.0,86.8
2011,215000,50000,2,2,1,796.0,46.3
2012,500000,60000,1,2,0,1598.0,103.5
2015,700000,35000,1,2,0,1498.0,103.52
2012,525000,135000,1,2,0,2179.0,138.03
2011,550000,70000,1,2,1,2179.0,120.0
2016,750000,80000,1,2,0,1248.0,88.5
2017,395000,25000,2,2,0,998.0,67.0
2017,675000,5000,2,2,0,1197.0,81.83
2008,140000,80000,2,2,2,1086.0,62.1
2011,430000,120000,1,2,1,2179.0,120.0
2015,503000,110000,1,2,0,2179.0,147.94
2013,225000,58343,2,2,0,998.0,67.05
2018,740000,38817,1,2,0,1248.0,74.0
2016,550000,56494,2,2,0,1199.0,88.7
2013,750000,79328,1,2,1,2494.0,100.6
2019,650000,5621,2,1,0,1197.0,81.8
2017,625000,25538,2,2,0,1496.0,88.73
2018,600000,69779,2,1,0,1197.0,81.8
2017,450000,56290,1,2,0,1186.0,73.97
2019,779000,7032,2,1,0,1199.0,88.76
2016,645000,11000,2,1,0,1598.0,103.5
2011,270000,167000,2,2,0,1458.625015808777,91.51791898382203
2011,270000,167000,2,2,0,1458.625015808777,91.51791898382203
2014,300000,10000,2,2,0,998.0,67.04
2013,355000,68000,1,2,0,1248.0,76.9
2015,180000,35000,2,2,1,796.0,47.3
2013,280000,70000,1,2,0,1396.0,69.0
2011,250000,70000,1,2,0,1248.0,90.0
2007,125000,50000,2,2,0,1193.0,65.3
2006,150000,80000,1,2,0,1458.625015808777,91.51791898382203
2006,95000,60898,2,2,0,1458.625015808777,91.51791898382203
2018,810000,29700,1,2,0,1248.0,88.5
2018,671000,20000,2,1,0,1368.0,98.63
2018,295000,20000,2,2,0,796.0,47.3
2017,850000,40000,1,2,0,1248.0,88.5
2013,409999,90000,1,2,0,1248.0,74.0
2015,600000,90000,2,2,0,1373.0,93.7
2015,600000,80000,1,2,0,2523.0,62.1
2012,220000,60000,2,2,2,998.0,67.1
2013,550000,56000,1,2,0,1248.0,74.0
2014,650000,50000,1,2,0,2523.0,75.0
2014,655000,50000,1,2,1,2523.0,75.0
2006,130000,74000,1,2,0,1948.0,68.0
2014,400000,123000,1,2,0,1461.0,108.45
2007,250000,60000,2,2,2,1458.625015808777,91.51791898382203
2009,155000,54000,2,2,0,796.0,46.3
2013,250000,50000,2,2,0,1193.0,64.1
2014,400000,80000,2,2,1,1197.0,82.0
2019,500000,10000,2,2,0,1198.0,67.05
2018,565000,10000,2,1,0,1086.0,68.0
2018,900000,40000,1,2,0,1498.0,98.96
2017,650000,120000,1,2,0,1493.0,70.0
2013,600000,45000,1,2,0,2523.0,62.1
2018,800000,35000,1,2,0,1248.0,74.02
2015,575000,60000,1,2,0,1396.0,88.73
2016,550000,40000,2,1,0,1499.0,110.4
2011,190000,80000,2,2,2,1586.0,103.3
2017,750000,37000,1,2,0,1498.0,98.96
2018,625000,22000,2,2,0,1197.0,83.1
2018,799000,60000,1,2,1,1396.0,88.73
2013,300000,57000,2,2,1,998.0,67.04
2017,850000,27000,2,2,0,1373.0,91.1
2012,130000,70000,2,2,0,995.0,62.0
2011,229999,40000,2,2,1,998.0,67.1
2015,400000,60000,2,2,0,998.0,67.04
2018,900000,35000,1,2,0,2498.0,105.0
2015,800000,70000,1,2,0,1997.0,120.0
2015,250999,43000,2,2,1,814.0,55.2
2011,250000,110000,2,2,1,1368.0,90.0
2009,100000,100000,2,2,1,1172.0,67.0
2016,450000,64000,2,2,0,1197.0,81.8
2017,575000,96000,1,2,0,1461.0,83.8
2013,400000,96000,1,2,0,1461.0,83.8
2019,480000,7600,2,2,0,998.0,67.0
2019,490000,7000,2,2,0,998.0,67.0
2007,150000,120000,1,2,1,1405.0,70.0
2017,600000,50000,1,2,0,1248.0,74.0
2015,500000,50000,1,2,1,1120.0,71.0
2015,425000,80000,1,2,0,1248.0,88.7
2015,360000,34000,2,2,0,998.0,67.04
2012,290000,80000,2,2,1,1198.0,73.9
2011,400000,72000,1,2,0,1248.0,74.0
2012,320000,70000,1,2,1,2956.0,83.8
2019,975000,30000,1,2,0,1498.0,98.96
2014,755000,29340,1,2,0,1582.0,126.32
2011,215000,120000,1,2,0,1399.0,68.0
2007,190000,70000,2,2,1,1086.0,68.05
2018,675000,24265,2,2,0,1199.0,88.7
2014,438999,81000,1,2,0,1248.0,74.0
2013,409999,35000,2,2,0,1197.0,85.8
2019,350000,15000,2,2,0,799.0,53.3
2012,135000,49000,1,2,2,936.0,57.6
2014,520000,70000,1,2,1,1248.0,74.0
2010,315000,180000,1,2,0,1248.0,73.9
2010,235000,50000,2,2,0,998.0,66.1
2013,375000,88200,1,2,0,1248.0,73.94
2006,189000,93000,2,2,1,1197.0,85.0
2017,550000,120000,1,2,0,1498.0,98.6
2011,260000,110000,1,2,1,1399.0,68.0
2016,650000,50000,1,1,1,1248.0,74.0
2013,480000,80000,1,2,0,1248.0,74.0
2016,700000,40000,1,2,0,1396.0,88.73
2015,650000,110000,1,2,2,1248.0,88.76
2018,1080000,12800,2,1,0,1496.0,105.5
2012,170000,40000,2,2,0,814.0,55.2
2017,610000,49000,1,2,0,1248.0,74.0
2014,350000,25000,2,2,0,1197.0,85.8
2016,260000,65000,2,2,1,796.0,47.3
2015,700000,20000,1,2,0,1248.0,91.7
2018,678000,17000,2,2,0,999.0,75.0
2015,800000,15000,1,2,0,1248.0,88.5
2014,400000,120000,1,2,1,1364.0,67.04
2010,300000,49000,2,2,0,1197.0,80.0
2016,520000,29000,2,2,0,1197.0,81.83
2017,850000,55000,1,1,0,1461.0,108.5
2015,300000,40000,2,2,0,998.0,67.05
2010,350000,120000,2,2,1,1497.0,118.0
2019,892000,10000,1,2,0,1248.0,88.5
2012,285000,70000,1,2,1,1248.0,92.0
2012,300000,60000,4,2,0,1086.0,68.05
2016,620000,90000,1,2,0,1248.0,88.5
2017,750000,90000,1,2,0,1248.0,88.5
2016,270000,35000,2,2,0,796.0,47.3
2014,560000,90000,1,2,0,1248.0,88.8
2012,300000,40000,2,2,1,1086.0,62.1
2012,300000,40000,2,2,1,1086.0,62.1
2018,570000,20000,2,2,0,1197.0,81.86
2011,220000,80000,1,2,0,1396.0,69.0
2012,260000,99000,2,2,1,1586.0,103.3
2019,600000,7500,2,1,0,1197.0,81.8
2016,300000,40800,2,2,0,814.0,55.2
2015,300000,70000,2,2,0,1193.0,88.7
2016,400000,100000,2,2,0,1198.0,82.0
2016,550000,8588,2,2,0,1197.0,81.8
2015,500000,60000,1,2,0,1498.0,99.0
2014,500000,110000,1,2,0,1498.0,98.6
2018,670000,150000,1,2,0,1364.0,67.05
2017,370000,30000,2,2,0,998.0,67.05
2012,100000,70000,2,2,1,796.0,37.0
2016,425000,50000,2,2,0,1086.0,68.05
2012,400000,158500,1,2,2,1458.625015808777,91.51791898382203
2016,850000,35000,1,2,0,1248.0,88.5
2018,750000,22000,1,2,0,1461.0,65.0
2010,235000,50000,1,2,0,1948.0,90.0
2017,700000,70000,1,2,0,1498.0,98.6
2016,480000,56000,1,2,0,1120.0,70.0
2016,475000,50000,1,2,0,1248.0,74.0
2015,610000,120000,1,2,0,1498.0,103.52
2017,800000,70000,1,2,0,1498.0,98.6
2015,520000,120000,1,2,0,2179.0,138.1
2014,160000,90000,1,2,0,1396.0,69.0
2018,1000000,70000,1,2,0,1248.0,88.5
2015,700000,120000,1,2,1,1248.0,88.76
2017,590000,70000,1,2,1,1498.0,98.6
2017,725000,100000,1,2,1,1493.0,100.0
2015,550000,50000,1,2,0,1248.0,74.0
2012,240000,90000,1,2,1,1248.0,73.94
2013,667000,65000,1,2,0,2231.0,184.0
2017,670000,50000,1,2,0,1498.0,98.6
2015,550000,110000,1,2,0,1248.0,74.0
2015,400000,30000,2,2,0,998.0,67.04
2014,545000,80000,1,2,1,1582.0,126.32
2015,599000,70000,2,2,0,1373.0,93.7
2016,725000,100000,1,2,0,1396.0,88.7
2015,525000,120000,2,2,1,1497.0,117.3
2011,204999,85000,1,2,1,1248.0,73.9
2012,190000,110000,1,2,0,1199.0,75.0
2015,310000,60000,1,2,2,1120.0,70.0
2016,380000,90000,1,2,1,1120.0,70.0
2012,204000,110000,2,2,2,998.0,67.1
2018,350000,25000,2,2,0,998.0,68.05
2013,350000,100000,1,2,0,1598.0,103.6
2012,175000,120000,1,2,1,1399.0,68.0
2011,340000,90000,1,2,0,1598.0,103.6
2017,950000,35000,2,2,0,1497.0,117.6
2017,894999,35000,2,2,0,1497.0,117.3
2014,350000,101200,1,2,1,2956.0,83.83
2016,550000,76000,1,2,0,1248.0,74.0
2016,800000,90000,1,2,0,2179.0,140.0
2013,525000,80000,1,2,1,2523.0,62.1
2009,190000,160000,2,2,2,1197.0,85.8
2019,694000,35000,1,2,0,1248.0,74.02
2016,861999,120000,1,1,0,2179.0,140.0
2017,650000,50000,1,2,0,1498.0,98.6
2011,310000,70000,1,2,1,1248.0,73.9
2013,360000,97000,1,2,0,1248.0,74.0
2011,240000,90000,1,2,1,1248.0,73.9
2012,500000,84487,1,2,2,2179.0,140.0
2010,475000,100000,1,2,1,2494.0,102.0
2007,100000,60000,2,2,2,796.0,46.3
2009,200000,110000,2,2,2,1586.0,104.68
2010,245000,146000,1,2,2,2498.0,112.0
2014,450000,70000,1,2,0,1248.0,74.0
2017,800000,51146,1,2,0,1248.0,88.5
2011,215000,40000,2,2,0,1197.0,85.8
2017,760000,50000,1,2,0,1248.0,88.5
2015,416000,80000,1,2,0,1498.0,88.8
2011,195000,120000,2,2,0,998.0,67.1
2017,325000,23000,2,2,0,796.0,47.3
2010,145000,70000,2,2,1,998.0,67.1
2018,675000,23000,1,2,0,1248.0,74.0
2016,340000,30000,2,2,1,998.0,67.04
2011,340000,50000,1,2,0,1248.0,90.0
2014,260000,40000,2,2,0,796.0,34.2
2015,300000,50000,2,2,0,796.0,47.3
2007,75000,60000,2,2,1,796.0,37.0
2011,350000,80000,1,2,0,1405.0,70.0
2019,1000000,15000,2,2,0,1462.0,103.2
2010,170000,150000,1,2,2,1248.0,88.8
2018,600000,40000,2,2,0,1197.0,85.8
2018,850000,120000,1,2,1,2650.0,80.84
2018,900000,50000,1,1,1,1248.0,88.5
2010,310000,120000,1,2,1,1248.0,73.9
2013,600000,60000,1,2,2,1248.0,88.8
2008,270000,149000,1,2,1,1248.0,73.9
2019,509999,5000,2,2,0,1086.0,68.0
2013,225000,70000,1,2,1,1405.0,70.0
2015,280000,55000,2,2,0,1197.0,78.9
2016,490000,100000,1,2,0,1047.0,69.0
2013,440000,120000,1,2,0,2523.0,62.1
2015,590000,70000,2,2,2,1197.0,81.86
2010,500000,120000,1,2,0,2499.0,141.0
2015,600000,40000,1,2,0,1498.0,98.59
2016,750000,70000,1,2,0,1997.0,120.0
2019,695000,36800,1,2,0,1498.0,88.0
2018,690000,52200,1,2,0,1248.0,74.0
2016,409999,78000,1,2,0,1186.0,73.97
2017,525000,29000,1,2,1,1186.0,73.97
2013,540000,60000,1,2,1,2179.0,140.0
2016,1000000,112000,1,2,1,1997.0,120.0
2017,725000,40000,1,2,0,1493.0,100.0
2018,975000,36000,1,2,0,1248.0,88.5
2016,355000,60000,2,2,0,998.0,67.05
2008,400000,120000,2,2,0,2354.0,158.8
2015,265000,48000,2,2,0,796.0,47.3
2018,650000,40000,1,2,0,1498.0,88.0
2017,720000,60000,1,2,0,1248.0,88.5
2016,850000,25000,2,2,0,1591.0,121.3
2015,290000,42000,2,2,0,998.0,67.05
2016,600000,90000,1,1,1,1493.0,100.0
2011,300000,90000,1,2,1,1248.0,73.9
2012,225000,110000,1,2,1,1461.0,63.12
2009,240000,70000,1,2,1,1248.0,73.9
2014,700000,80000,1,2,0,1582.0,126.32
2014,470000,70000,1,2,1,1248.0,74.0
2016,800000,80000,1,2,0,1396.0,88.73
2012,450000,90000,1,2,0,1461.0,108.45
2007,90000,90000,1,2,2,1396.0,53.5
2010,450000,120000,1,2,1,1364.0,87.2
2012,400000,107500,1,2,1,1458.625015808777,91.51791898382203
2016,925000,79000,1,2,0,1582.0,126.2
2007,300000,110000,1,2,1,2179.0,120.0
2009,360000,100000,1,2,0,1248.0,73.9
2010,320000,70000,1,2,1,1493.0,110.0
2016,780000,50000,1,2,1,1248.0,88.5
2013,620000,139000,1,2,0,1248.0,88.76
2006,100000,120000,2,2,2,1781.0,149.5
2014,210000,35000,2,2,1,1172.0,64.1
2015,375000,80000,1,2,0,2523.0,62.1
2019,786000,7720,2,2,0,999.0,71.0
2016,750000,100000,1,2,0,1461.0,64.1
2016,550000,57882,2,2,0,1197.0,81.83
2018,875000,142000,1,2,0,2179.0,147.94
2018,890000,140000,1,2,2,2179.0,147.94
2015,700000,35000,2,2,0,1373.0,93.7
2015,550000,30000,1,2,0,2523.0,62.1
2018,400000,10000,2,2,0,1198.0,67.0
2015,290000,30000,2,2,1,998.0,67.04
2012,150000,90000,1,2,0,1396.0,69.0
2015,300000,35000,2,2,1,1196.0,73.0
2009,220000,25000,2,2,0,1458.625015808777,91.51791898382203
2008,221000,35008,2,2,0,998.0,67.05
2017,270000,31100,2,2,0,799.0,53.64
2014,455000,42312,1,2,0,1120.0,71.0
2011,300000,72000,2,2,0,1496.0,88.7
2014,480000,54891,1,2,0,1364.0,67.04
2018,1000000,30000,1,1,0,1582.0,126.2
2019,500000,5000,2,2,0,1086.0,68.0
2013,800000,117000,1,1,0,2696.0,184.0
2013,250000,50000,1,2,0,1248.0,88.8
2012,245000,100000,1,2,0,1461.0,63.1
2019,625000,4337,2,1,0,1197.0,82.0
2018,560000,14495,2,2,0,999.0,75.0
2018,680000,8576,2,2,0,1199.0,88.7
2019,700000,30000,1,2,0,1248.0,74.02
2013,220000,80000,1,2,0,1396.0,69.0
2017,450000,70000,1,2,0,1405.0,69.01
2017,525000,19723,2,1,0,1199.0,84.0
2017,875000,30000,1,1,0,1248.0,74.02
2019,785000,9000,2,2,0,1197.0,81.83
2017,819999,30000,2,2,0,1199.0,88.7
2017,885000,39000,1,2,0,1498.0,98.6
2015,680000,64000,2,1,0,1499.0,110.4
2017,960000,42000,1,2,0,1498.0,98.96
2012,385000,45000,2,2,0,1198.0,86.8
2018,890000,55000,1,2,0,1493.0,100.0
2016,675000,69000,2,1,0,1197.0,103.6
2017,700000,80000,2,2,0,1197.0,81.8
2016,780000,60000,1,2,0,1498.0,98.59
2017,1050000,70000,1,2,0,1582.0,126.32
2016,400000,100000,1,2,0,1248.0,74.0
2011,400000,100000,1,2,0,2523.0,62.1
2009,85000,90000,2,2,1,796.0,46.3
2018,819999,11500,1,2,0,1493.0,100.0
2015,620000,40000,1,1,0,1493.0,100.0
2018,260000,50000,2,2,0,999.0,67.0
2016,805000,49900,2,2,0,1797.0,147.5
2015,484999,55380,2,2,0,1197.0,82.0
2018,811000,11000,2,2,0,1198.0,108.5
2015,575000,50000,2,1,0,1199.0,88.7
2016,645000,11000,2,1,0,1598.0,103.5
2017,650000,18816,2,2,0,1198.0,73.75
2017,925000,18000,2,1,0,1497.0,116.3
2019,894999,9654,2,1,0,1197.0,81.8
2011,175000,11000,2,2,0,998.0,67.05
2012,340000,24300,2,2,0,1197.0,81.8
2017,810000,47747,1,2,0,1248.0,88.5
2018,1025000,8000,1,1,0,1497.0,108.5
2016,300000,60000,1,2,1,1405.0,48.21
2015,490000,45900,2,2,1,1197.0,81.83
2013,425000,70000,1,2,0,1498.0,98.6
2011,155000,40000,2,2,0,796.0,46.3
2013,490000,90000,1,2,1,2179.0,120.0
2010,132000,105000,2,2,0,796.0,46.3
2018,750000,30000,1,2,0,1396.0,88.76
2011,225000,20000,2,2,0,998.0,67.1
2011,240000,80000,2,2,0,1197.0,78.9
2010,80000,80000,2,2,1,995.0,62.0
2019,1100000,50000,1,2,1,1498.0,98.6
2015,503000,110000,1,2,0,2179.0,147.94
2013,225000,58343,2,2,0,998.0,67.05
2018,740000,38817,1,2,0,1248.0,74.0
2016,550000,56494,2,2,0,1199.0,88.7
2013,750000,79328,1,2,1,2494.0,100.6
2019,650000,5621,2,1,0,1197.0,81.8
2017,625000,25538,2,2,0,1496.0,88.73
2018,600000,69779,2,1,0,1197.0,81.8
2017,450000,56290,1,2,0,1186.0,73.97
2019,779000,7032,2,1,0,1199.0,88.76
2016,645000,11000,2,1,0,1598.0,103.5
2016,380000,80000,1,2,1,1120.0,71.0
2011,300000,120000,1,2,1,2179.0,138.1
2014,240000,50000,2,2,0,796.0,47.3
2011,325000,70000,1,2,0,1248.0,74.0
2016,400000,130000,1,2,0,1198.0,77.0
2017,800000,50000,1,2,0,1461.0,83.8
2018,950000,80000,1,2,0,1498.0,98.96
2013,300000,120000,1,2,2,1248.0,74.0
2020,350000,5000,2,2,0,796.0,47.3
2017,530000,59000,2,2,0,1198.0,82.0
2013,350000,100000,1,2,2,1248.0,73.8
2008,168000,50000,2,1,0,2359.0,165.0
2016,240000,45000,2,2,1,799.0,53.3
2010,220000,80000,1,2,2,1248.0,73.9
2008,110000,80000,2,2,2,1061.0,67.0
2016,850000,100000,1,2,0,1248.0,88.5
2014,545000,110000,1,2,0,1248.0,88.76
2018,950000,25000,1,2,0,1248.0,88.5
2013,200000,68697,2,2,2,814.0,55.2
2017,660000,30000,1,2,0,1248.0,74.0
2013,420000,40000,1,2,1,1498.0,98.6
2010,150000,29000,2,2,0,1172.0,65.0
2013,175000,68000,1,2,1,936.0,57.6
2018,750000,15000,2,1,0,1199.0,88.7
2014,425000,70000,1,2,0,1248.0,73.94
2015,790000,126000,1,2,2,1364.0,87.2
2015,650000,94000,1,2,1,1498.0,98.6
2015,780000,129000,1,2,2,1364.0,87.2
2010,180000,55000,2,2,1,1086.0,68.05
2019,869999,40000,1,2,0,1498.0,98.96
2011,275000,50000,1,2,0,1248.0,88.8
2017,630000,25000,2,2,1,1197.0,81.83
2008,150000,60000,2,2,1,1794.0,125.0
2016,315000,25000,2,2,0,796.0,47.3
2011,189000,70000,1,2,1,1396.0,70.0
2014,580000,120000,1,2,0,1248.0,74.0
2009,150000,153000,1,2,1,1458.625015808777,91.51791898382203
2018,825000,35000,1,2,0,1248.0,88.5
2016,650000,60000,1,2,1,2179.0,148.0
2011,200000,120000,2,2,1,1198.0,73.9
2013,135000,120000,1,2,2,1405.0,70.0
2017,680000,80000,1,2,0,1396.0,88.73
2017,670000,80000,1,2,0,1396.0,88.73
2010,240000,80000,2,2,1,998.0,67.1
2014,555000,147279,1,2,1,2200.0,139.01
2013,455000,98000,1,2,0,1598.0,103.5
2018,750000,25000,1,2,0,1248.0,74.02
2016,700000,90000,1,1,0,1248.0,74.0
2014,160000,120000,1,2,0,1396.0,69.0
2013,225000,100000,1,2,1,1248.0,76.9
2008,140000,120000,1,2,1,1396.0,69.0
2014,600000,70000,1,2,1,1248.0,74.0
2008,65000,100000,2,2,2,995.0,62.0
2019,500000,10000,2,2,0,1197.0,81.8
2017,1100000,88754,1,2,0,2179.0,140.0
2011,325000,53287,2,2,0,1458.625015808777,91.51791898382203
2012,320000,55885,2,2,0,1198.0,75.0
2019,950000,16034,1,2,0,1498.0,98.96
2012,250000,156040,1,2,0,1399.0,68.0
2017,600000,20000,1,2,0,1248.0,74.0
2017,509999,46000,2,2,0,1197.0,81.8
2016,395000,50000,2,2,2,1598.0,103.2
2018,469000,5000,2,2,0,998.0,67.05
2017,250000,42000,2,2,0,796.0,47.3
2011,130000,68519,2,2,0,995.0,62.1
2019,906000,30000,1,2,0,1498.0,98.96
2011,160000,85000,1,2,0,1399.0,68.0
2012,300000,88000,2,2,0,1298.0,85.8
2010,60000,100000,2,2,2,796.0,37.5
2014,400000,100000,2,2,1,1197.0,85.8
2018,450000,22966,2,2,0,1199.0,84.48
2014,465000,80000,1,2,1,2523.0,62.1
2012,325000,80000,1,2,1,1248.0,74.0
2008,150000,70000,2,2,1,796.0,46.3
2014,250000,2350,2,2,0,814.0,55.2
2011,175000,50000,2,2,0,796.0,46.3
2010,175000,58000,2,2,0,796.0,46.3
2006,150000,80000,2,2,1,1497.0,100.0
2018,797000,60000,1,2,0,1493.0,70.0
2019,800000,35000,2,2,0,1197.0,81.86
2019,750000,59872,1,2,0,2523.0,62.1
2011,400000,140000,1,2,1,2179.0,115.0
2012,160000,110000,2,2,0,796.0,46.3
2016,700000,91182,1,2,0,2523.0,62.1
2010,160000,60000,2,2,2,796.0,46.3
2012,400000,100000,1,2,0,1396.0,88.76
2013,451000,120000,1,2,0,1364.0,67.06
2012,300000,70000,1,2,2,1248.0,88.8
2017,421000,59500,2,2,1,998.0,67.04
2016,950000,45000,1,2,0,1248.0,88.5
2011,395000,75500,1,2,1,1396.0,90.0
2016,950000,46000,1,2,1,1248.0,88.5
2013,270000,60000,2,2,0,796.0,47.3
2009,360000,60000,2,1,1,1396.0,100.0
2008,235000,152500,1,2,0,1248.0,75.0
2017,550000,23456,2,2,0,1197.0,82.0
2017,700000,15000,2,2,0,1199.0,88.7
2012,376000,26000,2,2,0,1198.0,86.8
2017,875000,77524,1,2,0,1498.0,89.84
2014,459999,40523,2,2,1,1197.0,82.85
2018,755000,39000,1,2,0,1248.0,74.0
2018,800000,25000,2,1,0,1197.0,83.1
2015,600000,31000,1,2,1,1248.0,74.0
2017,530000,42000,2,2,0,1197.0,83.1
2015,450000,80000,2,2,0,1197.0,83.14
2011,235000,60000,2,2,0,998.0,67.1
2013,395000,35000,2,1,1,1598.0,103.5
2018,450000,35000,2,2,0,1199.0,84.0
2019,600000,5000,2,2,0,999.0,72.0
2016,610000,110000,1,2,0,1248.0,88.5
2017,690000,20000,2,2,0,1197.0,81.83
2018,790000,15000,2,2,0,1198.0,108.5
2014,254999,40000,2,2,1,998.0,67.1
2016,500000,41000,2,2,0,1199.0,88.7
2011,340000,100000,1,2,1,2523.0,63.0
2008,150000,120000,1,2,0,1948.0,68.0
2007,245000,110000,1,2,2,2523.0,63.0
2015,515000,120000,1,2,1,1498.0,103.2
2008,122000,60000,1,2,1,1995.0,52.0
2009,160000,35000,2,2,2,1086.0,68.05
2007,110000,120000,2,2,1,796.0,46.3
2014,360000,70000,1,2,0,1248.0,74.0
2009,210000,110000,1,2,0,1458.625015808777,91.51791898382203
2011,260000,90000,1,2,2,1493.0,110.0
2007,128000,60000,2,2,1,796.0,46.3
2015,600000,80000,1,2,1,1582.0,126.2
2019,675000,25000,1,2,0,1248.0,74.02
2008,65000,100000,2,2,2,995.0,62.0
2019,500000,10000,2,2,0,1197.0,81.8
2010,300000,50000,2,2,0,1586.0,104.68
2009,125000,80000,2,2,0,796.0,37.0
2017,550000,25000,2,2,0,1197.0,82.0
2007,150000,80000,2,2,2,796.0,46.3
2017,891000,80000,1,2,0,2179.0,120.0
2018,750000,15000,2,2,0,998.0,100.5
2012,380000,27500,2,2,0,1197.0,82.9
2013,800000,110000,1,2,1,2494.0,100.6
2010,200000,120000,2,2,0,1390.0,75.0
2016,700000,70000,1,2,0,1248.0,88.5
2010,300000,74000,2,2,1,2354.0,177.6
2015,670000,120000,1,2,0,1498.0,98.6
2007,210000,140000,2,2,0,1497.0,78.0
2017,370000,40000,2,2,0,1197.0,81.8
2019,600000,20000,2,1,0,1197.0,83.1
2020,810000,15000,1,2,0,1248.0,88.5
2006,80000,35000,2,2,0,1458.625015808777,91.51791898382203
2019,346000,16000,2,2,0,1199.0,84.0
2012,250000,118000,1,2,1,2179.0,138.03
2006,120000,44000,2,2,1,1298.0,88.2
2013,600000,50000,1,2,1,1248.0,88.8
2016,330000,60000,2,2,0,1196.0,73.0
2014,400000,147000,2,2,1,1197.0,81.83
2014,450000,100000,2,2,2,1197.0,85.8
2017,800000,55000,1,2,0,1248.0,88.5
2015,340000,40000,1,2,1,793.0,47.0
2010,225000,64000,1,2,2,1248.0,73.9
2016,900000,50000,1,2,0,1248.0,88.5
2018,465000,30000,2,2,0,998.0,67.04
2016,400000,24177,2,2,0,1193.0,88.7
2012,185000,80000,1,2,0,1405.0,70.0
2006,140000,150000,2,2,1,998.0,67.1
2015,415000,120000,1,2,1,1461.0,83.8
2012,532000,121779,1,2,0,2179.0,120.0
2017,600000,56000,1,2,0,1248.0,74.0
2008,150000,100000,2,2,2,1586.0,104.68
2018,459999,12000,2,2,0,1197.0,81.8
2017,800000,15381,1,2,0,1248.0,88.5
2011,310000,5000,1,2,0,2523.0,63.0
2014,475000,40000,1,2,0,1461.0,108.5
2016,310000,35000,3,2,1,998.0,58.16
2018,350000,10000,2,2,0,998.0,67.05
2018,640000,25000,2,1,0,1197.0,81.8
2017,350000,50000,2,1,0,998.0,67.0
2018,600000,30000,2,2,0,1198.0,108.5
2015,575000,23000,1,2,0,1582.0,126.2
2019,974000,15000,1,2,0,2498.0,105.0
2018,445000,5000,2,1,1,998.0,67.0
2015,580000,15000,1,2,1,1248.0,88.76
2015,600000,50000,1,2,0,1498.0,98.59
2017,370000,40000,2,2,1,1196.0,86.8
2007,150000,70000,2,2,2,1061.0,64.0
2017,483000,15000,2,2,0,998.0,67.04
2016,470000,10000,2,2,0,1197.0,82.0
2018,950000,25000,1,2,0,1248.0,88.5
2013,450000,50000,2,2,2,1591.0,121.3
2011,345000,70000,2,2,0,1496.0,88.7
2020,600000,5000,2,1,0,1197.0,81.8
2009,300000,60000,2,2,0,998.0,66.1
2007,160000,74800,2,2,1,998.0,67.1
2018,340000,120000,2,2,0,998.0,68.05
2007,138000,120000,2,2,1,1497.0,78.0
2010,231000,80000,2,2,2,1298.0,85.8
2013,800000,120000,1,2,1,2179.0,140.0
2019,960000,20000,2,2,0,1197.0,108.6
2009,120000,70000,2,2,1,1061.0,67.0
2012,270000,40000,2,2,0,998.0,67.1
2011,200000,100000,2,2,1,1197.0,85.8
2012,328000,123000,2,2,0,1197.0,85.8
2012,432000,77000,1,2,0,1582.0,126.32
2019,565000,7000,2,2,0,999.0,75.0
2017,390000,70000,2,2,0,1196.0,73.0
2017,600000,30000,1,2,0,1498.0,99.0
2011,250000,120000,1,2,2,1396.0,90.0
2011,165000,70000,2,2,0,995.0,62.0
2011,421000,105000,2,2,0,1497.0,118.0
2012,225000,109322,2,2,1,1495.0,93.7
2013,350000,120000,1,2,0,1461.0,84.8
2015,600000,70000,1,2,1,1248.0,74.0
2018,515000,35000,2,2,0,1199.0,83.81
2017,800000,70000,1,2,1,1248.0,88.5
2015,503000,110000,1,2,0,2179.0,147.94
2013,225000,58343,2,2,0,998.0,67.05
2018,740000,38817,1,2,0,1248.0,74.0
2016,550000,56494,2,2,0,1199.0,88.7
2013,750000,79328,1,2,1,2494.0,100.6
2019,650000,5621,2,1,0,1197.0,81.8
2017,625000,25538,2,2,0,1496.0,88.73
2018,600000,69779,2,1,0,1197.0,81.8
2017,450000,56290,1,2,0,1186.0,73.97
2019,779000,7032,2,1,0,1199.0,88.76
2016,645000,11000,2,1,0,1598.0,103.5
2017,475000,40000,2,2,0,998.0,67.04
2015,400000,20000,2,1,0,998.0,67.0
2011,300000,60000,1,2,0,1248.0,75.0
2009,235000,70000,2,2,1,1061.0,64.0
2015,350000,40000,2,2,1,998.0,67.04
2017,625000,34000,1,2,1,1248.0,74.02
2014,525000,120000,1,2,0,2179.0,140.0
2018,550000,10000,2,2,0,1199.0,84.0
2015,550000,80000,1,2,1,2523.0,62.1
2006,200000,100000,2,2,1,1497.0,78.0
2011,350000,120000,1,2,0,2489.0,95.0
2006,220000,100000,2,2,1,1497.0,78.0
2016,412000,25000,2,2,0,1197.0,82.0
2009,126000,52000,2,2,1,1061.0,67.0
2013,430000,63000,1,2,0,1248.0,74.0
2009,130000,90000,2,2,1,998.0,66.1
2017,350000,60000,2,2,0,1199.0,84.0
2011,220000,35000,2,2,0,796.0,46.3
2011,380000,80000,1,2,0,2523.0,63.0
2010,200000,110000,1,2,1,1399.0,68.0
2015,610000,90000,1,2,0,1498.0,98.59
2017,620000,61000,1,2,0,1248.0,74.0
2013,150000,66000,2,2,0,796.0,37.0
2018,450000,80000,2,2,0,1198.0,67.0
2018,500000,60000,2,2,0,1198.0,82.0
2011,246000,139000,2,2,0,998.0,67.1
2017,400000,60000,3,2,0,1196.0,61.7
2008,65000,10000,2,2,1,796.0,37.0
2016,725000,30000,1,2,0,1498.0,98.96
2014,736000,125000,1,1,0,1582.0,126.32
2018,700000,45000,1,2,0,1248.0,74.02
2011,150000,30000,2,2,0,995.0,62.0
2010,180000,80500,2,2,1,796.0,46.3
2013,550000,60000,1,2,0,2523.0,62.1
2006,80000,110000,1,2,1,1527.0,58.0
2006,180000,120000,2,2,1,1497.0,78.0
2017,605000,127000,1,2,0,1248.0,74.02
2017,800000,70000,1,2,0,1248.0,88.5
2011,350000,116500,1,2,0,1396.0,90.0
2012,300000,120000,2,2,0,1197.0,82.85
2008,160000,100000,2,2,2,1599.0,103.2
2011,225000,90000,1,2,1,1399.0,68.0
2018,560000,18000,1,2,0,1498.0,108.62
2017,650000,70000,1,2,0,1248.0,88.5
2018,1150000,29000,1,2,0,2179.0,152.87
2016,480000,65755,2,2,0,1197.0,83.1
2019,960000,2600,1,2,0,1498.0,98.96
2017,1050000,46000,1,1,0,2179.0,140.0
2017,310000,15000,2,2,1,814.0,55.2
2014,500000,60000,1,2,0,1248.0,74.0
2017,350000,15500,2,1,0,998.0,67.1
2015,365000,120000,1,2,0,1498.0,98.6
2008,165000,120000,1,2,2,1998.0,68.0
2007,100000,120000,1,2,2,2956.0,63.0
2007,240000,80000,1,2,1,2523.0,63.0
2019,925000,40000,1,2,0,1497.0,121.0
2018,590000,15000,2,2,0,1196.0,86.8
2013,525000,110000,1,2,1,2179.0,138.1
2014,720000,80000,1,2,1,2494.0,100.6
2017,850000,50000,1,1,0,1461.0,108.45
2010,490000,110000,1,1,0,2179.0,120.0
2013,325000,100000,1,2,0,1498.0,98.6
2012,450000,135000,1,2,0,2523.0,62.1
2014,300000,50700,1,2,0,1405.0,69.01
2013,365000,70000,1,2,1,1199.0,73.9
2018,700000,35000,1,2,0,1186.0,73.97
2017,880000,50000,1,2,0,1461.0,108.45
2014,700000,121000,1,2,2,2494.0,100.6
2009,380000,120000,1,2,1,2179.0,120.0
2006,150000,90000,2,2,2,1794.0,125.0
2014,235000,70000,3,2,1,998.0,67.1
2018,320000,20000,2,2,0,999.0,67.0
2015,550000,60000,1,2,0,1461.0,83.8
2017,645000,60000,1,2,0,1493.0,100.0
2015,300000,110000,2,2,0,998.0,67.04
2016,580000,152000,1,2,0,1396.0,88.73
2013,451000,70000,1,2,0,2523.0,62.1
2018,850000,50000,2,2,0,1198.0,108.5
2011,300000,125000,1,2,0,1248.0,73.9
2016,350000,60000,2,2,0,1196.0,86.8
2014,300000,90000,3,2,0,1196.0,63.0
2017,390000,30000,3,2,0,1196.0,63.0
2017,550000,20000,2,2,0,1198.0,73.75
2012,300000,110000,1,2,2,1248.0,74.0
2012,300000,150000,1,2,1,1598.0,103.6
2012,350000,110000,1,2,0,1396.0,90.0
2015,880000,120000,1,2,1,1582.0,126.2
2010,160000,120000,3,2,1,1495.0,93.7
2012,250000,80000,1,2,2,2956.0,83.8
2016,660000,110000,1,2,0,1396.0,88.73
2015,450000,40000,2,2,0,1193.0,88.7
2012,400000,110000,1,2,1,1598.0,103.6
2010,140000,60000,2,2,0,1199.0,79.4
2012,195000,35000,2,2,1,998.0,67.1
2015,500000,45000,2,2,0,1197.0,81.86
2012,60000,45000,2,2,0,624.0,38.0
2016,400000,25000,2,2,0,1193.0,88.7
2014,400000,10000,2,2,0,1197.0,81.83
2018,380000,19000,2,2,0,998.0,67.04
2019,579000,10000,2,2,0,1197.0,83.1
2019,400000,25000,2,2,0,1198.0,82.0
2012,270000,30000,2,2,0,1197.0,78.9
2014,500000,90000,1,2,0,2523.0,62.1
2017,475000,20000,2,2,0,1199.0,84.0
2018,850000,48000,1,2,0,1461.0,83.14
2008,195000,110000,2,2,1,1197.0,78.9
2014,459999,38000,1,2,0,2179.0,138.03
2017,850000,43000,1,2,0,1248.0,88.5
2018,500000,25000,2,2,0,1086.0,68.0
2016,385000,26000,2,2,1,998.0,67.04
2006,135000,120000,1,2,1,1493.0,110.0
2008,120000,70000,2,2,2,796.0,46.3
2006,200000,60000,2,2,2,2354.0,144.0
2007,200000,120000,1,2,1,2956.0,138.1
2016,700000,20000,2,2,0,1373.0,91.1
2013,290000,25000,1,2,0,1396.0,70.0
2017,725000,60000,1,2,0,1248.0,74.02
2008,200000,80000,1,2,0,1948.0,68.0
2014,155000,80000,2,2,0,796.0,34.2
2019,690000,1303,2,2,0,1198.0,86.7
2016,550000,56494,2,2,0,1199.0,88.7
2013,750000,79328,1,2,1,2494.0,100.6
2019,779000,7032,2,1,0,1199.0,88.76
2011,280000,20000,2,2,1,1197.0,85.8
2019,450000,25000,2,2,0,1199.0,84.0
2006,135000,70000,2,2,1,1298.0,85.0
2014,650000,40000,1,2,0,2179.0,140.0
2020,650000,7300,2,2,0,1197.0,81.8
2018,750000,25000,1,2,0,1248.0,88.5
2010,150000,100000,2,2,0,796.0,46.3
2017,500000,35000,1,2,0,1198.0,77.0
2012,311000,100000,1,2,0,1458.625015808777,91.51791898382203
2013,425000,80000,1,2,1,1582.0,126.32
2010,260000,60000,2,2,0,1197.0,78.9
2014,400000,110000,1,2,1,1498.0,88.8
2017,575000,70000,1,2,1,1396.0,88.73
2008,175000,40000,2,2,0,1086.0,62.0
2010,250000,90000,3,2,1,1586.0,103.3
2012,400000,95000,1,2,0,1598.0,103.6
2015,484999,30000,1,2,0,1248.0,74.0
2015,484999,30000,1,2,0,1248.0,74.0
2013,350000,70000,1,2,1,1498.0,88.5
2012,250000,100000,1,2,2,1248.0,73.9
2017,655000,70000,1,2,0,1248.0,74.02
2016,500000,30000,1,2,0,1498.0,98.6
2016,300000,15000,2,2,0,1199.0,76.8
2018,650000,21000,1,2,0,1498.0,99.0
2014,300000,35000,2,2,0,1197.0,81.8
2016,475000,25000,2,2,0,1199.0,88.7
2017,450000,30000,2,2,0,1199.0,84.0
2019,754000,10000,1,2,0,1248.0,74.02
2013,300000,40000,2,2,0,1197.0,78.9
2014,250000,25000,2,2,0,814.0,55.2
2018,725000,15000,1,2,0,1248.0,74.02
2008,95000,70000,2,2,0,796.0,46.3
2018,475000,7800,2,2,0,1086.0,68.0
2014,575000,55000,1,2,0,2179.0,138.1
2016,350000,30000,2,2,0,1199.0,84.0
2013,330000,125000,1,2,1,2523.0,62.1
2016,482000,50000,2,2,0,1197.0,81.8
2017,625000,40000,1,2,2,1498.0,98.59
2017,380000,30000,2,2,0,1199.0,84.0
2016,310000,30000,2,2,0,1199.0,76.8
2009,280000,35000,2,2,0,1298.0,85.8
2018,900000,30000,2,1,0,1498.0,104.5
2010,250000,60000,2,2,0,1061.0,67.0
2017,750000,39000,2,2,0,1591.0,121.3
2019,420000,15000,2,2,0,999.0,67.0
2019,670000,5000,2,2,0,1199.0,88.76
2016,420000,9750,2,2,1,1086.0,68.05
2018,900000,35000,2,2,0,1199.0,88.7
2007,185000,120000,1,2,2,1493.0,110.0
2008,185000,110000,2,2,2,1086.0,68.05
2006,215000,102000,2,2,2,1298.0,88.2
2015,210000,50000,2,2,1,796.0,47.3
2015,800000,50000,2,2,0,1497.0,117.3
2014,570000,70000,1,2,1,1248.0,74.0
2012,350000,120000,1,2,1,1248.0,88.8
2011,350000,93000,1,2,1,1396.0,90.0
2018,750000,50000,1,2,0,1493.0,70.0
2011,160000,100000,2,2,1,1196.0,73.0
2010,150000,70000,1,2,2,1405.0,70.0
2008,250000,90000,1,2,2,1458.625015808777,91.51791898382203
2019,562000,5000,2,2,0,1197.0,81.86
2012,290000,27000,2,2,0,1197.0,78.9
2014,600000,122000,1,2,1,2179.0,140.0
2015,401000,74000,1,2,1,1120.0,71.0
2019,750000,6500,2,1,0,1197.0,81.8
2007,240000,80000,1,2,1,2523.0,63.0
2012,229999,50000,2,2,0,998.0,67.1
2013,500000,50000,1,2,0,2523.0,62.1
2010,350000,80000,2,2,0,1298.0,80.0
2018,217000,25000,2,2,0,799.0,53.64
2018,670000,35000,1,2,0,1461.0,84.8
2011,225000,30000,2,2,0,998.0,67.1
2020,737000,10000,2,1,0,1462.0,103.26
2014,300000,80000,2,2,0,998.0,67.04
2008,85000,120000,1,2,0,1405.0,70.0
2010,195000,120000,1,2,1,1493.0,110.0
2017,675000,127991,1,2,0,1498.0,98.6
2010,290000,65000,2,2,0,1193.0,64.1
2018,889000,20000,1,2,0,1248.0,88.5
2016,400000,60000,2,2,0,1198.0,73.75
2018,390000,13120,2,2,0,799.0,53.3
2014,600000,125000,1,2,0,1582.0,126.32
2018,800000,25000,2,1,0,1197.0,81.86
2013,600000,120000,1,2,2,1248.0,88.8
2015,795000,35000,2,2,0,1591.0,121.3
2016,735000,25000,1,2,0,1396.0,88.73
2018,400000,25000,2,1,0,999.0,67.0
2014,395000,140000,1,2,0,2489.0,95.0
2015,600000,125000,1,2,0,1461.0,83.8
2016,720000,80000,1,2,0,1396.0,88.73
2011,450000,110000,2,2,2,1497.0,116.4
2010,220000,80000,1,2,1,1493.0,110.0
2014,545000,100000,1,2,1,1582.0,126.32
2011,370000,100000,1,2,1,1598.0,103.6
2010,450000,78000,1,2,0,2523.0,63.0
2018,750000,15000,2,1,0,1197.0,81.86
2019,711000,5000,2,2,0,1197.0,83.1
2016,285000,75000,2,2,0,998.0,67.05
2020,749000,5500,2,2,0,1197.0,81.8
2016,550000,80000,1,2,1,1461.0,108.45
2010,300000,120000,1,2,1,1248.0,73.9
2017,625000,70000,1,2,0,1248.0,74.0
2017,650000,80000,2,2,1,1197.0,81.86
2014,575000,120000,1,2,2,1582.0,126.32
2016,631000,75000,1,2,1,1248.0,74.0
2010,220000,80000,1,2,1,1493.0,110.0
2017,600000,40000,2,2,1,1199.0,84.0
2012,390000,120000,1,2,0,1498.0,88.7
2010,340000,110000,1,2,0,1396.0,90.0
2019,670000,2000,1,2,0,1047.0,69.0
2014,530000,80000,1,2,1,1248.0,74.0
2015,350000,38000,2,1,1,998.0,67.05
2014,415000,46000,2,2,0,998.0,67.04
2014,700000,102000,1,2,0,1498.0,93.87
2017,375000,20000,2,1,0,999.0,67.0
2015,575000,16000,2,2,0,1197.0,85.8
2013,425000,23000,2,2,0,1197.0,80.0
2011,245000,25000,2,2,0,1196.0,86.8
2015,540000,35000,2,2,1,1497.0,113.42
2013,291000,37000,2,2,0,1197.0,78.9
2017,600000,34000,2,2,1,1197.0,83.1
2012,355000,60000,2,2,0,1497.0,113.42
2010,225000,50000,2,2,0,1197.0,78.9
2013,350000,37000,2,2,0,1399.0,98.79
2012,200000,38000,2,2,1,796.0,47.3
2017,600000,40000,1,2,0,1458.625015808777,91.51791898382203
2012,434999,57000,2,2,0,1497.0,113.42
2014,440000,62200,2,2,0,1197.0,80.0
2013,390000,77000,1,2,0,1248.0,73.9
2012,450000,30000,2,2,0,1197.0,85.8
2009,125000,60000,2,2,2,796.0,46.3
2010,85000,150000,2,2,2,796.0,46.3
2012,150000,40000,2,2,0,814.0,55.2
2014,500000,120000,1,2,0,1461.0,108.45
2011,220000,70000,2,2,2,1197.0,78.9
2017,957000,60000,1,2,0,1396.0,88.7
2018,320000,35000,2,2,0,999.0,67.0
2016,300000,15000,2,2,0,998.0,67.05
2010,270000,98000,1,2,0,1248.0,75.0
2011,170000,62000,2,2,2,1495.0,93.7
2010,270000,90000,1,2,1,1991.0,147.9
2013,140000,110000,2,2,1,1199.0,79.4
2010,170000,90000,2,2,2,1197.0,78.9
2019,834000,13000,1,2,0,1396.0,88.76
2017,450000,80000,1,2,0,1047.0,69.0
2014,575000,40000,1,2,2,1498.0,88.8
2019,900000,20000,1,2,0,1248.0,74.02
2008,149000,87540,4,2,2,796.0,35.5
2007,100000,84000,4,2,2,995.0,60.0
2011,325000,160000,1,2,2,1199.0,75.0
2012,400000,100000,1,2,1,1598.0,103.6
2017,250000,35000,2,2,1,998.0,68.05
2010,225000,60000,2,2,1,1598.0,102.5
2012,300000,70000,1,2,0,1388.0,67.0
2015,459999,60000,1,2,1,1248.0,91.72
2016,825000,35000,1,2,1,1498.0,98.59
2016,710000,71000,1,2,0,1248.0,74.0
2008,200000,90000,2,2,0,1458.625015808777,91.51791898382203
2016,425000,70000,1,2,0,1248.0,73.94
2007,45000,80000,2,2,0,796.0,37.0
2009,240000,90000,1,2,0,1248.0,73.9
2013,520000,109000,1,2,1,1461.0,108.45
2016,675000,120000,1,2,1,1248.0,74.0
2006,170000,77000,1,2,0,1458.625015808777,91.51791898382203
2012,297000,100000,3,2,2,998.0,58.2
2009,250000,110000,1,2,0,2179.0,138.1
2008,225000,120000,1,2,2,1458.625015808777,91.51791898382203
2016,380000,39000,2,2,2,998.0,67.04
2014,575000,90000,1,2,0,1598.0,103.6
2010,300000,135000,1,2,1,1248.0,75.0
2018,450000,90000,1,2,0,1047.0,69.0
2017,745000,35000,1,2,0,1248.0,74.02
2016,509999,120000,1,2,0,1120.0,71.0
2009,142000,110000,2,2,0,1197.0,78.9
2009,185000,50000,2,2,0,998.0,66.1
2012,300000,77000,1,2,0,1248.0,91.7
2007,210000,120000,2,2,1,1497.0,78.0
2008,260000,120000,2,2,1,1599.0,103.2
2013,430000,190000,1,2,1,1248.0,74.0
2013,600000,110000,1,2,1,2179.0,120.0
2010,400000,30000,2,2,0,1196.0,70.0
2012,400000,182000,1,2,1,1396.0,88.7
2017,669000,60000,1,2,0,1248.0,74.02
2019,509999,40000,2,2,0,1197.0,81.86
2016,616000,112000,1,2,0,1396.0,88.73
2013,530000,80000,1,2,1,2179.0,120.0
2010,190000,90000,1,2,1,1493.0,110.0
2015,700000,140000,1,2,1,1498.0,98.6
2012,250000,188000,1,2,1,2179.0,120.0
2014,225000,60000,2,2,1,1197.0,78.9
2017,470000,30000,2,2,0,1197.0,81.86
2019,900000,40000,1,2,0,1248.0,88.5
2013,170000,70000,1,2,0,936.0,57.6
2013,140000,100000,1,2,0,1396.0,69.0
2011,95000,44000,2,2,1,995.0,63.0
2016,280000,110000,2,2,1,1197.0,85.8
2011,129000,80000,2,2,1,814.0,55.2
2012,165000,70000,1,2,1,936.0,57.6
2016,600000,25000,2,2,0,1197.0,81.86
2012,260000,31000,2,2,0,998.0,67.1
2015,515000,120000,2,2,1,1197.0,81.83
2012,225000,60000,1,2,0,1399.0,68.0
2011,270000,60000,1,2,1,1248.0,73.9
2011,225000,110000,1,2,2,2179.0,138.03
2012,459999,70000,1,2,0,1582.0,126.32
2009,115999,110000,2,2,1,796.0,46.3
2013,475000,77300,1,2,0,1498.0,103.52
2011,165000,75000,1,2,1,1396.0,69.0
2015,550000,45000,1,2,0,1248.0,74.0
2017,861000,61260,1,2,0,1248.0,88.5
2019,1050000,26000,1,2,0,1498.0,98.96
2017,750000,43000,1,2,0,1396.0,88.73
2018,730000,4773,2,2,0,1197.0,81.8
2017,860000,31000,1,1,0,1498.0,103.52
2017,940000,57900,1,2,0,1498.0,98.6
2019,1075000,8600,1,2,0,1497.0,121.0
2016,775000,52000,1,2,0,1248.0,88.5
2013,411000,62000,2,2,0,1197.0,81.8
2016,540000,66000,1,2,0,1498.0,88.8
2016,660000,78010,1,1,0,1498.0,103.52
2018,875000,83844,1,2,0,1248.0,88.5
2015,411000,23999,2,1,0,998.0,67.04
2016,635000,52000,1,2,0,1248.0,74.0
2012,350000,145000,1,2,2,1248.0,74.0
2018,800000,70000,1,2,1,1493.0,100.0
2015,180000,25000,2,2,1,796.0,34.2
2014,490000,120000,1,2,0,1498.0,98.6
2010,180000,55000,2,2,0,998.0,67.1
2013,310000,91400,2,1,1,1198.0,76.0
2012,275000,48000,3,2,0,1495.0,93.7
2014,450000,80000,1,2,1,1248.0,73.8
2017,500000,50000,1,2,0,1198.0,77.0
2010,245000,185000,1,1,2,1493.0,110.0
2011,275000,125000,1,2,2,1598.0,103.6
2006,200000,178500,2,2,2,1497.0,78.0
2012,229999,166000,1,2,1,1461.0,63.1
2011,280000,131000,1,2,2,1598.0,103.6
2009,125000,50000,2,2,1,1061.0,67.0
2015,600000,25000,1,2,0,1248.0,74.0
2018,600000,20000,2,2,0,1199.0,88.7
2016,411000,60000,2,2,1,1198.0,86.8
2010,150000,170000,2,2,2,1196.0,73.0
2015,630000,70000,1,2,0,1248.0,88.5
2019,700000,45000,2,1,0,1197.0,81.8
2010,250000,60000,1,2,1,2498.0,112.0
2016,535000,32000,1,2,0,1248.0,73.74
2016,600000,60000,1,2,0,1493.0,100.0
2015,400000,143000,1,2,0,1498.0,99.0
2015,600000,100000,1,2,0,1248.0,74.0
2018,459999,50000,2,2,0,998.0,67.0
2018,800000,30000,1,2,0,1396.0,88.73
2017,370000,25000,3,2,0,1196.0,61.7
2013,290000,90000,1,2,0,1461.0,63.12
2018,671000,62000,1,2,0,1248.0,74.0
2012,140000,80000,1,2,2,1396.0,69.0
2011,141000,15000,2,2,2,796.0,46.3
2009,125000,70000,2,2,1,796.0,46.3
2013,150000,90000,1,2,1,1405.0,70.0
2007,125000,100000,2,2,2,1061.0,67.0
2018,600000,25000,2,2,1,1197.0,81.86
2017,700000,40000,1,2,0,1396.0,88.73
2017,700000,70000,1,2,0,1396.0,88.73
2017,740000,40000,1,2,0,1248.0,74.02
2018,1150000,35000,1,2,0,1582.0,126.2
2007,300000,155000,1,2,0,1896.0,66.0
2011,300000,110000,2,2,0,1496.0,88.73
2015,530000,110000,1,2,0,1461.0,84.8
2017,530000,80000,1,2,1,1186.0,73.97
2011,210000,50000,2,2,1,1086.0,62.1
2007,130000,90000,2,2,1,796.0,46.3
2008,148000,80000,4,2,1,1061.0,57.5
2011,270000,105000,1,2,1,1396.0,90.0
2013,375000,40000,2,2,0,1197.0,78.9
2014,725000,141000,1,2,1,2179.0,140.0
2007,180000,150000,1,2,1,1493.0,110.0
2014,425000,80000,1,2,1,1248.0,73.94
2018,900000,25000,1,2,0,1498.0,98.96
2017,570000,51000,1,2,0,2956.0,69.01
2017,290000,40000,1,2,0,1396.0,69.0
2011,229999,40000,1,2,1,1399.0,68.0
2012,300000,70000,1,2,0,1399.0,68.0
2010,220000,110000,1,2,2,1248.0,73.9
2011,409999,80000,1,2,1,1991.0,147.9
2013,355000,136000,1,2,1,1248.0,73.8
2013,695000,120000,1,2,0,1461.0,108.45
2010,320000,120000,1,2,1,1248.0,73.9
2017,710000,120000,1,2,0,1493.0,100.0
2015,550000,90000,1,2,0,1498.0,88.8
2007,215000,100750,2,2,1,1298.0,88.2
2006,110000,140000,2,2,1,1599.0,94.0
2007,170000,110000,2,2,2,1497.0,78.0
2018,850000,40000,2,2,1,1198.0,108.5
2010,350000,148000,1,2,1,1396.0,90.0
2015,250000,155000,1,2,1,1248.0,74.0
2015,433000,70000,1,2,0,1498.0,99.0
2015,300000,45000,2,2,0,814.0,55.2
2017,760000,90000,1,2,1,2523.0,62.1
2014,250000,20000,2,2,0,814.0,55.2
2013,187000,120000,2,2,1,1086.0,62.1
2015,503000,110000,1,2,0,2179.0,147.94
2013,225000,58343,2,2,0,998.0,67.05
2018,740000,38817,1,2,0,1248.0,74.0
2016,550000,56494,2,2,0,1199.0,88.7
2013,750000,79328,1,2,1,2494.0,100.6
2019,650000,5621,2,1,0,1197.0,81.8
2017,625000,25538,2,2,0,1496.0,88.73
2018,600000,69779,2,1,0,1197.0,81.8
2017,450000,56290,1,2,0,1186.0,73.97
2019,779000,7032,2,1,0,1199.0,88.76
2016,645000,11000,2,1,0,1598.0,103.5
2013,335000,90000,1,2,1,1248.0,74.0
2016,488000,80000,2,2,1,1197.0,83.14
2008,111000,110000,2,2,2,1586.0,104.68
2015,600000,70000,1,2,0,1248.0,88.5
2020,570000,5000,2,2,0,1197.0,81.8
2007,110000,75000,2,2,1,1086.0,63.0
2014,434999,50000,2,2,0,1197.0,85.8
2014,229999,70000,2,2,0,814.0,55.2
2014,490000,90000,1,2,1,1461.0,83.8
2011,300000,100000,2,2,1,1298.0,85.8
2017,350000,90000,2,2,0,1199.0,76.8
2019,580000,35000,2,2,0,1199.0,88.7
2017,385000,155000,1,2,0,1396.0,69.01
2019,434999,19500,2,2,0,1086.0,68.07
2015,495000,30000,2,2,0,1197.0,81.83
2016,575000,53000,1,2,0,1396.0,88.73
2013,200000,120000,1,2,1,1405.0,69.01
2012,140000,120000,1,2,1,1461.0,65.0
2012,300000,64000,1,2,1,1399.0,67.0
2015,350000,50000,2,2,0,1199.0,82.4
2015,250000,80000,1,2,1,1405.0,69.01
2013,280000,80000,1,2,0,1248.0,88.76
2017,600000,5000,2,2,0,1197.0,81.86
2015,700000,25000,2,2,0,1591.0,121.4
2014,560000,72000,1,2,0,1498.0,98.6
2016,565000,72000,1,2,0,1458.625015808777,91.51791898382203
2017,880000,65000,1,2,0,1461.0,108.5
2016,550000,120000,1,2,0,2523.0,62.1
2018,530000,60000,1,2,0,1186.0,73.97
2013,750000,110000,1,2,1,2179.0,140.0
2017,310000,35000,2,2,0,796.0,47.3
2014,620000,130000,1,2,0,1248.0,88.8
2013,400000,188000,1,2,1,1248.0,74.0
2008,67000,80000,1,2,1,1396.0,53.5
2015,480000,80000,1,2,0,1498.0,99.0
2008,110000,48676,2,2,0,796.0,35.0
2006,105000,60000,2,2,2,1458.625015808777,91.51791898382203
2018,475000,40000,2,2,0,1198.0,67.0
2012,275000,120000,1,2,1,1458.625015808777,91.51791898382203
2018,300000,15000,2,2,1,796.0,47.3
2007,100000,70000,2,2,0,796.0,46.3
2011,70000,80000,1,2,1,1405.0,71.0
2017,900000,60000,1,2,0,1498.0,98.59
2017,650000,120000,1,2,1,1364.0,67.04
2016,550000,70000,2,2,0,1197.0,82.0
2019,425000,15000,2,2,0,1086.0,68.0
2017,900000,65000,1,2,0,1248.0,88.5
2015,516000,90000,2,2,0,1197.0,81.83
2011,150000,70000,2,2,1,1172.0,65.0
2016,400000,30000,2,2,0,998.0,67.04
2016,800000,79500,1,2,0,2179.0,120.0
2007,165000,90000,2,2,2,1086.0,63.0
2015,440000,110000,1,2,0,1248.0,74.0
2011,390000,153000,1,2,0,1582.0,126.32
2013,475000,149000,1,2,0,1248.0,74.0
2016,515000,100000,1,2,0,1498.0,99.0
2012,175000,90000,1,2,1,1405.0,70.0
2012,380000,80000,1,2,2,1248.0,88.8
2012,405000,150000,1,2,0,1458.625015808777,91.51791898382203
2018,535000,12000,2,2,0,1197.0,81.8
2011,215000,40000,2,2,1,1197.0,78.9
2017,445000,27000,2,2,0,1197.0,81.86
2015,335000,120000,2,2,0,998.0,67.04
2015,600000,80000,1,2,0,2523.0,62.1
2014,300000,49025,2,2,0,1196.0,73.0
2015,110000,15000,2,2,0,624.0,37.5
2014,240000,90000,2,2,1,998.0,67.05
2016,300000,90000,2,2,0,1199.0,84.0
2007,50000,80000,1,2,2,1396.0,53.5
2016,925000,22000,2,2,0,1497.0,117.3
2016,640000,70000,1,2,0,1248.0,88.5
2012,350000,35000,2,2,0,1197.0,85.8
2013,385000,120000,2,2,0,1197.0,85.8
2013,409999,100000,1,2,1,1248.0,74.0
2009,210000,60000,2,2,2,1596.0,101.0
2007,300000,110000,1,2,0,2179.0,120.0
2011,170000,70000,1,2,1,1399.0,68.0
2014,650000,140000,1,2,0,1498.0,98.6
2012,145000,70000,2,2,0,796.0,46.3
2018,681000,27000,1,2,0,1498.0,88.0
2015,635000,173000,1,2,0,1498.0,98.6
2010,140000,80000,2,2,1,796.0,46.3
2016,750000,86000,1,2,2,1498.0,98.6
2015,611000,80000,1,2,1,1498.0,98.6
2007,110000,120000,2,2,2,796.0,46.3
2006,100000,100000,2,1,1,1061.0,64.0
2014,225000,120000,1,2,0,1248.0,74.0
2010,250000,190000,1,2,2,1493.0,110.0
2011,385000,120000,1,2,1,2523.0,75.0
2012,135000,70000,2,2,0,796.0,46.3
2006,65000,100000,2,2,1,796.0,46.3
2016,260000,120000,2,2,0,998.0,67.05
2014,465000,120000,1,2,1,1248.0,74.0
2007,150000,80000,2,2,2,1458.625015808777,91.51791898382203
2017,430000,20000,2,2,1,1198.0,82.0
2009,200000,81000,2,2,2,1197.0,80.0
2011,125000,90000,2,2,1,1199.0,79.4
2012,124000,40000,2,2,1,1199.0,79.4
2007,80000,80000,2,2,2,1193.0,65.3
2014,545000,35000,3,2,0,1373.0,80.9
2019,1050000,20000,1,2,0,1248.0,88.5
2015,200000,50000,2,2,0,1199.0,82.4
2014,750000,50000,1,2,0,2179.0,140.0
2016,425000,13500,2,2,0,1199.0,84.0
2016,300000,38000,2,2,0,796.0,47.3
2009,240000,70000,2,2,0,1799.0,130.0
2016,450000,55000,1,2,1,1198.0,77.0
2006,80000,150000,2,2,2,998.0,67.1
2013,500000,160000,1,2,0,2523.0,62.1
2013,295000,50000,1,2,0,1248.0,76.9
2008,100000,120000,1,2,2,1396.0,69.0
2013,700000,76460,1,2,0,1582.0,126.32
2011,180000,125000,1,2,1,1399.0,68.0
2012,225000,110000,1,2,1,1461.0,65.0
2017,310000,25000,2,2,0,814.0,55.2
2015,625000,30000,1,2,0,1498.0,98.6
2013,275000,70000,4,2,1,1086.0,68.05
2013,245000,110000,2,2,1,1086.0,68.05
2014,250000,80000,2,2,0,814.0,55.2
2014,450000,76000,1,2,0,1498.0,98.6
2007,85000,150000,1,2,1,1396.0,53.5
2016,550000,40000,2,2,0,1197.0,81.83
2015,551000,110000,1,2,0,1498.0,98.59
2019,500000,60000,2,2,0,1197.0,81.86
2018,585000,15000,2,2,0,1198.0,86.7
2013,172000,120000,2,2,0,1495.0,93.7
2012,360000,100000,1,2,1,1582.0,126.32
2017,350000,24000,1,2,1,1047.0,69.0
2018,700000,53000,1,2,0,1498.0,98.96
2011,148000,40000,2,2,2,796.0,46.3
2016,330000,47370,3,2,0,1196.0,63.0
2007,110000,120000,1,2,1,1896.0,66.0
2015,450000,100000,1,2,0,1248.0,73.94
2009,260000,80000,1,2,1,1991.0,147.9
2011,200000,91000,2,2,1,1197.0,78.9
2019,430000,20000,3,2,0,998.0,58.3
2013,550000,80000,1,2,1,2179.0,120.0
2013,245000,80000,1,2,0,1248.0,73.94
2016,320000,80000,3,2,0,1196.0,61.7
2008,120000,110000,3,2,2,1495.0,94.0
2013,615000,120000,1,2,0,1582.0,126.24
2013,600000,90000,1,1,0,1968.0,138.1
2010,300000,120000,2,2,1,1798.0,160.0
2016,400000,45217,1,2,0,1498.0,99.0
2017,1000000,60000,1,1,1,1582.0,126.2
2012,525000,70000,2,2,1,2359.0,198.25
2013,300000,133000,1,2,0,1248.0,75.0
2011,220000,117000,1,2,1,1248.0,75.0
2015,850000,173000,1,2,0,2179.0,140.0
2011,500000,35000,2,2,0,1497.0,118.0
2011,130000,60000,2,2,2,796.0,46.3
2016,375000,120000,2,2,1,1199.0,74.0
2009,180000,163000,1,2,0,1458.625015808777,91.51791898382203
2013,625000,100000,1,2,1,2494.0,100.57
2013,295000,120000,1,2,0,1248.0,73.94
2011,350000,160000,1,2,0,1458.625015808777,91.51791898382203
2010,235000,90000,1,2,0,1948.0,90.0
2017,509999,20000,2,2,0,1197.0,81.8
2020,370000,16000,3,2,0,796.0,47.3
2016,370000,30000,2,2,1,1197.0,82.0
2009,180000,50000,2,2,0,1458.625015808777,91.51791898382203
2015,350000,20000,2,2,0,1086.0,68.05
2018,395000,20000,2,2,0,999.0,67.0
2015,850000,100000,1,2,0,2494.0,100.6
2012,280000,120000,1,2,1,1598.0,103.6
2018,775000,50000,1,2,1,1493.0,100.0
2012,420000,100000,1,2,1,1582.0,126.32
2010,310000,91000,2,2,1,1497.0,118.0
2015,375000,67000,1,2,0,1248.0,91.7
2015,500000,40000,2,2,0,1197.0,82.0
2013,300000,100000,1,2,1,1248.0,73.94
2008,155000,120000,2,2,1,1497.0,78.0
2013,350000,185000,1,2,0,1248.0,74.0
2015,350000,80000,1,2,2,1120.0,70.0
2020,537000,5000,2,2,0,1198.0,108.5
2019,585000,10000,2,2,0,999.0,75.0
2012,350000,140000,1,2,0,1248.0,88.76
2019,700000,19000,2,2,0,1197.0,81.86
2017,849000,44600,1,2,0,1248.0,88.5
2014,574000,28080,2,1,0,1197.0,103.25
2014,484999,28800,2,2,0,1197.0,81.83
2018,360000,21900,2,2,0,799.0,53.26
2014,575000,28100,2,1,0,1197.0,103.25
2014,550000,110000,1,2,1,1498.0,98.6
2016,700000,100000,1,2,0,1396.0,88.73
2019,825000,7673,1,1,0,1248.0,74.02
2008,114999,100000,2,2,1,1061.0,67.0
2009,150000,75000,2,2,1,1368.0,90.0
2018,851000,50000,1,1,0,1248.0,74.02
2014,550000,40000,2,2,0,1396.0,105.5
2016,890000,40000,1,2,0,1248.0,88.5
2012,265000,100000,2,2,1,1197.0,80.0
2013,210000,96272,1,2,0,936.0,57.6
2019,675000,7000,2,2,0,1194.0,94.93
2017,715000,60000,1,2,0,1396.0,88.73
2013,227999,60000,1,2,1,1396.0,69.01
2015,400000,22500,2,2,0,998.0,67.04
2020,925000,7400,1,1,0,1248.0,88.5
2011,275000,70000,2,2,2,1298.0,85.8
2009,175000,67000,2,2,0,1061.0,67.0
2009,155000,110000,1,2,2,1399.0,68.0
2012,325000,175000,1,2,1,1248.0,88.8
2014,700000,120000,1,2,0,2179.0,120.0
2008,50000,120000,1,2,2,1396.0,70.0
2014,645000,150360,1,2,0,1582.0,126.32
2017,597000,15000,1,2,0,1047.0,69.0
2018,400000,30000,2,1,1,999.0,67.0
2009,300000,150000,1,2,0,1248.0,75.0
2015,573000,100000,1,2,1,1248.0,74.0
2011,180000,70000,2,2,0,998.0,67.1
2011,70000,40000,2,2,0,624.0,35.0
2013,450000,120000,1,2,1,1248.0,88.76
2013,310000,145000,1,2,0,2956.0,83.83
2017,400000,30000,1,2,0,1198.0,77.0
2014,390000,90000,1,2,1,1248.0,74.0
2011,122000,110000,2,2,2,796.0,46.3
2016,741000,70000,1,2,0,1997.0,120.0
2012,330000,40000,1,2,1,1396.0,90.0
2010,300000,166000,1,2,2,2179.0,120.0
2011,215000,100000,2,2,2,1197.0,78.9
2009,150000,75000,2,2,2,1061.0,67.0
2013,250000,42130,2,2,0,814.0,55.2
2010,180000,53000,2,2,1,1197.0,85.8
2006,150000,106000,2,2,1,993.0,60.0
2019,556000,10000,2,2,0,1197.0,81.8
2016,550000,37000,2,2,0,1197.0,83.14
2017,549000,35000,2,2,0,1197.0,78.9
2016,630000,50000,2,2,0,1197.0,81.83
2020,679000,5000,1,2,0,2523.0,70.0
2011,320000,85000,2,2,0,1458.625015808777,91.51791898382203
2017,1125000,47000,1,2,1,1582.0,126.2
2017,680000,71000,1,2,0,1248.0,74.0
2017,1050000,50000,1,2,0,1498.0,97.9
2015,450000,57000,1,2,0,1248.0,88.7
2010,210000,43000,2,2,0,998.0,67.1
2014,470000,60000,1,2,0,1248.0,74.0
2014,470000,60000,2,2,0,1197.0,85.8
2015,550000,40000,1,2,0,1396.0,88.73
2011,204999,60000,2,2,0,998.0,66.1
2015,550000,160000,1,2,1,1396.0,88.73
2007,270000,147500,1,2,1,2494.0,102.0
2013,280000,90000,1,2,2,1199.0,73.9
2015,630000,70000,1,2,1,1248.0,88.5
2007,220000,70000,2,2,0,1497.0,78.0
2014,320000,120000,1,2,0,2489.0,93.7
2013,225000,75000,2,2,1,814.0,55.2
2010,380000,85000,2,2,1,1497.0,118.0
2012,380000,70000,1,2,2,1248.0,73.9
2017,600000,29000,1,2,0,1498.0,108.495
2014,620000,40000,1,2,1,2499.0,141.0
2012,500000,90000,1,1,0,1582.0,126.32
2015,700000,40000,1,1,0,1493.0,100.0
2015,550000,138000,1,2,0,1498.0,98.59
2016,600000,70000,1,2,0,1248.0,74.0
2019,550000,30000,2,2,1,999.0,75.0
2013,475000,125000,1,2,2,1582.0,126.3
2015,615000,120000,1,2,1,1498.0,98.6
2013,385000,180000,1,2,1,1248.0,74.0
2015,500000,20000,2,2,0,1193.0,88.7
2012,450000,80000,1,2,0,1461.0,83.8
2013,580000,80000,1,2,1,1582.0,126.32
2017,550000,40000,1,2,0,1364.0,67.05
2018,780000,30000,2,2,0,1199.0,88.7
2014,500000,80000,1,2,0,1498.0,89.75
2011,270000,140000,1,2,1,1968.0,108.5
2017,335000,25000,2,2,0,998.0,67.05
2017,755000,20000,1,2,0,1248.0,74.02
2016,651000,42323,1,2,0,1396.0,88.76
2016,690000,32000,1,2,0,1248.0,88.5
2017,589000,41232,1,2,0,1248.0,74.0
2015,445000,40200,1,2,0,1498.0,74.96
2013,475000,48000,1,2,1,1498.0,98.96
2014,465000,27233,1,2,0,1498.0,98.63
2011,225000,35000,2,2,0,1368.0,90.0
2016,445000,63000,1,2,0,2956.0,83.8
2015,445000,62000,1,2,0,1498.0,74.96
2012,450000,68240,1,2,0,2956.0,138.1
2017,525000,38000,1,2,1,1458.625015808777,91.51791898382203
2010,200000,35000,2,2,0,998.0,67.1
2018,611000,9000,2,2,0,1197.0,85.8
2016,819999,39000,1,2,0,1582.0,126.2
2016,825000,39000,1,2,0,1396.0,88.7
2015,599000,92651,1,2,0,1498.0,98.96
2018,490000,28000,2,2,0,1197.0,85.0
2017,340000,30000,2,2,0,814.0,55.2
2013,350000,70000,1,2,1,1199.0,73.9
2018,695000,40000,2,2,0,1197.0,81.8
2015,270000,40000,2,2,0,796.0,47.3
2016,790000,120000,1,2,0,1248.0,88.5
2016,590000,120000,1,2,0,1248.0,74.0
2017,635000,120000,2,1,0,1197.0,81.8
2015,540000,110000,1,2,1,2523.0,62.1
2012,265000,67000,1,2,1,1461.0,63.12
2014,600000,50000,1,2,0,1248.0,74.0
2012,409999,100000,1,2,1,1582.0,126.3
2015,525000,80000,1,2,1,1364.0,67.05
2011,150000,50000,1,2,0,1399.0,68.0
2007,55000,70000,2,2,2,1298.0,85.0
2011,130000,70000,2,2,1,796.0,35.0
2017,925000,50000,1,2,0,1248.0,88.5
2017,690000,65000,1,2,1,1461.0,83.8
2018,950000,7500,1,2,0,1248.0,88.5
2017,695000,65000,1,2,1,1461.0,83.8
2013,450000,35000,2,2,1,1197.0,85.8
2009,229999,71000,2,2,0,1197.0,85.0
2017,300000,30000,2,2,0,998.0,67.05
2012,200000,50000,2,2,1,796.0,46.3
2011,235000,90000,2,2,1,1198.0,75.0
2017,666000,13000,2,2,0,1197.0,81.83
2018,834000,30000,1,2,0,1498.0,98.6
2012,430000,120000,1,2,0,2523.0,62.1
2010,360000,120000,1,2,1,1248.0,75.0
2014,240000,70000,2,2,0,814.0,55.2
2010,135000,148000,1,2,1,1396.0,69.0
2017,700000,54188,1,2,0,1493.0,100.0
2017,750000,60000,1,2,0,1493.0,100.0
2012,425000,90000,1,2,0,1598.0,103.5
2011,150000,100000,2,2,2,1199.0,79.4
2014,215000,40000,2,2,0,814.0,55.2
2014,225000,35000,2,2,0,1198.0,67.0
2017,330000,20000,2,2,0,999.0,67.0
2007,54000,144000,4,2,1,796.0,32.8
2014,374000,54043,2,1,0,1197.0,81.86
2012,549000,66657,1,1,0,1582.0,126.32
2016,390000,42000,1,2,1,1405.0,69.01
2013,455999,35582,2,2,0,1197.0,82.85
2013,453000,54327,2,1,1,1197.0,103.6
2016,579000,7949,2,2,0,1198.0,73.75
2010,258000,59734,2,1,0,1197.0,78.9
2012,428000,49185,2,2,0,1497.0,116.4
2011,262000,56389,2,2,0,1197.0,78.9
2013,389000,58245,2,2,0,1198.0,73.9
2015,346000,36422,2,2,0,1198.0,75.0
2011,339000,42535,2,2,0,1198.0,88.8
2011,272000,40736,2,1,0,1197.0,78.9
2012,369000,56246,2,2,0,1197.0,85.8
2011,277000,55403,2,2,0,1197.0,85.8
2018,535000,30000,2,2,0,1199.0,84.0
2015,265000,67000,2,2,0,998.0,67.05
2013,400000,70000,2,2,0,1591.0,121.3
2014,459999,90000,1,2,1,1120.0,70.0
2019,667000,7500,2,2,0,1197.0,81.86
2011,300000,80000,1,2,1,2179.0,138.1
2012,229999,186000,1,2,0,1396.0,70.0
2016,200000,110000,1,2,1,1396.0,69.0
2012,280000,105358,1,2,2,1399.0,67.0
2014,590000,70000,2,2,1,1197.0,81.83
2010,142000,49200,2,2,1,1086.0,68.05
2017,850000,40000,2,2,0,1497.0,117.6
2014,600000,40000,1,2,1,1498.0,98.6
2017,700000,40000,1,2,0,1493.0,100.0
2013,200000,70000,2,2,0,1199.0,79.4
2016,900000,110000,1,2,0,1582.0,126.2
2014,220000,100000,2,2,0,998.0,67.05
2018,650000,10000,2,1,1,1197.0,81.86
2014,800000,136000,1,2,0,2179.0,140.0
2010,250000,110000,1,2,2,1399.0,68.0
2012,550000,86000,1,2,0,1461.0,108.45
2009,125000,141000,2,2,1,796.0,46.3
2011,450000,80000,2,2,2,1497.0,118.0
2015,850000,140000,1,2,0,2179.0,140.0
2014,459999,65000,1,2,1,1248.0,74.0
2014,434999,110000,1,2,1,1248.0,74.0
2008,120000,100000,1,2,1,1405.0,70.0
2015,600000,80000,1,2,0,1248.0,74.0
2008,135000,90000,2,2,1,998.0,67.1
2016,550000,44000,2,2,0,1196.0,86.8
2014,385000,25000,2,2,0,998.0,67.04
2016,800000,25000,2,2,0,1591.0,121.3
2016,780000,35000,1,2,0,1396.0,88.73
2017,650000,60000,1,2,0,1396.0,88.73
2012,425000,100000,1,2,1,1582.0,126.32
2015,500000,70000,1,2,0,1248.0,91.7
2017,590000,30000,1,2,0,1248.0,74.0
2016,459999,27000,2,2,0,998.0,67.04
2020,578000,5000,2,2,0,1197.0,81.8
2012,550000,110000,1,2,1,1248.0,88.76
2013,465000,80000,2,2,1,1497.0,116.3
2018,890000,80000,1,2,0,1493.0,70.0
2014,250000,110000,1,2,0,1461.0,65.0
2018,420000,35000,2,1,0,998.0,67.0
2017,550000,20000,2,2,0,1197.0,81.8
2018,270000,20000,2,2,0,796.0,47.3
2018,700000,7800,2,1,0,1197.0,81.8
2017,500000,20000,2,2,0,1197.0,81.8
2013,320000,31377,2,2,1,1197.0,82.85
2018,700000,50000,1,2,0,1248.0,74.02
2015,290000,60000,2,2,0,998.0,67.04
2012,550000,100000,2,1,0,1794.0,138.1
2012,265000,60000,2,2,0,1198.0,86.8
2018,830000,5000,2,1,0,1197.0,83.1
2017,800000,60000,1,2,0,2179.0,147.94
2011,160000,25000,2,2,1,796.0,46.3
2018,335000,30000,2,2,0,799.0,53.3
2017,329000,80000,2,2,1,1198.0,67.0
2017,775000,75000,1,2,0,1248.0,88.5
2020,524000,32000,2,2,0,1197.0,81.86
2015,245000,40000,2,2,0,796.0,47.3
2012,275000,93000,2,2,1,1197.0,80.0
2015,610000,50000,1,2,1,1396.0,88.73
2015,615000,60000,1,2,0,1248.0,74.0
2014,684000,60000,1,2,1,1248.0,88.8
2014,680000,64000,1,2,1,1248.0,88.8
2014,500000,120000,1,2,0,1461.0,83.8
2014,520000,120000,1,2,0,1461.0,83.8
2012,390000,140000,1,2,1,1458.625015808777,91.51791898382203
2012,434999,135000,1,2,2,1458.625015808777,91.51791898382203
2010,350000,166000,1,2,1,1458.625015808777,91.51791898382203
2018,675000,60000,1,2,0,1498.0,98.63
2019,675000,5000,2,2,0,1197.0,81.8
2016,725000,30000,1,2,0,1498.0,98.96
2018,650000,40000,1,2,0,1498.0,88.0
2019,1090000,16500,2,2,0,1197.0,110.0
2017,1100000,67000,1,1,0,1582.0,126.2
2017,670000,48000,1,2,0,1396.0,88.73
2018,780000,35000,1,2,0,1396.0,88.73
2017,720000,60000,1,2,0,1248.0,88.5
2018,610000,52000,2,2,0,1197.0,81.8
2017,600000,29000,1,2,0,1498.0,108.495
2016,535000,50000,1,2,0,1461.0,83.8
2009,142000,110000,2,2,0,1197.0,78.9
2017,515000,23000,2,2,0,1197.0,83.1
2016,335000,40000,2,2,0,1198.0,67.0
2017,957000,60000,1,2,0,1396.0,88.7
2017,605000,127000,1,2,0,1248.0,74.02
2013,316000,140000,1,2,0,1248.0,88.76
2019,675000,5000,2,2,0,999.0,72.0
2015,520000,70000,1,2,0,1248.0,74.0
2011,265000,60000,1,2,0,1248.0,73.9
2016,395000,40000,2,2,1,1199.0,74.0
2016,385000,40000,2,2,1,1199.0,74.0
2009,142000,70000,2,2,1,1061.0,67.0
2009,160000,35000,2,2,0,1086.0,68.05
2012,180000,50000,1,2,2,1396.0,69.0
2013,480000,42462,2,2,0,1497.0,116.3
2015,470000,54723,1,2,0,1248.0,74.0
2018,480000,20375,2,2,0,1197.0,81.8
2013,450000,43978,1,2,1,1248.0,74.0
2017,520000,28832,1,2,0,1248.0,74.0
2019,700000,3177,2,2,0,1194.0,94.93
2015,400000,39414,2,2,0,1197.0,81.86
2012,200000,30078,2,2,0,1396.0,70.0
2012,250000,44588,2,2,0,814.0,55.2
2015,400000,49907,2,2,0,998.0,67.04
2013,371000,67082,2,2,1,1197.0,81.8
2016,450000,40000,2,2,0,1197.0,82.0
2016,570000,112879,1,2,1,1498.0,98.96
2013,300000,80000,2,2,1,1198.0,86.8
2017,620000,25000,2,2,0,1197.0,81.83
2018,949000,10200,2,2,0,1497.0,117.6
2018,750000,60000,1,2,0,1493.0,70.0
2017,350000,20000,2,2,1,998.0,67.04
2016,270000,30000,2,2,2,999.0,67.0
2013,235000,40000,2,2,1,814.0,55.2
2016,500000,60000,2,2,0,1197.0,81.8
2012,220000,111000,2,2,0,796.0,46.3
2014,380000,70000,1,2,1,1248.0,74.0
2010,160000,100000,2,2,2,998.0,67.1
2010,160000,100000,2,2,2,998.0,67.1
2017,339000,25000,2,2,0,998.0,68.05
2011,229999,100000,2,2,0,1596.0,99.6
2016,400000,35000,1,2,0,1198.0,77.0
2018,470000,25000,1,2,0,1186.0,73.97
2019,575000,20000,2,2,0,1194.0,94.93
2019,325000,1300,2,2,0,999.0,67.0
2014,350000,15000,2,2,0,998.0,67.04
2015,503000,110000,1,2,0,2179.0,147.94
2013,225000,58343,2,2,0,998.0,67.05
2018,740000,38817,1,2,0,1248.0,74.0
2016,550000,56494,2,2,0,1199.0,88.7
2013,750000,79328,1,2,1,2494.0,100.6
2019,650000,5621,2,1,0,1197.0,81.8
2017,625000,25538,2,2,0,1496.0,88.73
2018,600000,69779,2,1,0,1197.0,81.8
2017,450000,56290,1,2,0,1186.0,73.97
2019,779000,7032,2,1,0,1199.0,88.76
2016,645000,11000,2,1,0,1598.0,103.5
2016,300000,25000,2,2,0,799.0,53.3
2014,540000,150000,1,2,0,1461.0,108.5
2018,580000,10000,2,2,0,998.0,67.04
2017,459999,80000,1,2,0,1248.0,74.0
2015,635000,50000,1,2,0,1248.0,74.0
2014,650000,83000,1,2,2,1582.0,126.32
2013,525000,116000,1,2,1,1248.0,74.0
2015,350000,60000,2,2,2,1172.0,67.1
2008,320000,175802,1,2,2,1248.0,73.9
2011,227000,73840,2,2,0,1598.0,103.6
2011,325000,162000,1,2,1,2523.0,63.0
2013,300000,75000,2,2,2,1197.0,82.0
2015,550000,120000,1,2,1,1498.0,103.2
2016,550000,20000,2,2,0,1197.0,81.8
2017,900000,40000,1,1,0,1498.0,108.6
2010,165000,20000,2,2,0,796.0,46.3
2014,210000,70000,2,2,0,814.0,55.2
2016,650000,30000,1,2,0,1461.0,108.45
2014,680000,120000,1,2,0,2179.0,140.0
2019,390000,25000,2,2,0,999.0,67.0
2016,260000,80000,2,2,0,799.0,53.3
2013,450000,67000,2,2,0,1197.0,85.8
2008,130000,120000,2,2,1,1086.0,68.05
2019,890000,9000,1,2,0,1248.0,88.5
2010,225000,80000,2,2,1,1595.0,102.0
2010,210000,120000,1,2,0,1248.0,88.8
2014,750000,80000,1,2,1,1498.0,98.6
2011,350000,120000,1,2,1,2499.0,80.0
2017,270000,26442,2,2,0,998.0,68.05
2017,700000,35000,2,2,0,1373.0,91.1
2010,130000,28000,2,2,1,796.0,46.3
2015,650000,80000,1,2,0,1248.0,88.8
2017,475000,20000,2,1,0,998.0,67.0
2013,325000,50000,1,2,0,1461.0,84.8
2017,615000,40000,2,1,0,1199.0,88.7
2015,390000,15000,2,2,0,1197.0,82.0
2019,650000,15000,2,1,0,1197.0,81.8
2015,440000,30000,2,2,0,1197.0,81.8
2014,600000,70000,1,2,0,1498.0,98.6
2012,170000,80000,2,2,0,995.0,62.1
2013,499000,80000,1,2,0,2523.0,63.0
2012,525000,120000,1,2,0,1396.0,88.73
2015,580000,90000,1,2,0,1461.0,83.8
2016,420000,110000,1,2,1,1248.0,73.74
2016,800000,80000,1,2,0,1582.0,126.2
2020,600000,5000,2,2,0,1197.0,81.8
2017,400000,50000,2,2,0,1198.0,86.8
2017,700000,65000,1,2,0,1248.0,74.0
2017,800000,35000,1,2,0,1248.0,74.0
2015,600000,90000,1,2,0,1498.0,98.6
2016,580000,100000,1,2,0,1248.0,74.0
2016,350000,15000,2,2,0,799.0,53.3
2011,204999,147000,1,2,0,1399.0,68.0
2009,310000,120000,1,2,1,1396.0,90.0
2016,459999,69000,1,2,1,1498.0,99.0
2017,860000,80000,1,2,0,1248.0,88.5
2012,275000,97000,4,2,2,1086.0,68.1
2016,390000,15000,2,2,0,799.0,53.3
2017,484999,10000,2,2,0,998.0,67.04
2012,185000,60000,2,2,1,796.0,46.3
2018,665000,40142,1,2,0,1120.0,71.0
2019,721000,9400,2,2,0,1197.0,81.83
2016,390000,62000,1,2,0,1198.0,77.0
2011,190000,90000,1,2,0,1248.0,90.0
2019,975000,12584,1,2,0,2498.0,105.0
2016,275000,49000,2,2,0,1198.0,67.05
2016,315000,32000,2,2,0,796.0,47.3
2019,685000,4300,2,2,0,1197.0,81.86
2019,595000,14548,2,2,0,1197.0,81.8
2018,900000,44772,1,2,1,1498.0,98.96
2018,950000,48500,1,2,0,1248.0,88.5
2016,275000,38000,2,2,0,796.0,47.3
2017,570000,28782,2,2,0,1197.0,81.83
2018,700000,28451,2,2,0,1197.0,81.83
2018,910000,36500,1,2,0,1248.0,88.5
2018,751000,44885,1,2,0,1248.0,74.0
2014,225000,35000,2,2,0,814.0,55.2
2009,135000,110000,1,2,1,1405.0,71.0
2017,825000,79000,1,2,0,1248.0,88.5
2018,875000,50000,1,2,0,1248.0,88.5
2016,650000,81000,1,2,1,1248.0,88.5
2017,975000,41000,1,2,0,1582.0,126.2
2019,925000,50000,1,2,0,1248.0,88.5
2016,725000,66000,1,2,0,1248.0,88.8
2013,550000,65000,1,2,0,1248.0,88.76
2014,550000,76000,1,2,0,1396.0,88.73
2013,750000,95000,1,2,0,2494.0,102.0
2013,475000,55000,2,2,1,1497.0,118.0
2017,325000,65000,2,2,0,1198.0,67.05
2017,725000,76000,1,2,0,1248.0,88.5
2018,775000,47000,2,2,1,1373.0,93.7
2017,625000,70000,1,2,0,1248.0,74.0
2009,195000,56000,2,2,1,1458.625015808777,91.51791898382203
2014,470000,89000,1,2,0,1248.0,74.0
2018,1050000,70000,1,2,0,1396.0,88.7
2013,380000,57000,1,2,0,1248.0,74.0
2017,650000,70000,1,2,0,1248.0,74.0
2016,275000,49200,2,2,0,814.0,55.2
2009,220000,125000,2,2,1,1799.0,130.0
2008,200000,60000,2,2,1,1086.0,68.05
2015,315000,120000,2,2,1,1196.0,73.0
2007,120000,70000,2,2,1,1061.0,67.0
2006,90000,168000,2,2,1,998.0,67.1
2015,370000,60000,1,2,0,1120.0,70.0
2016,595000,131111,1,2,0,1248.0,74.0
2007,150000,120000,1,2,1,1461.0,65.0
2012,400000,58400,1,2,1,1248.0,73.9
2016,310000,23400,2,2,1,998.0,67.1
2018,385000,50000,2,2,0,998.0,67.04
2014,750000,90000,1,2,0,2179.0,140.0
2019,521000,3010,2,1,0,1086.0,68.0
2010,180000,80000,1,2,0,1248.0,88.8
2011,220000,155000,1,2,1,1399.0,68.0
2018,540000,4000,2,2,0,1197.0,81.86
2007,140000,35000,2,2,1,796.0,46.3
2015,650000,110000,1,2,1,1498.0,98.59
2010,229999,170000,1,2,1,1399.0,68.0
2010,305000,175000,1,2,2,1248.0,75.0
2008,200000,163000,1,2,0,1399.0,68.0
2008,200000,163000,1,2,0,1399.0,68.0
2010,465000,77088,1,2,0,2489.0,95.0
2011,210000,110000,1,2,2,1461.0,63.1
2016,570000,136511,1,2,0,2523.0,62.1
2015,570000,80000,2,2,0,1373.0,93.7
2015,650000,60000,2,2,0,1373.0,93.7
2016,620000,36000,2,2,0,1197.0,83.14
2012,250000,65000,2,2,1,998.0,67.1
2012,300000,60000,4,2,0,998.0,58.2
2013,300000,82500,1,2,0,1248.0,75.0
2018,810000,30000,1,2,1,1498.0,98.96
2011,270000,100000,1,2,2,1991.0,147.9
2015,470000,70000,1,2,1,1248.0,74.0
2017,400000,85000,1,2,0,1248.0,88.7
2014,300000,60000,2,2,1,998.0,67.04
2015,170000,20000,2,2,2,796.0,47.3
2014,455999,80000,1,2,0,1461.0,108.45
2009,121000,100000,1,2,1,2489.0,95.0
2016,650000,80000,1,2,1,1248.0,88.5
2017,350000,35000,2,2,0,1193.0,88.7
2013,125000,139000,1,2,0,936.0,57.6
2009,120000,120000,2,2,0,1458.625015808777,91.51791898382203
2008,250000,100000,2,2,0,1497.0,78.0
2011,225000,90000,1,2,0,1598.0,103.6
2007,215000,105000,1,2,1,2523.0,63.0
2017,450000,40000,1,2,1,1186.0,73.97
2017,509999,90000,2,2,0,1197.0,81.86
2015,245000,36710,2,2,1,796.0,47.3
2018,400000,50000,1,2,0,909.0,45.0
2016,620000,28180,1,2,0,1248.0,88.5
2017,650000,44000,1,2,0,1248.0,88.5
2019,590000,4000,2,2,0,1198.0,67.0
2014,370000,30000,1,2,0,1248.0,73.94
2013,350000,15000,2,2,0,1197.0,85.8
2017,580000,20000,2,2,0,1197.0,83.1
2018,450000,56000,2,2,0,1197.0,81.86
2017,600000,19000,2,2,0,1197.0,81.86
2017,450000,70000,2,2,0,1197.0,81.83
2009,150000,30000,1,2,0,1396.0,69.0
2019,400000,15000,2,2,0,1196.0,73.0
2013,185000,85000,2,2,0,796.0,47.3
2018,625000,50000,2,1,0,1197.0,81.8
2019,700000,20000,2,2,0,1197.0,81.86
2017,390000,25000,2,2,0,998.0,67.04
2018,625000,25000,2,2,0,1198.0,108.5
2014,400000,50000,2,2,0,1197.0,85.8
2011,380000,150000,1,2,2,1396.0,90.0
2009,400000,90000,2,1,0,1794.0,138.1
2019,620000,100000,2,2,0,1193.0,88.7
2008,190000,180000,1,2,1,1399.0,67.0
2013,210000,50000,2,2,1,796.0,47.3
2012,270000,80000,1,2,2,1248.0,73.94
2014,220000,93000,2,2,1,814.0,55.2
2014,550000,11500,1,2,0,2523.0,63.0
2013,370000,120000,2,2,0,1197.0,82.85
2006,95000,100000,2,1,1,1458.625015808777,91.51791898382203
2015,650000,50000,1,2,0,2489.0,93.7
2012,550000,120000,2,2,0,1497.0,116.3
2010,225000,100000,1,2,1,1399.0,68.0
2016,280000,60000,2,2,0,814.0,55.2
2017,570000,44077,2,1,0,1499.0,110.5
2017,290000,90000,2,2,1,796.0,47.3
2018,720000,50000,1,2,1,1396.0,88.73
2017,800000,60000,1,2,0,1498.0,98.59
2012,265000,20000,2,2,2,1086.0,68.05
2010,135000,90000,2,2,2,796.0,46.3
2016,350000,70000,1,2,1,1498.0,99.0
2008,200000,80000,2,2,1,1458.625015808777,91.51791898382203
2016,490000,80000,1,2,0,1248.0,73.74
2012,450000,72000,1,2,1,1582.0,126.32
2016,950000,50000,1,2,0,1997.0,120.0
2012,355000,90000,2,2,1,1298.0,85.8
2019,700000,17000,2,2,0,1197.0,81.86
2012,459999,70000,1,2,0,2179.0,120.0
2012,350000,74000,1,2,1,1199.0,73.9
2006,85000,60000,2,2,1,796.0,46.3
2016,290000,15000,2,2,0,796.0,47.3
2019,1000000,72000,1,2,0,1498.0,98.6
2008,85000,25000,2,2,1,1193.0,64.4
2009,170000,55768,1,2,0,1405.0,71.0
2017,525000,40000,2,1,0,1197.0,81.86
2020,265000,70000,2,2,1,998.0,67.05
2018,459999,50000,2,2,0,1199.0,84.0
2017,250000,20000,2,2,0,998.0,67.05
2013,395000,70000,1,2,1,1248.0,74.0
2014,375000,60000,2,2,0,1197.0,82.0
2009,120000,120000,1,2,0,1405.0,71.0
2011,290000,110000,1,2,1,1248.0,73.9
2017,409999,60000,2,2,0,1199.0,84.0
2009,200000,30000,2,2,0,995.0,63.0
2018,900000,35000,1,2,0,1498.0,108.6
2012,450000,100000,1,2,0,1461.0,108.45
2012,650000,80000,1,2,2,2179.0,140.0
2014,300000,84000,1,2,1,1498.0,88.5
2014,425000,60000,1,2,0,1498.0,89.75
2011,200000,60000,2,2,1,1197.0,78.9
2013,450000,70000,1,2,0,2523.0,62.1
2014,600000,82500,1,2,1,2523.0,62.1
2014,550000,76000,1,2,0,2523.0,62.1
2011,180000,87000,1,2,0,1248.0,75.0
2010,300000,120000,1,2,0,2498.0,112.0
2016,350000,70000,2,2,1,1193.0,88.7
2014,465000,90000,1,2,0,1248.0,74.0
2010,200000,188000,1,2,1,1248.0,88.8
2014,350000,120000,1,2,1,1248.0,73.8
2015,650000,80000,2,2,0,1497.0,117.3
2010,150000,123278,2,2,1,1197.0,78.9
2014,560000,100000,1,2,1,1498.0,98.6
2015,625000,90000,1,2,0,1396.0,88.73
2012,220000,110000,1,2,0,1399.0,68.0
2013,250000,110000,1,2,0,1399.0,68.1
2018,575000,70000,1,2,0,1248.0,88.7
2012,200000,90000,1,2,2,2179.0,138.1
2016,262000,50000,2,2,0,796.0,47.3
2018,299000,33000,2,2,0,814.0,55.2
2015,250000,26500,2,2,0,796.0,47.3
2011,140000,60000,2,2,2,1086.0,62.1
2013,360000,70000,1,2,2,1248.0,74.0
2015,210000,80000,2,2,0,1198.0,67.06
2017,600000,60000,1,2,0,1396.0,88.73
2011,210000,100000,1,2,0,1199.0,75.0
2011,300000,80000,1,2,1,1598.0,103.6
2016,450000,35000,2,2,0,1197.0,82.0
2019,550000,10000,2,2,0,1197.0,81.86
2011,100000,80000,1,2,0,1248.0,75.0
2012,185000,50000,2,2,1,814.0,55.2
2006,80000,90000,2,2,1,1061.0,64.0
2017,295000,80000,2,2,0,796.0,47.3
2017,360000,25000,2,2,0,999.0,67.0
2014,210000,70000,2,2,0,998.0,67.1
2019,585000,80000,2,1,0,1197.0,81.86
2016,560000,50000,1,2,0,1498.0,88.7
2015,600000,70000,1,2,0,1498.0,98.6
2017,330000,60000,2,2,0,1198.0,67.0
2019,990000,15000,2,2,0,1591.0,121.3
2012,300000,90000,1,2,0,1364.0,67.1
2018,650000,28000,2,2,0,1198.0,108.5
2019,695000,20000,2,1,0,1197.0,81.86
2014,300000,60000,1,2,0,1120.0,70.0
2015,270000,22000,2,2,0,796.0,47.3
2010,185000,70000,1,2,1,2179.0,138.1
2013,200000,80000,1,2,0,1248.0,76.9
2019,459999,35000,3,2,0,998.0,58.16
2018,860000,60000,1,2,0,1497.0,108.5
2018,400000,20000,2,2,0,1199.0,84.0
2013,240000,142000,1,2,1,1248.0,73.94
2015,570000,72000,1,2,0,1248.0,74.0
2018,850000,90000,1,2,0,1498.0,98.96
2011,155000,80000,1,2,2,1399.0,68.0
2011,270000,125000,1,2,0,1396.0,90.0
2015,610000,33000,2,2,0,1373.0,91.1
2012,450000,120000,1,2,1,2179.0,120.0
2018,500000,35000,1,2,0,1186.0,73.97
2018,700000,43000,1,2,0,1498.0,98.63
2007,135000,60000,2,2,0,796.0,46.3
2012,430000,148000,1,2,1,2179.0,120.0
2014,625000,70000,1,2,1,1582.0,126.32
2011,280000,96000,2,2,0,1498.0,97.7
2015,800000,70000,1,2,0,1997.0,120.0
2012,220000,70000,1,2,1,1248.0,73.94
2017,620000,18484,2,2,0,1197.0,81.8
2011,300000,70000,1,2,0,2179.0,138.03
2010,180000,25000,2,2,1,796.0,46.3
2013,250000,120000,1,2,2,1199.0,73.9
2017,480000,55000,2,2,0,1197.0,83.14
2019,885000,10000,2,2,1,1497.0,121.31
2020,550000,60000,1,2,0,1198.0,77.0
2018,800000,30000,1,2,0,1248.0,74.02
2013,180000,65000,2,2,0,1086.0,62.1
2010,200000,27000,2,2,0,1458.625015808777,91.51791898382203
2012,380000,50000,1,2,1,1396.0,88.76
2019,520000,2560,2,1,0,1199.0,83.81
2016,330000,80000,2,2,1,998.0,67.04
2015,370000,120000,1,2,0,1248.0,73.8
2009,290000,120000,2,2,1,1497.0,116.3
2013,215000,47000,2,2,1,814.0,55.2
2012,610000,90000,1,2,0,2494.0,102.0
2013,380000,110000,1,2,1,1396.0,88.76
2012,400000,103655,1,2,1,1582.0,126.3
2018,700000,25000,2,1,1,1197.0,81.86
2014,650000,80000,1,2,0,1461.0,108.45
2014,95000,50000,2,2,1,624.0,37.5
2010,150000,110000,2,2,0,1086.0,62.0
2008,120000,80000,2,2,2,796.0,46.3
2010,180000,187000,1,2,1,1399.0,68.0
2013,325000,69000,1,2,0,1388.0,67.0
2018,950000,27000,1,2,0,1498.0,98.59
2014,500000,132000,1,2,1,1498.0,89.84
2017,725000,75000,1,2,0,1498.0,99.23
2015,500000,18000,2,2,1,1194.0,94.93
2016,650000,10000,1,2,0,1396.0,88.73
2010,285000,80000,1,2,0,1248.0,75.0
2012,200000,137000,1,2,0,1399.0,67.0
2011,295000,65000,1,2,1,1598.0,103.6
2007,160000,120000,2,2,2,1497.0,78.0
2017,450000,10000,2,1,0,998.0,67.04
2016,385000,20000,2,2,0,1198.0,67.0
2011,350000,93500,1,2,1,1388.0,67.0
2015,503000,110000,1,2,0,2179.0,147.94
2013,225000,58343,2,2,0,998.0,67.05
2018,740000,38817,1,2,0,1248.0,74.0
2016,550000,56494,2,2,0,1199.0,88.7
2013,750000,79328,1,2,1,2494.0,100.6
2019,650000,5621,2,1,0,1197.0,81.8
2017,625000,25538,2,2,0,1496.0,88.73
2018,600000,69779,2,1,0,1197.0,81.8
2017,450000,56290,1,2,0,1186.0,73.97
2019,779000,7032,2,1,0,1199.0,88.76
2016,645000,11000,2,1,0,1598.0,103.5
2015,503000,110000,1,2,0,2179.0,147.94
2013,225000,58343,2,2,0,998.0,67.05
2018,740000,38817,1,2,0,1248.0,74.0
2016,550000,56494,2,2,0,1199.0,88.7
2013,750000,79328,1,2,1,2494.0,100.6
2019,650000,5621,2,1,0,1197.0,81.8
2017,625000,25538,2,2,0,1496.0,88.73
2018,600000,69779,2,1,0,1197.0,81.8
2017,450000,56290,1,2,0,1186.0,73.97
2019,779000,7032,2,1,0,1199.0,88.76
2016,645000,11000,2,1,0,1598.0,103.5
2019,558000,70000,1,2,0,1248.0,74.02
2010,165000,56000,2,2,2,1086.0,62.1
2012,300000,80000,1,2,1,1396.0,88.76
2019,500000,5000,2,2,0,1086.0,68.0
2014,640000,65000,1,2,1,1498.0,103.52
2015,900000,70000,1,2,2,2179.0,120.0
2013,450000,60000,1,2,0,1248.0,73.8
2018,825000,82000,1,2,0,1248.0,88.5
2013,500000,80000,1,2,1,2179.0,138.1
2017,325000,5000,2,2,1,1198.0,82.0
2014,450000,133000,1,2,0,1461.0,108.45
2017,675000,25000,2,2,1,1199.0,88.7
2017,415000,15000,2,2,0,1193.0,88.7
2017,1100000,40000,1,2,0,1396.0,88.7
2016,500000,35000,2,2,0,1198.0,73.75
2014,509999,70000,1,2,1,2523.0,62.1
2007,200000,152000,1,2,2,2609.0,120.0
2007,60000,100000,2,2,1,796.0,37.0
2013,500000,80000,1,2,1,1582.0,126.3
2009,45000,100000,1,2,1,1396.0,53.5
2017,270000,50000,2,2,0,799.0,53.3
2017,550000,40000,2,2,0,1197.0,81.86
2016,235000,60000,2,2,0,999.0,67.0
2018,600000,40000,2,2,0,1197.0,81.83
2015,525000,60000,1,2,0,1498.0,98.6
2012,325000,90000,1,2,0,1248.0,74.0
2014,420000,90000,1,2,0,1248.0,74.0
2014,229999,60000,2,2,1,998.0,67.1
2013,375000,80000,1,2,2,1248.0,74.0
2018,400000,40000,2,2,0,1199.0,84.0
2013,600000,91000,1,2,0,2179.0,140.0
2008,110000,80000,2,2,2,1086.0,63.0
2007,45000,73257,2,2,0,796.0,37.0
2019,722000,80000,1,2,0,2523.0,70.0
2020,500000,15000,2,2,0,1199.0,83.83
2007,250000,110000,1,2,1,1493.0,110.0
2018,950000,40000,1,2,0,1498.0,108.6
2018,780000,30000,1,2,0,1248.0,74.02
2018,575000,30000,2,2,0,1086.0,68.0
2017,563000,30000,2,2,1,1197.0,81.83
2017,450000,15000,2,2,0,1199.0,84.0
2010,320000,135000,1,2,1,1396.0,90.0
2008,375000,100000,2,2,2,1799.0,130.0
2017,400000,120000,2,2,0,1196.0,73.0
2016,315000,60000,2,2,1,999.0,67.0
2010,350000,190000,1,2,1,1248.0,73.9
2016,375000,120000,2,2,0,1196.0,73.0
2015,350000,29000,2,2,0,998.0,67.04
2011,170000,120000,3,2,2,1458.625015808777,91.51791898382203
2010,120000,120000,2,2,2,1061.0,67.0
2015,819999,90000,1,2,0,2179.0,140.0
2018,700000,30000,2,2,0,1197.0,81.83
2018,451999,30000,2,1,1,998.0,67.04
2016,500000,56000,2,2,2,1197.0,82.0
2015,500000,120000,1,2,0,1493.0,100.0
2015,490000,60000,1,2,0,1248.0,74.0
2008,200000,147000,1,2,1,1248.0,73.9
2012,240000,35000,2,2,0,998.0,67.1
2018,655000,19500,2,2,0,1197.0,81.83
2018,620000,38426,2,2,0,1197.0,81.86
2015,450000,35000,2,2,1,1197.0,83.11
2014,310000,35000,2,2,1,998.0,67.04
2007,150000,50000,2,2,2,796.0,46.3
2012,180000,120000,1,2,0,936.0,57.6
2011,150000,120000,1,2,0,1405.0,70.0
2011,160000,112000,1,2,1,1399.0,68.0
2013,600000,70000,1,2,2,2523.0,75.0
2012,380000,145000,1,2,0,1598.0,103.5
2007,120000,135000,1,2,0,1405.0,70.0
2012,135000,146000,1,2,0,1405.0,70.0
2018,610000,10000,2,2,0,1197.0,81.86
2020,260000,50000,1,2,0,1498.0,88.5
2017,500000,25000,2,2,0,1197.0,81.86
2016,220000,20000,2,2,0,999.0,67.0
2006,121000,70000,2,2,1,1799.0,130.0
2017,350000,50000,1,2,0,1396.0,69.01
2011,280000,100000,1,2,1,1396.0,90.0
2020,919999,20000,2,2,0,1198.0,108.5
2011,320000,155000,1,2,0,1396.0,90.0
2012,140000,70000,1,2,2,1399.0,68.0
2012,310000,25000,1,2,1,1248.0,88.8
2006,65000,120000,2,2,1,796.0,37.0
2013,300000,90000,1,2,0,1248.0,73.8
2015,503000,110000,1,2,0,2179.0,147.94
2013,225000,58343,2,2,0,998.0,67.05
2018,740000,38817,1,2,0,1248.0,74.0
2016,550000,56494,2,2,0,1199.0,88.7
2013,750000,79328,1,2,1,2494.0,100.6
2019,650000,5621,2,1,0,1197.0,81.8
2017,625000,25538,2,2,0,1496.0,88.73
2018,600000,69779,2,1,0,1197.0,81.8
2017,450000,56290,1,2,0,1186.0,73.97
2019,779000,7032,2,1,0,1199.0,88.76
2016,645000,11000,2,1,0,1598.0,103.5
2011,575000,110000,1,2,1,2179.0,140.0
2014,440000,110000,1,2,1,2179.0,138.03
2012,380000,100000,1,2,1,1248.0,74.0
2010,140000,116700,2,2,2,1368.0,90.0
2015,475000,25000,1,2,0,1248.0,74.0
2010,400000,176062,1,2,0,1248.0,75.0
2015,509999,82000,1,2,0,1498.0,98.6
2010,275000,80000,2,2,0,1086.0,68.05
2017,650000,40000,1,2,1,1248.0,73.74
2014,650000,129000,1,2,0,1461.0,108.45
2016,360000,60000,1,2,1,1248.0,91.7
2018,650000,82000,1,1,0,1498.0,108.62
2017,675000,50000,1,2,1,1248.0,73.74
2006,50000,40000,2,2,2,796.0,37.0
2017,445000,39500,2,2,0,1197.0,81.8
2018,750000,40000,1,2,0,1396.0,88.76
2012,425000,56000,1,2,1,1248.0,74.0
2017,850000,54000,1,2,0,1396.0,88.73
2016,400000,20000,2,2,1,998.0,67.04
2014,200000,55896,1,2,1,1396.0,69.0
2016,550000,35000,1,2,0,1498.0,98.6
2012,250000,97000,2,2,1,1198.0,86.8
2014,206000,120000,2,2,1,796.0,47.3
2014,290000,50000,2,2,0,814.0,55.2
2010,45000,30400,2,2,2,624.0,35.0
2012,220000,110000,1,2,2,1461.0,84.8
2010,170000,100000,2,2,0,796.0,46.3
2010,260000,120000,1,2,1,1248.0,75.0
2012,315000,130000,1,2,1,1598.0,103.6
2011,225000,76000,2,2,1,998.0,67.1
2012,420000,110000,1,2,2,1968.0,138.1
2011,525000,96000,1,2,0,2179.0,120.0
2018,670000,90000,1,1,0,1248.0,74.0
2012,220000,110000,1,2,2,1461.0,84.8
2013,250000,25000,1,2,0,1399.0,68.1
2009,229999,90000,1,2,1,1248.0,73.9
2009,229999,164000,1,2,1,1248.0,73.9
2013,300000,120000,2,2,1,1198.0,86.7
2010,165000,66000,2,2,1,998.0,66.1
2011,360000,157000,1,2,1,1582.0,126.3
2011,380000,157000,1,2,1,1582.0,126.3
2017,300000,35000,2,2,0,999.0,67.0
2008,320000,100000,1,2,1,2609.0,116.6
2016,325000,70000,2,2,1,1198.0,67.0
2010,160000,30000,1,2,1,1248.0,88.8
2018,630000,40000,1,2,0,1493.0,70.0
2020,600000,5000,2,2,0,1197.0,81.8
2014,229999,30000,2,2,1,796.0,47.3
2014,440000,70000,1,2,1,1248.0,74.0
2007,90000,60000,2,2,1,995.0,62.0
2017,750000,60000,1,2,0,1248.0,88.5
2012,330000,80000,2,2,1,1497.0,116.3
2016,715000,70000,1,2,1,1248.0,88.5
2013,250000,150000,1,2,1,1199.0,75.0
2007,120000,150000,2,2,1,1061.0,64.0
2017,850000,35000,1,1,1,1498.0,108.6
2018,450000,48000,1,2,0,1186.0,73.97
2015,600000,135000,1,2,0,1248.0,74.0
2016,280000,110000,1,2,1,1248.0,73.74
2012,465000,146000,1,2,1,1582.0,126.32
2018,350000,44000,2,2,0,796.0,47.3
2013,325000,70000,2,2,0,1197.0,78.9
2006,110000,120000,2,2,2,796.0,46.3
2013,220000,80000,1,2,0,1396.0,69.0
2015,515000,60000,1,2,0,2523.0,62.1
2018,750000,40000,2,2,0,1373.0,91.1
2018,350000,25000,2,2,0,814.0,55.2
2019,488999,15000,2,2,0,1197.0,81.86
2017,300000,27000,2,2,0,796.0,47.3
2017,650000,35000,1,2,1,1248.0,74.0
2014,250000,40000,2,2,0,998.0,66.1
2014,200000,40000,2,2,2,796.0,47.3
2012,200000,120000,1,2,0,1396.0,69.0
2016,276000,60000,2,2,0,998.0,68.05
2014,250000,40000,2,2,0,814.0,55.2
2008,95000,80000,2,2,1,796.0,46.3
2011,200000,70000,1,2,1,1396.0,70.0
2012,450000,100000,1,2,1,1582.0,126.32
2010,200000,175000,1,2,0,1396.0,69.0
2010,200000,70000,2,2,1,1197.0,78.9
2011,370000,91863,1,2,1,2523.0,62.1
2008,250000,100000,2,2,0,1193.0,65.0
2016,290000,10000,2,2,0,799.0,53.3
2018,900000,35000,1,2,0,1248.0,88.5
2013,325000,120000,1,2,1,1399.0,68.1
2016,425000,30000,2,2,0,1197.0,82.0
2016,315000,60000,2,2,0,799.0,53.3
2014,300000,70000,2,2,0,998.0,67.05
2013,325000,70000,2,2,1,1197.0,78.9
2016,900000,130000,1,2,0,1396.0,88.7
2016,950000,133000,1,2,0,1396.0,88.7
2010,320000,120000,1,2,2,1598.0,103.6
2019,500000,20000,2,2,0,999.0,75.0
2012,290000,25000,2,2,0,1196.0,70.0
2012,60000,90000,2,2,0,624.0,37.48
2009,120000,140000,2,2,2,998.0,66.1
2017,850000,103000,1,2,0,1498.0,97.9
2015,600000,128000,1,2,0,1498.0,98.6
2015,620000,33000,1,2,0,1498.0,88.8
2009,150000,70000,2,2,1,796.0,46.3
2011,150000,40000,2,2,2,1086.0,62.0
2008,135000,40000,2,2,2,1396.0,99.6
2011,200000,80000,1,2,0,1405.0,71.0
2015,730000,70000,1,2,0,1248.0,88.5
2013,800000,100000,1,2,0,2494.0,100.6
2009,300000,90000,1,2,1,2498.0,112.0
2012,190000,112000,1,2,1,1399.0,68.0
2011,350000,50000,2,2,0,1799.0,132.0
2015,509999,62000,1,2,1,1120.0,71.0
2012,400000,90000,1,2,0,1248.0,88.76
2013,800000,80000,1,2,0,2494.0,100.0
2013,250000,50000,1,2,0,1248.0,88.8
2016,930000,47552,1,2,1,1582.0,126.2
2016,720000,40000,1,2,1,1248.0,88.5
2011,225000,15000,2,2,0,1196.0,70.0
2019,950000,20000,1,2,0,1498.0,98.96
2018,530000,52000,2,2,0,1197.0,81.86
2016,470000,70000,2,2,0,1197.0,81.83
2017,650000,110000,1,2,0,2523.0,63.0
2014,540000,77500,1,2,1,2179.0,138.1
2015,459999,100000,1,2,1,1248.0,74.0
2019,325000,14700,2,2,0,799.0,53.3
2016,240000,40000,2,2,0,796.0,34.2
2017,400000,32000,2,2,1,1198.0,82.0
2009,250000,80000,2,2,0,1298.0,85.8
2018,720000,25000,1,2,0,1248.0,74.02
2015,590000,50000,1,2,0,1248.0,74.0
2015,434000,120000,1,2,0,2499.0,72.4
2006,145000,170000,1,2,0,2523.0,63.0
2018,445000,19700,2,2,0,1198.0,82.0
2011,191000,70000,4,2,0,1086.0,62.1
2018,372000,50000,1,2,2,1498.0,99.0
2007,150000,60000,2,2,2,1458.625015808777,91.51791898382203
2015,300000,140000,1,2,0,1399.0,68.05
2017,520000,40000,2,2,0,1199.0,84.0
2014,190000,70000,2,2,2,796.0,47.3
2018,310000,7000,2,2,0,999.0,67.0
2016,750000,110000,1,1,0,1493.0,100.0
2019,350000,15000,2,2,0,998.0,67.05
2020,360000,5000,2,2,0,796.0,47.3
2017,285000,5000,2,2,0,799.0,53.3
2013,160000,70000,2,2,1,796.0,47.3
2015,229999,60000,2,2,1,1198.0,67.0
2007,85000,120000,2,2,2,796.0,46.3
2018,300000,7000,2,2,0,999.0,67.0
2014,675000,120000,1,2,0,2179.0,120.0
2014,700000,145241,1,2,0,2179.0,120.0
2008,400000,110000,1,2,0,2609.0,116.6
2016,254999,30000,2,2,2,799.0,53.3
2013,390000,100000,1,2,0,1248.0,74.0
2015,450000,80000,1,2,0,1364.0,67.04
2017,725000,50000,1,2,0,1248.0,88.5
2013,466000,95500,1,2,1,2179.0,138.1
2017,370000,40000,2,2,1,1196.0,86.8
2007,150000,70000,2,2,2,1061.0,64.0
2017,483000,15000,2,2,0,998.0,67.04
2016,470000,10000,2,2,0,1197.0,82.0
2018,950000,25000,1,2,0,1248.0,88.5
2013,450000,50000,2,2,2,1591.0,121.3
2011,345000,70000,2,2,0,1496.0,88.7
2009,300000,60000,2,2,0,998.0,66.1
2007,160000,74800,2,2,1,998.0,67.1
2020,500000,40000,2,2,0,1193.0,88.7
2017,455000,50000,1,2,0,1186.0,73.97
2013,165000,45000,2,2,1,814.0,55.2
2016,470000,23700,2,2,0,1197.0,81.8
2016,470000,23700,2,2,0,1197.0,81.8
2014,229999,53473,2,2,0,998.0,67.05
2011,250000,100000,1,2,1,2523.0,63.0
2013,220000,80000,2,2,0,1086.0,62.1
2015,360000,120000,1,2,0,1120.0,71.0
2018,350000,40000,2,2,0,998.0,67.05
2012,500000,70000,1,2,0,1582.0,126.32
2013,145000,90000,1,2,2,936.0,57.6
2014,300000,51000,2,2,0,1199.0,82.5
2010,180000,87000,1,2,0,1458.625015808777,91.51791898382203
2009,180000,87000,2,2,1,1495.0,94.0
2006,200000,120000,1,2,1,1458.625015808777,91.51791898382203
2013,530000,40000,1,2,0,1248.0,74.0
2014,620000,90000,1,2,1,1461.0,108.45
2015,360000,110000,2,2,2,1496.0,88.73
2010,245000,86000,2,2,1,1086.0,62.1
2009,370000,120000,1,2,0,1458.625015808777,91.51791898382203
2014,650000,140000,1,2,1,1498.0,89.75
2019,610000,18000,2,2,0,1197.0,81.8
2015,300000,24000,2,2,0,998.0,67.05
2014,425000,60000,1,2,0,1120.0,70.0
2012,450000,150000,1,2,2,1582.0,126.32
2011,450000,108000,1,2,0,1582.0,126.3
2011,340000,60000,2,1,2,1197.0,78.9
2013,650000,90000,1,2,0,1248.0,88.76
2009,160000,70000,1,2,0,1396.0,69.0
2014,250000,120000,1,2,0,1405.0,70.0
2012,225000,100000,1,2,2,936.0,57.6
2007,55000,75958,1,2,1,1396.0,52.8
2012,250000,100000,1,2,1,1458.625015808777,91.51791898382203
2007,80000,110000,1,2,2,1405.0,62.0
2016,500000,40000,2,2,0,1197.0,83.14
2016,500000,70000,1,2,0,1498.0,99.0
2011,400000,60000,1,2,0,1248.0,74.0
2013,550000,90000,1,2,0,2523.0,62.1
2007,200000,70000,1,2,1,2179.0,138.1
2012,280000,65000,2,2,0,1197.0,78.9
2014,580000,88000,1,2,0,1248.0,74.0
2009,100000,80000,1,2,2,1248.0,90.0
2014,550000,60000,1,2,0,2523.0,75.0
2017,700000,38000,1,2,0,1493.0,100.0
2010,150000,80000,2,2,2,1368.0,90.0
2014,190000,60000,2,2,1,814.0,55.2
2013,500000,110000,1,2,0,2523.0,62.1
2017,640000,110000,1,2,0,1248.0,74.0
2011,340000,145000,1,2,0,1199.0,75.0
2019,811000,43000,1,2,0,1396.0,88.76
2016,409999,120000,1,2,0,1248.0,73.94
2007,220000,136000,2,2,1,1298.0,88.2
2013,170000,120000,1,2,1,1405.0,48.21
2018,700000,25000,2,2,0,1197.0,81.86
2015,503000,110000,1,2,0,2179.0,147.94
2013,225000,58343,2,2,0,998.0,67.05
2018,740000,38817,1,2,0,1248.0,74.0
2016,550000,56494,2,2,0,1199.0,88.7
2013,750000,79328,1,2,1,2494.0,100.6
2019,650000,5621,2,1,0,1197.0,81.8
2017,625000,25538,2,2,0,1496.0,88.73
2018,600000,69779,2,1,0,1197.0,81.8
2017,450000,56290,1,2,0,1186.0,73.97
2019,779000,7032,2,1,0,1199.0,88.76
2016,645000,11000,2,1,0,1598.0,103.5
2014,420000,120000,1,2,1,1248.0,74.0
2018,899000,35000,1,2,0,1248.0,88.5
2019,459999,35000,2,2,0,1198.0,67.0
2008,150000,120000,1,2,1,1493.0,110.0
2017,350000,25000,2,2,0,999.0,67.0
2015,509999,100000,1,2,1,1364.0,67.05
2013,500000,120000,1,2,2,2523.0,62.1
2017,370000,35000,2,2,0,1193.0,88.7
2013,240000,44000,2,2,1,998.0,67.1
2015,530000,100000,1,2,1,1396.0,88.73
2014,350000,64000,2,2,0,1197.0,78.9
2011,220000,70000,2,2,0,1197.0,80.0
2015,350000,100000,2,2,0,1197.0,82.0
2013,370000,90000,1,2,1,1248.0,74.0
2014,220000,50000,2,2,0,1298.0,85.8
2013,200000,80000,1,2,0,1248.0,76.9
2017,400000,50000,1,2,0,1198.0,77.0
2009,150000,55000,2,2,0,1368.0,88.7
2011,130000,70000,2,2,1,796.0,35.0
2013,185000,80000,2,2,1,796.0,47.3
2010,110000,80000,2,2,1,1086.0,62.1
2012,450000,120000,1,2,0,2523.0,62.1
2018,500000,20000,2,2,1,1197.0,81.86
2017,570000,31596,2,2,0,1497.0,121.36
2013,650000,85710,1,2,0,2179.0,140.0
2018,250000,10000,2,2,0,799.0,53.64
2014,320000,15000,2,2,0,1197.0,78.9
2017,440000,35000,2,1,0,998.0,67.0
2013,315000,49000,2,2,1,1197.0,82.85
2007,100000,70000,2,2,2,1458.625015808777,91.51791898382203
2010,202999,158000,1,2,0,1248.0,90.0
2012,179000,30000,2,2,1,814.0,55.2
2008,140000,60000,2,2,1,1197.0,78.9
2008,150000,40000,2,2,1,1061.0,64.0
2011,440000,60000,1,2,1,2523.0,63.0
2011,250000,55130,1,2,1,1399.0,68.0
2014,330000,22000,2,2,0,998.0,67.04
2010,250000,48000,2,2,0,1196.0,70.0
2012,335000,45000,2,2,0,1197.0,82.85
2016,1025000,22522,1,2,0,2179.0,140.0
2012,320000,51856,2,2,2,1197.0,80.0
2015,550000,29434,2,2,0,1373.0,91.1
2018,800000,25000,1,2,0,1498.0,98.6
2017,380000,28000,2,2,1,1199.0,84.0
2013,400000,44500,1,2,1,1461.0,83.8
2016,375000,34500,2,2,0,998.0,67.04
2017,1100000,20000,2,1,0,1497.0,117.6
2018,650000,15000,2,2,0,1197.0,81.83
2014,361000,26000,2,1,0,1198.0,76.0
2012,140000,20000,2,2,0,814.0,55.2
2019,550000,3000,2,2,0,1197.0,81.86
2019,670000,20000,2,2,0,1199.0,88.76
2017,880000,25000,1,2,0,1248.0,88.5
2018,950000,35000,1,2,0,1498.0,98.96
2010,300000,60000,1,2,0,1991.0,147.9
2015,450000,155000,1,1,0,1998.0,163.7
2018,375000,50000,3,2,0,1196.0,61.7
2016,600000,13500,2,2,0,1373.0,91.1
2018,600000,65000,1,2,0,1186.0,73.97
2014,630000,95000,1,2,1,2179.0,118.3
2016,590000,40000,2,2,1,1373.0,91.1
2019,420000,30000,2,2,0,1086.0,68.0
2013,541000,112011,1,2,0,2179.0,138.1
2015,900000,125000,1,2,0,2494.0,100.6
2015,900000,125000,1,2,0,2494.0,100.6
2009,250000,43000,1,2,0,1248.0,90.0
2019,670000,53534,1,2,0,2523.0,62.1
2019,530000,20000,2,2,0,1199.0,83.81
2012,150000,70000,1,2,1,936.0,57.6
2013,550000,70000,1,2,2,2179.0,140.0
2015,650000,150000,1,2,0,1997.0,120.0
2012,180000,100000,1,2,1,1405.0,70.0
2015,585000,50000,1,2,0,2498.0,105.0
2013,345000,120000,2,2,1,1197.0,82.85
2013,350000,110000,1,2,2,1248.0,74.0
2016,725000,140000,2,2,0,1497.0,117.3
2012,250000,120000,1,2,0,1405.0,70.0
2017,325000,16500,2,2,1,999.0,67.0
2016,350000,9900,2,2,0,998.0,67.05
2012,180000,80000,2,2,2,796.0,46.3
2010,150000,100000,2,2,1,1368.0,90.0
2020,700000,20000,2,2,0,1197.0,88.5
2016,795000,90000,1,2,0,1248.0,88.5
2019,950000,15000,1,2,0,2498.0,105.0
2018,885000,75000,1,1,0,1498.0,108.5
2011,160000,140000,1,2,0,1248.0,73.9
2012,300000,120000,1,2,1,1396.0,90.0
2018,950000,75000,1,1,0,1498.0,108.5
2015,549000,90000,1,2,0,1248.0,88.76
2012,570000,100000,1,2,1,1461.0,78.0
2017,800000,60000,1,2,1,2498.0,105.0
2009,375000,100000,1,2,0,1493.0,110.0
2009,300000,170000,1,2,2,2523.0,63.0
2013,350000,100000,2,2,1,1496.0,88.73
2011,400000,120000,1,2,1,2523.0,63.0
2015,434999,50000,1,2,0,1498.0,88.8
2012,200000,120000,2,2,1,1458.625015808777,91.51791898382203
2015,260000,25000,2,2,0,796.0,47.3
2013,450000,24019,1,2,0,1248.0,74.0
2013,459999,80000,1,2,1,1582.0,126.32
2011,210000,100000,1,2,1,1248.0,73.9
2015,540000,93000,2,2,1,1197.0,83.14
2017,710000,50000,1,2,0,1248.0,88.5
2018,285000,22000,2,2,0,796.0,47.3
2019,990000,19600,1,2,0,1396.0,88.7
2017,362000,104000,2,2,0,1193.0,64.1
2017,880000,33000,1,2,0,1498.0,98.96
2017,700000,60000,1,2,0,1493.0,100.0
2016,600000,60000,1,2,0,2523.0,63.0
2015,700000,40000,2,2,0,1598.0,102.5
2016,400000,60000,1,2,0,1047.0,69.0
2010,165000,80000,4,2,0,1495.0,93.7
2014,425000,80000,2,2,2,1373.0,93.7
2012,180000,70000,2,2,0,1086.0,62.1
2012,170000,90000,2,2,2,998.0,67.1
2014,370000,183000,1,2,0,2523.0,63.0
2018,800000,27000,1,2,0,1248.0,88.5
2017,900000,35000,1,2,0,1498.0,98.96
2013,390000,120000,1,2,0,1248.0,74.0
2014,445000,80000,1,2,1,1248.0,74.0
2014,459999,70000,1,2,2,1248.0,74.0
2013,275000,55000,4,2,0,998.0,61.7
2009,200000,120000,1,2,1,1248.0,73.9
2012,350000,72000,2,2,1,1197.0,85.8
2007,95000,120000,1,2,1,2092.0,127.0
2016,900000,100000,1,2,0,2499.0,72.4
2013,350000,120000,1,2,1,2956.0,83.83
2015,325000,50000,2,1,0,1198.0,76.0
2014,455999,32000,2,2,0,1197.0,82.0
2008,129000,60000,2,2,0,796.0,46.3
2017,254000,40000,2,2,0,796.0,47.3
2014,570000,48000,1,2,0,1498.0,98.96
2018,840000,30000,1,2,0,1461.0,83.14
2010,235000,100000,1,2,1,2179.0,138.1
2016,700000,50000,1,2,0,1493.0,100.0
2010,140000,40000,2,2,1,1458.625015808777,91.51791898382203
2018,528000,5000,2,2,0,1197.0,81.86
2016,560000,72000,1,2,0,2523.0,63.0
2016,600000,70000,1,2,0,2523.0,63.0
2007,102000,50000,2,2,1,1150.0,74.9
2014,750000,70000,1,2,1,2179.0,140.0
2010,148000,70000,2,2,2,1150.0,76.0
2015,650000,50000,2,2,0,1197.0,83.1
2012,310000,40000,2,2,0,1198.0,73.9
2014,480000,30000,2,2,0,1197.0,82.0
2018,320000,15000,2,2,0,796.0,47.3
2015,750000,40000,2,2,0,1497.0,117.3
2017,370000,40000,2,2,0,1198.0,67.04
2013,320000,60000,2,2,2,1197.0,85.8
2013,420000,67000,2,2,0,1197.0,85.8
2010,240000,60000,2,2,1,1298.0,85.8
2017,220000,60000,2,2,0,999.0,67.0
2016,350000,30000,2,2,0,1199.0,84.0
2018,675000,40000,1,2,0,1498.0,98.6
2016,434999,50000,2,2,1,1197.0,78.8
2016,400000,14000,2,2,1,1198.0,82.0
2015,425000,70000,1,2,0,2499.0,72.4
2010,311000,94000,1,2,1,1248.0,75.0
2015,530000,79000,1,2,1,1498.0,99.0
2008,210000,120000,1,2,1,1896.0,66.0
2019,977000,30000,1,2,0,1497.0,121.0
2018,440000,20000,2,2,0,998.0,67.04
2018,440000,17000,2,2,0,998.0,67.04
2018,655000,20000,2,2,0,1197.0,81.83
2016,295000,60000,2,2,0,799.0,53.3
2018,655000,20000,2,2,0,1197.0,81.83
2007,65000,70000,2,2,2,1086.0,66.6
2010,200000,60000,1,2,0,1396.0,69.0
2016,750000,40000,1,2,0,1396.0,88.73
2018,400000,60000,3,2,0,998.0,58.16
2017,475000,57000,2,2,0,1198.0,86.7
2012,110000,120000,1,2,1,1405.0,70.0
2017,350000,30000,2,2,0,999.0,67.0
2016,450000,175000,1,2,0,1248.0,74.0
2010,150000,90000,1,2,0,1405.0,70.0
2009,80000,110000,1,2,1,1396.0,53.5
2015,430000,35000,2,2,1,1197.0,81.83
2011,360000,100000,1,2,0,1991.0,147.9
2016,670000,60000,1,2,0,1498.0,98.6
2010,175000,83000,2,2,1,1458.625015808777,91.51791898382203
2015,440000,50000,1,2,0,1498.0,98.6
2012,254999,90000,1,2,0,1396.0,90.0
2018,530000,65000,2,2,0,1198.0,67.05
2016,890000,40000,1,2,1,1997.0,140.0
2013,280000,80000,1,2,1,1199.0,73.9
2017,725000,35000,2,1,0,1197.0,81.8
2016,700000,30000,1,2,0,1493.0,100.0
2007,90000,70000,2,2,0,998.0,67.1
2015,287000,100000,2,2,1,1086.0,68.05
2013,750000,80000,1,2,1,2494.0,100.6
2016,650000,40000,2,2,0,1396.0,105.5
2013,240000,108916,2,2,1,998.0,67.04
2013,290000,40000,2,2,1,814.0,55.2
2014,229999,80000,2,2,0,814.0,55.2
2016,1000000,50000,1,2,1,1498.0,98.6
2012,200000,90000,2,2,1,1086.0,62.1
2012,330000,90000,1,2,0,1396.0,90.0
2009,200000,70000,1,2,0,1248.0,73.9
2018,420000,31000,1,2,0,1198.0,77.0
2009,260000,120000,1,2,1,1248.0,73.9
2016,590000,40000,2,2,0,1197.0,81.83
2015,545000,180000,1,2,0,1248.0,74.0
2011,210000,90000,2,2,1,998.0,67.1
2008,185000,110000,2,2,1,1497.0,78.0
2006,125000,59000,2,2,1,998.0,67.1
2014,280000,60000,2,2,1,814.0,55.2
2009,100000,190000,1,2,0,1405.0,71.0
2013,250000,180000,1,2,0,1461.0,64.1
2007,160000,130000,1,2,1,1991.0,123.7
2013,509999,120000,1,1,1,1582.0,126.3
2009,95000,80000,1,2,1,1396.0,52.8
2014,525000,80000,1,2,1,1582.0,126.32
2017,278000,20000,2,2,0,999.0,67.0
2011,254999,120000,1,2,2,1199.0,73.9
2019,675000,10000,2,2,0,1197.0,81.8
2016,600000,147000,1,2,1,1248.0,74.0
2018,950000,51000,1,2,0,1248.0,88.5
2007,229999,60000,2,2,2,1497.0,78.0
2017,330000,20000,2,2,0,796.0,47.3
2017,350000,40000,2,2,0,998.0,67.05
2016,560000,35000,2,2,0,1199.0,74.0
2017,440000,30000,2,2,0,998.0,67.04
2011,220000,90000,2,2,1,998.0,66.1
2017,750000,110000,1,2,1,1248.0,74.02
2015,800000,140000,1,2,0,2179.0,140.0
2007,59259,104000,1,2,1,1396.0,53.5
2018,740000,9000,2,1,0,1197.0,83.1
2019,570000,19000,2,1,1,1197.0,81.8
2017,430000,20000,2,1,0,998.0,67.0
2016,800000,70000,1,2,0,1248.0,88.5
2015,450000,53000,1,2,0,1120.0,70.0
2013,420000,105000,1,2,1,1248.0,74.0
2015,750000,16000,1,2,0,2523.0,63.0
2019,780000,7200,2,2,0,998.0,100.5
2011,320000,77000,1,2,1,1199.0,73.9
2017,690000,40000,1,2,0,1198.0,77.0
2012,375000,70000,1,2,1,1248.0,73.9
2017,620000,50000,2,2,0,1196.0,86.8
2015,300000,85000,4,2,0,1086.0,62.1
2016,370000,58000,2,2,1,1196.0,73.0
2013,770000,85000,1,2,0,2498.0,105.0
2014,500000,65000,2,2,0,1197.0,81.86
2017,450000,120000,1,2,0,1198.0,77.0
2013,195000,50000,2,2,1,1086.0,62.1
2018,472000,30000,2,1,0,998.0,67.0
2014,250000,58000,2,2,1,998.0,67.05
2011,165000,70000,1,2,1,936.0,57.6
2018,525000,110000,1,2,1,1248.0,88.7
2013,325000,100000,1,2,0,1248.0,88.8
2017,660000,60000,1,2,1,1493.0,70.0
2014,310000,90000,1,2,1,1399.0,67.0
2014,330000,100000,1,2,1,1399.0,67.0
2012,250000,80000,1,2,1,1399.0,68.0
2017,650000,60000,1,1,0,1493.0,100.0
2016,305000,40000,2,2,0,998.0,67.05
2015,600000,50000,1,2,0,1248.0,88.5
2015,280000,110000,2,2,0,998.0,67.04
2011,153000,50000,1,2,1,1396.0,70.0
2018,700000,30000,1,2,0,1493.0,100.0
2017,325000,40000,2,2,0,799.0,53.3
2016,305000,40000,2,2,0,998.0,67.05
2006,155000,70000,2,2,1,796.0,37.0
2012,235000,80000,2,2,2,998.0,67.1
2016,500000,15000,2,2,0,1197.0,81.8
2009,155000,63000,2,2,2,1458.625015808777,91.51791898382203
2016,675000,88000,1,1,0,1498.0,103.52
2018,1051000,59865,1,2,0,2179.0,152.87
2016,591000,60000,1,2,0,1498.0,108.5
2015,585000,72000,1,2,0,1396.0,88.73
2017,1025000,68140,2,1,0,1497.0,117.6
2014,450000,53190,1,2,0,1248.0,74.0
2014,484999,70100,1,2,0,1396.0,88.73
2018,650000,47725,1,2,0,1498.0,98.6
2014,434999,70195,1,2,1,1248.0,74.02
2011,195000,77395,1,2,1,1399.0,68.0
2019,1000000,17000,1,2,0,1497.0,121.0
2013,650000,64000,1,1,0,1498.0,113.42
2014,190000,74321,1,2,0,936.0,56.3
2013,409999,80235,1,2,1,1248.0,74.02
2015,651000,69000,1,1,0,1498.0,108.6
2015,650000,57000,1,2,0,1248.0,88.5
2017,750000,89000,1,2,0,1498.0,103.6
2010,355000,116000,1,2,0,1896.0,66.0
2015,600000,80000,1,2,0,1582.0,126.32
2018,685000,26000,1,2,0,1248.0,74.0
2018,509999,100000,1,2,0,1248.0,74.0
2012,150000,82300,3,2,1,796.0,38.4
2017,650000,82050,1,2,0,1248.0,73.9
2012,400000,74500,1,2,0,1458.625015808777,91.51791898382203
2018,319000,30000,2,1,0,999.0,67.0
2019,640000,6000,2,2,0,1199.0,88.76
2017,650000,30000,2,2,0,1197.0,81.83
2015,650000,70000,1,2,0,1248.0,88.76
2010,155000,70000,3,2,1,796.0,38.4
2015,650000,70000,1,2,0,1248.0,88.76
2008,175000,120000,1,2,0,1248.0,75.0
2014,375000,76000,1,2,2,1120.0,70.0
2014,430000,80000,1,2,1,1120.0,70.0
2008,65000,110000,1,2,1,1396.0,53.5
2009,150000,70000,2,2,2,1495.0,94.0
2019,620000,13000,2,2,0,1197.0,81.86
2013,250000,60000,2,2,1,1596.0,99.6
2011,275000,165000,1,2,0,1248.0,73.9
2013,454000,120000,1,2,1,2499.0,72.4
2017,600000,30000,1,2,1,1493.0,100.0
2011,400000,100000,1,2,1,1598.0,103.6
2007,180000,187000,1,2,1,1461.0,65.0
2016,750000,70000,1,2,0,1248.0,88.5
2016,500000,40000,2,2,0,1197.0,81.8
2019,840000,1500,2,1,0,1199.0,88.7
2017,740000,24400,1,2,0,1248.0,74.0
2020,775000,2000,2,2,0,1197.0,81.86
2017,695000,34000,1,2,0,1461.0,83.8
2018,730000,31000,2,1,0,1197.0,81.86
2018,540000,7000,2,2,0,1086.0,68.0
2018,910000,20000,1,2,0,2596.0,80.8
2015,850000,59235,1,2,0,1582.0,126.2
2014,520000,48000,1,2,0,1498.0,98.6
2018,650000,114000,1,2,0,2489.0,93.7
2011,430000,120000,1,2,1,1248.0,73.9
2013,360000,144000,1,2,0,1396.0,88.8
2013,350000,144000,1,2,0,1396.0,88.8
2016,791000,190000,1,2,0,1248.0,88.5
2019,690000,20000,1,2,0,1248.0,74.0
2017,860000,40000,1,2,1,1582.0,126.2
2012,371000,100000,1,2,0,1248.0,73.9
2008,45000,60000,1,2,1,1405.0,68.0
2011,240000,110000,1,2,0,1598.0,103.6
2014,495000,77215,1,2,1,1248.0,74.0
2015,671000,48228,2,2,0,1199.0,88.7
2017,693000,58559,1,2,0,1248.0,74.0
2010,352000,72179,1,2,0,1458.625015808777,91.51791898382203
2016,802999,50856,1,2,0,1498.0,98.6
2017,890000,18300,2,2,0,1497.0,117.3
2015,495000,59292,1,2,0,1248.0,74.0
2018,545000,10000,2,1,0,998.0,67.04
2018,775000,21147,2,1,0,1197.0,83.1
2017,925000,69000,1,2,0,1498.0,97.9
2018,790000,16000,1,1,0,1248.0,74.0
2017,620000,37000,2,2,0,1197.0,81.8
2016,375000,61173,1,2,0,793.0,47.0
2016,595000,77321,1,2,0,1458.625015808777,91.51791898382203
2014,850000,75000,1,2,0,2179.0,140.0
2017,750000,51000,2,1,0,1197.0,81.8
2018,775000,17000,2,2,0,1197.0,81.8
2008,260000,100000,1,2,1,1248.0,75.0
2017,300000,10000,2,2,0,814.0,55.2
2017,380000,50000,2,2,0,998.0,67.04
2017,480000,60000,2,2,0,1197.0,81.86
2016,240000,35000,2,2,1,796.0,47.3
2014,500000,33400,2,2,0,1396.0,105.5
2015,420000,36000,2,2,0,1197.0,83.11
2011,130000,180000,1,2,1,1399.0,68.0
2012,110000,80000,2,2,0,998.0,67.1
2007,120000,120000,2,2,1,796.0,46.3
2017,700000,80000,1,1,0,1248.0,74.02
2018,550000,120000,1,2,0,1248.0,74.02
2014,190000,110000,1,2,1,1405.0,69.01
2018,665000,70000,1,2,0,1364.0,67.04
2014,445000,120000,1,2,1,2489.0,93.7
2012,340000,92686,1,2,1,1396.0,88.76
2009,330000,180000,1,2,0,1991.0,142.0
2012,270000,80000,1,2,0,1248.0,88.76
2009,279000,117000,1,2,0,1248.0,75.0
2018,620000,15000,2,2,0,1194.0,94.93
2007,250000,100000,1,2,1,1896.0,122.4
2012,475000,83000,2,1,0,1591.0,121.3
2016,750000,67600,1,1,0,1998.0,163.7
2014,250000,80000,2,2,1,814.0,55.2
2013,445000,100000,1,2,0,1498.0,98.6
2010,400000,100000,1,2,0,1896.0,105.0
2010,350000,90000,1,2,1,1396.0,90.0
2012,295000,140000,1,2,0,1598.0,103.5
2018,600000,25000,2,2,0,1197.0,81.8
2012,100000,30000,2,2,0,796.0,37.0
2018,690000,13000,2,2,0,1194.0,94.93
2018,710000,42000,2,2,0,1197.0,81.83
2018,350000,10000,2,2,1,998.0,68.05
2012,220000,13000,2,2,0,998.0,67.1
2019,700000,6500,2,2,0,999.0,72.0
2013,198000,49500,2,2,1,814.0,55.2
2011,350000,50000,1,2,0,1396.0,90.0
2011,210000,175000,1,2,1,1396.0,70.0
2011,210000,175000,1,2,1,1396.0,69.0
2014,375000,110000,1,2,2,1248.0,73.94
2012,380000,112048,2,2,1,1298.0,85.8
2010,360000,98000,2,2,2,1497.0,118.0
2016,620000,120000,1,2,0,2499.0,72.4
2018,780000,116000,1,2,0,1364.0,67.05
2020,445000,1000,2,2,0,1197.0,81.8
2018,575000,15000,2,1,0,1197.0,81.86
2018,975000,5000,1,2,0,1248.0,88.5
2019,450000,3500,2,2,0,1199.0,83.83
2009,198000,91000,2,2,1,1458.625015808777,91.51791898382203
2017,495000,56000,1,2,0,1498.0,99.0
2010,300000,70000,1,2,2,1458.625015808777,91.51791898382203
2013,300000,120000,1,2,1,1248.0,73.94
2017,480000,30400,2,2,0,1198.0,86.8
2017,950000,24000,1,2,0,1498.0,98.6
2017,840000,30646,2,2,0,1497.0,117.3
2017,800000,15000,1,2,0,1582.0,126.2
2017,750000,50000,1,2,0,1498.0,108.6
2017,254999,34000,2,2,0,814.0,55.2
2016,725000,54000,1,2,1,1248.0,88.5
2012,145000,120000,2,2,0,1199.0,79.4
2018,750000,15000,2,2,0,1198.0,108.5
2017,655000,50000,1,1,0,1498.0,108.495
2011,210000,84000,1,2,1,1399.0,68.0
2011,450000,50000,2,2,0,1497.0,118.0
2019,466000,25000,2,1,2,1086.0,68.0
2018,624000,14681,1,2,0,1458.625015808777,91.51791898382203
2015,580000,52000,1,2,0,1498.0,99.0
2019,430000,18500,2,2,0,1086.0,68.0
2012,155000,50000,1,2,0,1396.0,69.0
2017,240000,35000,2,2,0,999.0,67.0
2016,540000,15500,2,2,0,1496.0,88.73
2013,250000,120000,1,2,0,1396.0,69.0
2012,260000,60000,1,2,0,1396.0,69.0
2011,550000,80000,1,2,1,2179.0,120.0
2014,550000,43011,2,2,0,999.0,123.37
2015,600000,136000,1,2,0,1461.0,108.45
2017,550000,15000,1,2,0,1498.0,99.0
2011,370000,110000,1,2,1,2523.0,63.0
2008,250000,100000,2,2,1,1086.0,68.05
2010,200000,110000,1,2,0,1405.0,71.0
2017,675000,127991,1,2,0,1498.0,98.6
2010,290000,65000,2,2,0,1193.0,64.1
2018,889000,20000,1,2,0,1248.0,88.5
2016,400000,60000,2,2,0,1198.0,73.75
2018,390000,13120,2,2,0,799.0,53.3
2014,600000,125000,1,2,0,1582.0,126.32
2018,800000,25000,2,1,0,1197.0,81.86
2013,600000,120000,1,2,2,1248.0,88.8
2015,795000,35000,2,2,0,1591.0,121.3
2016,735000,25000,1,2,0,1396.0,88.73
2018,400000,25000,2,1,0,999.0,67.0
2015,600000,125000,1,2,0,1461.0,83.8
2014,395000,140000,1,2,0,2489.0,95.0
2016,720000,80000,1,2,0,1396.0,88.73
2011,450000,110000,2,2,2,1497.0,116.4
2018,700000,25000,2,2,0,1196.0,86.8
2020,500000,1000,2,2,0,1086.0,68.07
2007,125000,60000,2,2,1,796.0,37.0
2015,690000,80000,1,2,0,1461.0,83.8
2013,170000,110000,2,2,1,1193.0,65.3
2010,275000,110000,1,2,2,1248.0,91.7
2019,802999,24000,1,2,0,1248.0,74.02
2013,470000,150000,1,2,0,1248.0,74.0
2015,300000,60000,2,2,0,799.0,53.3
2014,600000,116000,1,2,0,1461.0,108.45
2013,275000,104300,1,2,0,1399.0,68.1
2018,700000,30000,1,2,0,1198.0,77.0
2020,800000,25000,1,2,0,1498.0,108.62
2007,245000,121000,1,2,1,1493.0,110.0
2010,310000,120000,1,2,1,1493.0,110.0
2007,245000,120000,1,2,1,1493.0,110.0
2011,450000,110000,2,2,0,1198.0,73.9
2013,850000,84000,1,1,1,1968.0,138.03
2013,409999,100000,1,2,2,1248.0,74.0
2016,590000,34000,1,2,1,1120.0,71.0
2008,175000,163000,1,2,2,1399.0,68.0
2011,300000,119000,1,2,1,1991.0,123.7
2019,1110000,10500,1,2,0,1498.0,97.9
2013,325000,155000,1,2,1,1598.0,103.6
2010,325000,163000,1,2,0,1399.0,68.0
2008,280000,75000,2,2,0,1497.0,78.0
2008,160000,56000,2,2,2,1458.625015808777,91.51791898382203
2016,765000,80000,1,2,0,1498.0,98.6
2014,640000,120000,1,2,1,1498.0,98.6
2007,65000,120000,1,2,2,1396.0,52.8
2007,195000,175000,1,2,1,1896.0,66.0
2017,295000,15000,2,2,0,796.0,47.3
2012,625000,100000,1,2,1,1248.0,74.0
2009,160000,80000,2,2,1,998.0,67.1
2015,330000,84000,2,2,1,998.0,67.04
2010,180000,50000,2,2,1,1196.0,70.0
2012,150000,35000,2,2,1,796.0,35.0
2011,300000,30000,2,2,0,1086.0,68.05
2018,730000,2388,2,2,0,1197.0,81.83
2017,650000,16200,1,2,0,1248.0,88.5
2019,330000,10000,3,2,1,796.0,40.3
2019,366000,15000,2,2,0,998.0,67.1
2016,150000,42000,2,2,0,1198.0,67.0
2013,187000,120000,2,2,1,1086.0,62.1
2011,425000,60000,1,2,1,2179.0,138.03
2012,150000,76000,2,2,0,796.0,37.0
2018,620000,15000,2,2,0,1194.0,94.93
2007,250000,100000,1,2,1,1896.0,122.4
2012,475000,83000,2,1,0,1591.0,121.3
2016,750000,67600,1,1,0,1998.0,163.7
2014,250000,80000,2,2,1,814.0,55.2
2013,445000,100000,1,2,0,1498.0,98.6
2010,400000,100000,1,2,0,1896.0,105.0
2010,350000,90000,1,2,1,1396.0,90.0
2012,295000,140000,1,2,0,1598.0,103.5
2018,600000,25000,2,2,0,1197.0,81.8
2012,100000,30000,2,2,0,796.0,37.0
2018,690000,13000,2,2,0,1194.0,94.93
2018,710000,42000,2,2,0,1197.0,81.83
2018,350000,10000,2,2,1,998.0,68.05
2012,220000,13000,2,2,0,998.0,67.1
2019,700000,6500,2,2,0,999.0,72.0
2013,198000,49500,2,2,1,814.0,55.2
2011,350000,50000,1,2,0,1396.0,90.0
2016,650000,35000,2,2,1,1197.0,83.1
2015,380000,120000,1,2,1,1461.0,65.0
2014,360000,50000,2,2,1,1193.0,88.7
2012,385000,116000,2,2,0,1598.0,103.5
2012,590000,110000,1,2,1,1582.0,126.32
2013,750000,70000,1,2,1,2179.0,140.0
2011,254999,100000,1,2,2,1248.0,75.0
2015,499000,20000,2,2,0,1197.0,81.86
2018,730000,60000,1,1,0,1248.0,74.02
2016,650000,30000,1,2,1,1498.0,98.6
2012,220000,75000,1,2,0,1461.0,63.12
2006,229999,110000,2,2,2,1458.625015808777,91.51791898382203
2006,215000,90000,2,2,2,1458.625015808777,91.51791898382203
2006,100000,110000,1,2,2,1405.0,62.0
2009,152000,48000,1,2,1,1405.0,71.0
2020,600000,5000,2,1,0,1197.0,81.8
2016,620000,120000,1,2,0,2499.0,72.4
2018,780000,116000,1,2,0,1364.0,67.05
2020,445000,1000,2,2,0,1197.0,81.8
2018,575000,15000,2,1,0,1197.0,81.86
2018,975000,5000,1,2,0,1248.0,88.5
2019,450000,3500,2,2,0,1199.0,83.83
2015,480000,80000,1,2,0,1498.0,99.0
2008,110000,48676,2,2,0,796.0,35.0
2006,105000,60000,2,2,2,1458.625015808777,91.51791898382203
2014,415000,72000,2,2,0,1197.0,81.83
2015,475000,51000,2,2,0,1197.0,81.8
2017,525000,29000,2,2,0,1197.0,81.8
2015,365000,28000,2,2,0,1197.0,81.8
2011,375000,97000,1,2,0,1248.0,74.0
2018,765000,59000,1,2,0,1248.0,74.02
2019,770000,27000,1,2,0,1248.0,74.02
2018,350000,30000,2,2,0,799.0,53.3
2015,875000,70000,1,2,0,1997.0,120.0
2014,780000,69000,1,2,0,2179.0,140.0
2018,990000,15000,1,2,0,1248.0,88.5
2019,800000,35700,1,2,0,1248.0,74.02
2012,350000,120000,1,2,2,1582.0,126.32
2013,325000,120000,1,2,0,1199.0,73.9
2013,360000,80000,1,2,0,1199.0,73.9
2010,148000,120000,2,2,0,998.0,67.1
2017,670000,36000,1,2,0,1248.0,74.0
2014,430999,120000,1,2,0,1364.0,67.04
2017,260000,9000,2,2,0,796.0,34.2
2012,70000,50000,2,2,1,624.0,37.48
2019,300000,35000,2,2,0,999.0,67.0
2011,150000,130000,1,2,1,2498.0,112.0
2010,260000,70000,1,2,0,1399.0,68.0
2012,320000,90000,1,2,2,1248.0,73.9
2018,700000,35000,2,2,0,1198.0,108.5
2012,415000,80000,2,2,0,1198.0,73.9
2008,260000,120000,1,2,1,1248.0,75.0
2011,70000,80000,2,2,0,624.0,35.0
2015,515000,30000,2,2,0,1197.0,78.9
2016,803999,60000,1,2,0,1582.0,126.2
2017,934000,101000,1,2,0,1498.0,98.59
2007,210000,110000,1,2,0,1399.0,68.0
2012,550000,74000,1,2,2,1998.0,163.7
2015,700000,22700,2,2,0,1199.0,88.7
2016,525000,45000,2,2,0,1197.0,82.0
2011,250000,36000,2,2,1,1196.0,73.0
2015,575000,57000,1,2,1,1248.0,74.0
2018,540000,33000,1,2,0,1047.0,69.0
2012,560000,59000,2,2,0,1373.0,93.7
2011,240000,80000,2,2,1,1196.0,70.0
2012,300000,70000,4,2,0,995.0,60.2
2018,280000,50000,2,2,0,799.0,53.64
2011,350000,118000,1,2,1,1248.0,73.9
2018,980000,20000,1,2,0,1497.0,108.5
2018,969999,21871,1,2,0,1497.0,108.5
2016,357000,120000,1,2,0,1198.0,77.0
2014,280000,100000,1,2,0,1405.0,70.0
2012,430000,50000,1,2,0,2523.0,62.1
2014,217000,50000,1,2,0,1458.625015808777,91.51791898382203
2015,250000,70000,2,2,0,796.0,47.3
2016,525000,80000,1,2,0,1248.0,73.74
2018,500000,25000,2,2,0,1199.0,84.0
2019,1000000,60000,1,2,0,2179.0,120.0
2017,316000,25000,2,2,0,796.0,47.3
2018,350000,50000,2,2,0,796.0,47.3
2018,950000,14000,1,2,0,1497.0,108.5
2013,475000,76000,1,2,0,2523.0,62.1
2016,600000,139000,1,2,0,1493.0,100.0
2014,430000,100000,2,2,0,1598.0,103.2
2013,395000,35000,2,1,1,1598.0,103.5
2008,150000,120000,1,2,0,1948.0,68.0
2013,700000,37659,1,2,0,1248.0,88.8
2012,250000,89000,1,2,1,1248.0,73.94
2013,680000,37500,1,2,1,1248.0,88.8
2018,500000,5000,2,1,0,1199.0,84.0
2013,420000,21000,2,2,0,1197.0,81.86
2017,290000,10000,2,2,1,998.0,67.05
2017,750000,30000,1,2,0,1248.0,74.02
2015,300000,19800,2,2,0,1196.0,73.0
2011,250000,90000,1,2,2,1248.0,73.9
2014,335000,33033,2,2,0,1198.0,86.8
2015,465000,63063,2,1,0,1197.0,82.0
2007,100000,70000,2,2,1,1061.0,67.0
2007,100000,80000,2,2,1,1061.0,64.0
2013,550000,120000,1,2,2,1248.0,88.76
2012,341000,120000,1,2,0,1248.0,73.9
2017,600000,50000,1,2,0,1186.0,73.97
2014,650000,167000,1,2,0,1498.0,98.6
2008,75527,80000,2,2,0,995.0,63.0
2014,215000,100000,1,2,1,1396.0,69.01
2017,650000,60000,1,2,0,1248.0,88.5
2017,900000,50000,1,2,0,1461.0,108.45
2014,500000,17000,2,2,0,1197.0,81.83
2017,550000,46000,2,2,0,1197.0,83.1
2015,475000,60000,1,2,0,1248.0,74.0
2015,425000,60000,1,2,0,1120.0,71.0
2012,476999,90000,1,2,2,1364.0,87.2
2011,150000,40000,2,2,1,995.0,62.0
2011,225000,90000,2,2,0,796.0,46.3
2010,190000,80000,2,2,0,796.0,46.3
2011,400000,70000,1,2,1,2523.0,63.0
2018,900000,12000,1,2,0,2498.0,105.0
2016,550000,56494,2,2,0,1199.0,88.7
2013,750000,79328,1,2,1,2494.0,100.6
2019,779000,7032,2,1,0,1199.0,88.76
2017,969999,26500,1,2,0,2179.0,147.94
2019,740000,35000,1,2,0,1493.0,70.0
2018,400000,15000,2,2,0,1198.0,82.0
2018,430000,14000,2,2,0,998.0,67.04
2017,352000,68850,2,2,0,998.0,67.1
2016,252999,45775,2,2,0,1199.0,84.0
2012,80000,70000,2,2,1,995.0,62.1
2015,313000,68203,2,2,0,998.0,67.05
2014,380000,30000,2,2,1,1197.0,81.86
2018,350000,25000,2,2,0,799.0,53.3
2016,600000,90000,1,2,1,1461.0,83.8
2011,88000,97343,1,2,0,1248.0,90.0
2008,160000,70000,2,2,2,796.0,35.0
2008,125000,70000,2,2,2,1458.625015808777,91.51791898382203
2014,290000,31000,2,2,0,1197.0,78.9
2014,650000,70000,1,2,0,2179.0,120.0
2015,380000,20000,3,2,0,1196.0,61.7
2014,180000,62000,2,2,0,814.0,55.2
2008,75000,29000,2,2,0,796.0,37.0
2012,132000,82507,1,2,0,2179.0,138.03
2010,110000,60000,2,2,1,1199.0,79.4
2018,390000,10000,2,2,0,998.0,67.05
2015,550000,70000,2,2,0,1197.0,81.83
2008,70000,59400,2,2,2,796.0,37.0
2013,275000,20000,2,2,0,814.0,55.2
2009,250000,125876,2,2,1,1586.0,104.68
2011,250000,90000,1,2,1,2179.0,118.35
2014,325000,65204,2,1,0,998.0,67.04
2018,655000,15732,2,1,0,1197.0,81.8
2019,890000,13000,1,2,0,2523.0,63.0
2018,525000,33000,2,2,0,1197.0,81.8
2014,300000,100000,2,2,0,1086.0,68.05
2018,925000,28900,2,2,0,1497.0,117.3
2017,675000,49523,2,2,0,1497.0,118.0
2018,745000,48000,1,2,0,1248.0,88.5
2018,835000,17000,1,2,0,1248.0,88.5
2019,695000,36800,1,2,0,1498.0,88.0
2018,725000,36521,1,2,0,1248.0,88.5
2017,620000,90000,2,2,0,1197.0,81.8
2014,335000,71000,1,2,0,1461.0,84.8
2011,475000,108000,1,2,0,2179.0,140.0
2015,484999,75000,1,2,0,1461.0,83.8
2015,610000,33000,2,2,0,1373.0,91.1
2019,300000,35000,2,2,0,999.0,67.0
2018,650000,22000,2,2,1,1462.0,103.25
2015,850000,108000,1,2,0,1582.0,126.2
2012,267000,40000,2,2,0,1197.0,78.9
2013,215000,47000,2,2,1,814.0,55.2
2017,282000,15000,2,2,0,796.0,47.3
2012,610000,90000,1,2,0,2494.0,102.0
2018,900000,35000,1,2,0,2498.0,105.0
2015,800000,70000,1,2,0,1997.0,120.0
2013,380000,110000,1,2,1,1396.0,88.76
2012,450000,120000,1,2,1,2179.0,120.0
2011,242000,120000,1,2,0,1248.0,88.8
2017,350000,35000,2,2,1,799.0,53.3
2018,400000,22000,2,2,0,1199.0,84.0
2017,400000,70000,2,2,0,998.0,67.04
2013,246000,56000,1,2,0,1248.0,74.0
2014,221000,65000,1,2,0,1405.0,69.01
2013,700000,62000,1,2,0,2499.0,141.0
2017,550000,49000,1,2,0,1186.0,73.97
2015,550000,50000,1,2,1,1248.0,88.5
2013,375000,65000,1,2,0,1248.0,74.0
2015,391000,55000,1,2,0,1120.0,71.0
2014,525000,78000,1,2,1,2179.0,147.9
2007,212000,58000,1,2,1,1493.0,110.0
2011,221000,56000,1,2,1,936.0,57.6
2010,265000,61000,1,2,1,1248.0,91.7
2013,399000,61000,1,2,1,1461.0,84.8
2008,175000,61000,1,2,1,1493.0,110.0
2011,411000,64481,1,2,1,1598.0,103.5
2011,365000,65000,1,2,1,1598.0,103.6
2015,499000,61000,1,2,1,1461.0,84.8
2009,145000,30000,2,2,0,995.0,62.0
2016,280000,100000,2,2,0,998.0,68.05
2011,450000,95000,1,1,1,2179.0,120.0
2006,150000,140000,2,2,2,1497.0,78.0
2017,600000,70000,2,2,0,1497.0,117.3
2016,275000,60000,2,2,0,799.0,53.3
2010,110000,88000,1,2,0,1248.0,90.0
2013,275000,80000,2,2,2,1498.0,97.7
2014,455000,40000,1,2,0,1248.0,74.0
2015,900000,50000,1,2,0,1582.0,126.2
2014,455000,40000,1,2,0,1248.0,74.0
2017,650000,47000,1,2,1,1498.0,98.6
2018,551000,20000,2,2,1,1197.0,81.86
2017,650000,49060,1,2,0,1498.0,108.495
2015,600000,60000,2,2,0,1197.0,81.83
2013,235000,18000,2,2,0,796.0,47.3
2018,800000,37161,1,2,0,1498.0,89.84
2016,1050000,80000,1,2,0,1582.0,126.2
2012,45000,28000,2,2,1,624.0,37.5
2013,450000,100000,2,1,1,1591.0,121.3
2014,391000,120000,1,2,1,1498.0,88.8
2013,380000,70000,1,2,1,1248.0,73.8
2010,170000,90000,2,2,1,1061.0,67.0
2011,250000,90000,1,2,1,2179.0,118.35
2014,700000,24000,1,2,0,2498.0,105.0
2016,450000,100000,1,2,1,1498.0,98.6
2018,650000,6000,2,2,0,1198.0,82.0
2019,600000,10000,2,1,0,1197.0,81.8
2019,290000,21000,2,2,0,799.0,53.3
2013,215000,25000,2,2,0,998.0,67.1
2016,250000,22000,2,2,0,799.0,53.3
2017,750000,50000,1,2,0,1248.0,88.5
2016,250000,20000,2,2,1,998.0,67.05
2017,950000,15000,2,1,0,1497.0,117.3
2018,793000,30000,1,2,0,1498.0,99.0
2015,750000,74000,1,2,0,1582.0,126.2
2017,725000,6550,2,1,0,1199.0,88.7
2016,480000,30000,1,2,0,1120.0,70.0
2015,503000,110000,1,2,0,2179.0,147.94
2013,225000,58343,2,2,0,998.0,67.05
2018,740000,38817,1,2,0,1248.0,74.0
2016,550000,56494,2,2,0,1199.0,88.7
2013,750000,79328,1,2,1,2494.0,100.6
2019,650000,5621,2,1,0,1197.0,81.8
2017,625000,25538,2,2,0,1496.0,88.73
2018,600000,69779,2,1,0,1197.0,81.8
2017,450000,56290,1,2,0,1186.0,73.97
2019,779000,7032,2,1,0,1199.0,88.76
2016,645000,11000,2,1,0,1598.0,103.5
2017,990000,20000,2,1,0,1591.0,121.3
2012,370000,68000,1,2,0,1248.0,74.0
2014,300000,60175,2,2,0,1199.0,82.5
2012,250000,25000,2,2,0,814.0,55.2
2017,700000,49957,1,2,0,1498.0,99.0
2017,600000,43235,1,2,0,1498.0,99.0
2018,925000,50699,1,2,0,1498.0,98.59
2016,700000,111000,1,2,1,1396.0,88.73
2018,700000,48000,2,2,1,998.0,100.5
2007,185000,90000,1,2,2,1248.0,75.0
2015,434999,80000,1,2,0,2956.0,83.83
2017,400000,100000,2,2,0,1196.0,86.8
2011,180000,90000,1,2,2,1399.0,68.0
2015,600000,50000,1,2,0,1248.0,74.0
2014,320000,90000,1,2,2,1364.0,67.06
2011,250000,140000,2,1,1,1598.0,103.6
2019,650000,20000,2,2,0,1199.0,83.81
2009,340000,82000,2,2,1,1798.0,138.0
2008,200000,80000,1,2,2,1995.0,52.0
2017,869999,40000,1,2,0,1248.0,88.5
2017,795000,120000,1,2,0,1248.0,88.5
2017,869999,60000,1,2,0,1248.0,88.5
2010,200000,70000,1,2,1,1248.0,73.9
2017,800000,45500,1,2,1,1582.0,126.2
2008,114999,100000,2,2,1,796.0,46.3
2013,500000,92000,1,2,2,1248.0,88.76
2014,700000,141000,1,2,2,1248.0,74.0
2016,200000,35000,2,2,0,799.0,53.64
2015,450000,50000,2,2,0,1198.0,86.7
2018,850000,9500,1,2,0,1497.0,108.5
2019,359000,5500,2,2,0,1196.0,73.0
2017,320000,28000,2,2,0,799.0,53.3
2009,110000,113000,2,2,0,1193.0,65.3
2011,209000,1,3,2,2,1196.0,73.0
2010,169000,100000,2,2,1,1368.0,90.0
2014,400000,50074,1,2,0,1120.0,70.0
2014,600000,100000,1,2,2,1396.0,88.73
2017,350000,35000,2,2,0,1196.0,73.0
2018,990000,60000,1,2,0,1498.0,98.96
2017,745000,10000,2,1,0,1197.0,83.1
2015,500000,35000,1,2,0,1248.0,74.0
2019,540000,5000,2,1,0,1197.0,81.8
2017,600000,27000,1,2,0,1248.0,74.0
2018,690000,25000,2,2,0,1194.0,94.68
2016,630000,30154,1,2,0,1248.0,74.0
2018,640000,20000,2,2,0,1197.0,81.86
2016,500000,100000,2,2,0,1197.0,81.8
2017,310000,54000,2,2,0,796.0,47.3
2015,600000,80000,1,2,0,1493.0,100.0
2018,620000,70000,1,2,0,1186.0,73.97
2018,760000,50000,1,2,0,1248.0,74.0
2018,1200000,40000,1,2,0,1582.0,126.2
2018,760000,50000,1,2,0,1248.0,74.0
2012,300000,45000,2,2,0,1197.0,78.9
2019,500000,5000,2,2,0,1199.0,84.0
2012,120000,70000,2,2,2,1199.0,79.4
2017,350000,26263,2,2,0,814.0,55.2
2016,350000,100000,2,2,1,1198.0,82.0
2018,1050000,18000,1,2,0,1461.0,108.45
2013,550000,80000,1,2,0,1493.0,113.42
2016,675000,108000,1,2,0,1248.0,88.5
2017,625000,25000,2,2,0,1197.0,81.8
2019,475000,5000,2,1,0,998.0,67.0
2014,550000,105000,1,2,0,1498.0,98.96
2012,320000,40000,2,2,0,1197.0,85.8
2014,530000,90000,1,2,0,1248.0,74.0
2018,300000,30000,2,2,0,796.0,47.3
2018,1180000,5500,2,2,0,1497.0,117.6
2012,190000,65000,2,2,0,814.0,55.2
2014,730000,60000,1,2,0,1582.0,126.32
2015,530000,120000,1,2,0,1248.0,74.0
2019,530000,9500,2,2,0,1196.0,86.8
2019,1025000,32000,1,2,0,1248.0,88.5
2009,130000,60000,2,2,0,796.0,46.3
2017,735000,70000,1,2,0,1493.0,100.0
2007,120000,120000,2,2,1,1086.0,63.0
2018,1050000,18000,1,2,0,1461.0,108.45
2013,550000,80000,1,2,0,1493.0,113.42
2016,675000,108000,1,2,0,1248.0,88.5
2017,625000,25000,2,2,0,1197.0,81.8
2019,475000,5000,2,1,0,998.0,67.0
2014,550000,105000,1,2,0,1498.0,98.96
2012,320000,40000,2,2,0,1197.0,85.8
2014,530000,90000,1,2,0,1248.0,74.0
2018,300000,30000,2,2,0,796.0,47.3
2018,1180000,5500,2,2,0,1497.0,117.6
2012,190000,65000,2,2,0,814.0,55.2
2014,730000,60000,1,2,0,1582.0,126.32
2015,530000,120000,1,2,0,1248.0,74.0
2019,530000,9500,2,2,0,1196.0,86.8
2019,1025000,32000,1,2,0,1248.0,88.5
2017,470000,50000,2,2,0,1197.0,82.0
2014,250000,50000,1,2,1,1396.0,69.01
2013,430000,90000,2,2,0,1373.0,93.7
2012,550000,93000,1,2,0,1248.0,88.76
2015,500000,117000,2,2,0,1197.0,83.14
2008,240000,90000,2,2,1,1497.0,78.0
2008,170000,80000,2,2,2,1298.0,88.2
2016,252000,30000,2,2,0,796.0,47.3
2017,270000,35000,2,2,0,796.0,47.3
2015,350000,46357,2,2,1,998.0,67.04
2011,240000,80000,2,2,1,1388.0,68.0
2016,620000,7000,1,2,0,1461.0,83.8
2016,650000,85000,1,2,0,1499.0,98.96
2018,950000,70000,1,2,0,1582.0,126.2
2017,660000,56000,1,2,0,1248.0,74.0
2012,360000,90000,1,2,1,1396.0,88.76
2017,382000,40000,2,2,0,998.0,67.1
2006,145000,80000,2,2,1,1458.625015808777,91.51791898382203
2011,270000,60000,2,2,1,1086.0,68.05
2015,650000,70000,1,2,0,1396.0,88.73
2011,200000,170000,1,2,1,1399.0,68.0
2015,400000,95000,1,2,0,793.0,47.0
2012,416000,90000,1,2,1,1248.0,74.0
2018,750000,35000,1,2,0,1248.0,74.0
2013,190000,120000,1,2,1,1248.0,74.0
2008,60000,120000,1,2,2,1396.0,52.8
2013,300000,90000,2,2,1,998.0,67.1
2007,65000,120000,1,2,2,1396.0,53.5
2012,270000,108000,1,2,1,1399.0,67.0
2014,600000,70000,1,2,0,2523.0,62.1
2012,195000,35000,2,2,1,814.0,55.2
2008,100000,120000,1,2,0,1396.0,69.0
2012,220000,67000,2,2,1,1197.0,78.9
2016,320000,46737,2,2,0,796.0,47.3
2014,240000,30000,2,2,0,1199.0,76.8
2011,130000,70000,2,2,1,1172.0,65.0
2015,600000,160000,1,2,0,1461.0,108.45
2018,310000,20000,2,2,0,796.0,47.3
2018,432000,30000,2,2,0,998.0,67.04
2012,175000,90000,1,2,2,1405.0,70.0
2016,770000,100000,1,2,1,1248.0,88.5
2011,135000,110048,2,2,2,998.0,67.1
2018,680000,26000,1,2,0,1186.0,73.97
2007,90000,110000,2,2,2,1061.0,67.0
2007,100000,60000,2,2,2,1150.0,76.0
2006,120000,70000,2,2,2,796.0,46.3
2017,750000,20171,1,1,0,1461.0,108.5
2017,525000,37151,1,2,0,1498.0,98.6
2015,649000,39000,2,2,0,1497.0,117.3
2010,210000,44500,2,2,0,1198.0,74.0
2016,526000,15000,2,2,0,1199.0,88.7
2016,599000,39000,2,2,0,1496.0,120.69
2015,500000,58161,2,2,0,1497.0,117.3
2011,325000,40000,2,2,0,1497.0,117.6
2016,575000,55161,2,2,0,1497.0,117.3
2012,245000,30000,2,2,0,1198.0,86.8
2016,625000,55000,2,2,0,1497.0,117.3
2013,580000,50000,2,1,0,2354.0,177.6
2018,1175000,14000,2,2,0,1591.0,121.3
2015,575000,9599,2,2,0,1497.0,117.3
2017,600000,35000,2,2,0,1197.0,80.0
2016,750000,16151,2,2,0,1497.0,117.3
2016,890000,40000,2,1,0,1591.0,121.3
2015,600000,28161,2,2,0,1497.0,117.3
2010,114999,60000,2,2,1,995.0,62.0
2010,140000,60000,2,2,1,995.0,62.0
2011,360000,100000,1,2,2,2179.0,115.0
2017,580000,165000,1,2,0,1458.625015808777,91.51791898382203
2017,500000,130000,2,2,1,1197.0,85.8
2015,409999,60000,1,2,0,1498.0,98.6
2014,450000,82000,1,2,1,1461.0,83.8
2014,400000,20000,2,2,0,1197.0,82.0
2013,295000,60000,2,2,2,1586.0,103.2
2014,560000,90000,1,2,1,1248.0,88.5
2006,150000,50000,2,2,2,1061.0,64.0
2011,114999,100000,2,2,1,995.0,62.0
2007,90177,129000,1,2,2,1405.0,70.0
2010,300000,100000,1,2,0,2179.0,138.1
2007,125000,110000,1,2,2,1399.0,68.0
2008,300000,100000,1,2,1,1991.0,147.9
2017,450000,20000,2,2,0,1197.0,81.86
2011,300000,40000,1,2,0,1991.0,147.9
2018,470000,30000,2,1,0,998.0,67.04
2015,330000,25000,2,2,0,1193.0,88.7
2018,390000,25000,2,2,1,998.0,67.04
2011,46000,25000,2,2,1,624.0,35.0
2013,509999,170000,1,2,0,1461.0,83.8
2010,125000,40000,2,2,1,1368.0,90.0
2017,780000,28000,1,2,0,1396.0,88.73
2011,450000,100000,1,2,0,1582.0,126.3
2012,200000,80868,2,2,2,1368.0,88.8
2012,260000,194000,1,2,0,1399.0,68.0
2009,250000,151000,1,2,1,1248.0,75.0
2018,880000,65000,1,2,0,1498.0,98.96
2009,307000,100000,1,2,1,1248.0,75.0
2013,750000,120000,1,2,0,2179.0,140.0
2018,800000,85000,1,2,1,1497.0,108.5
2012,450000,70000,1,2,0,1248.0,75.0
2011,450000,128000,1,2,1,1582.0,126.32
2006,130000,100000,2,2,1,1458.625015808777,91.51791898382203
2006,160000,70000,2,2,1,1497.0,100.0
2012,450000,128000,1,2,1,1582.0,126.32
2013,325000,100000,1,2,2,1461.0,83.8
2018,750000,24000,1,2,0,1498.0,98.63
2017,425000,12000,2,2,0,998.0,67.04
2014,425000,50000,1,2,0,1364.0,67.06
2018,746000,24000,1,2,0,1498.0,98.63
2010,425000,129000,1,2,0,2494.0,102.0
2011,200000,73000,2,2,0,796.0,46.3
2017,340000,45000,2,2,0,998.0,67.1
2015,625000,50000,1,2,0,1248.0,74.0
2013,380000,25000,2,2,0,1197.0,82.85
2017,360000,80000,2,2,0,998.0,67.04
2008,120000,191000,2,2,0,1086.0,62.1
2013,260000,50000,2,2,1,998.0,67.1
2014,475000,80000,1,2,1,1396.0,88.73
2013,320000,110000,2,2,0,1197.0,82.85
2007,135000,119000,1,2,2,1493.0,110.0
2009,382000,120000,1,2,0,1248.0,73.9
2013,290000,25000,1,2,0,1396.0,70.0
2013,290000,25000,1,2,0,1396.0,70.0
